2025-04-04 23:40:11,079 - BorderSurveillance - ERROR - Failed to connect to MQTT broker: [Errno 61] Connection refused
2025-04-04 23:40:11,483 - BorderSurveillance - INFO - Surveillance system started (PID: 5175)
2025-04-04 23:40:11,485 - BorderSurveillance - INFO - Dashboard API started at http://0.0.0.0:8000 (PID: 5176)
2025-04-04 23:40:13,087 - BorderSurveillance - ERROR - Failed to connect to MQTT broker: [Errno 61] Connection refused
2025-04-04 23:40:13,087 - BorderSurveillance - ERROR - Failed to connect to MQTT broker: [Errno 61] Connection refused
2025-04-04 23:40:13,220 - BorderSurveillance - ERROR - Failed to initialize MQTT client: [Errno 61] Connection refused
2025-04-04 23:40:13,357 - BorderSurveillance - ERROR - Error in surveillance system: Failed to open video source: 0
2025-04-04 23:56:29,315 - BorderSurveillance - INFO - Shutdown signal received, terminating processes...
2025-04-05 00:11:22,807 - BorderSurveillance - INFO - Surveillance system started (PID: 5980)
2025-04-05 00:11:26,005 - BorderSurveillance - INFO - Model not found at /Users/ayushagarwal/Desktop/Border-Surveillance-System/models/yolov8n.pt, downloading YOLOv8n...
2025-04-05 00:11:45,394 - BorderSurveillance - INFO - Using device: cpu
2025-04-05 00:11:45,396 - BorderSurveillance - INFO - Surveillance system initialized successfully
2025-04-05 00:11:45,396 - BorderSurveillance - INFO - Surveillance system initialized successfully
2025-04-05 00:11:45,396 - BorderSurveillance - INFO - Starting surveillance system
2025-04-05 00:11:45,396 - BorderSurveillance - INFO - Starting surveillance system
2025-04-05 00:12:08,779 - BorderSurveillance - INFO - Saved alert snapshot to /Users/ayushagarwal/Desktop/Border-Surveillance-System/output/snapshots/crawling_20250405-001208.jpg
2025-04-05 00:12:08,779 - BorderSurveillance - INFO - Saved alert snapshot to /Users/ayushagarwal/Desktop/Border-Surveillance-System/output/snapshots/crawling_20250405-001208.jpg
2025-04-05 00:12:08,779 - BorderSurveillance - WARNING - ALERT: crawling - Person crawling detected
2025-04-05 00:12:08,779 - BorderSurveillance - WARNING - ALERT: crawling - Person crawling detected
2025-04-05 00:12:08,971 - BorderSurveillance - WARNING - ALERT: crawling - Person crawling detected
2025-04-05 00:12:08,971 - BorderSurveillance - WARNING - ALERT: crawling - Person crawling detected
2025-04-05 00:12:09,075 - BorderSurveillance - WARNING - ALERT: crawling - Person crawling detected
2025-04-05 00:12:09,075 - BorderSurveillance - WARNING - ALERT: crawling - Person crawling detected
2025-04-05 00:12:11,476 - BorderSurveillance - INFO - Saved alert snapshot to /Users/ayushagarwal/Desktop/Border-Surveillance-System/output/snapshots/crawling_20250405-001211.jpg
2025-04-05 00:12:11,476 - BorderSurveillance - INFO - Saved alert snapshot to /Users/ayushagarwal/Desktop/Border-Surveillance-System/output/snapshots/crawling_20250405-001211.jpg
2025-04-05 00:12:11,476 - BorderSurveillance - WARNING - ALERT: crawling - Person crawling detected
2025-04-05 00:12:11,476 - BorderSurveillance - WARNING - ALERT: crawling - Person crawling detected
2025-04-05 00:12:14,378 - BorderSurveillance - INFO - Saved alert snapshot to /Users/ayushagarwal/Desktop/Border-Surveillance-System/output/snapshots/crawling_20250405-001214.jpg
2025-04-05 00:12:14,378 - BorderSurveillance - INFO - Saved alert snapshot to /Users/ayushagarwal/Desktop/Border-Surveillance-System/output/snapshots/crawling_20250405-001214.jpg
2025-04-05 00:12:14,378 - BorderSurveillance - WARNING - ALERT: crawling - Person crawling detected
2025-04-05 00:12:14,378 - BorderSurveillance - WARNING - ALERT: crawling - Person crawling detected
2025-04-05 00:12:14,475 - BorderSurveillance - WARNING - ALERT: crawling - Person crawling detected
2025-04-05 00:12:14,475 - BorderSurveillance - WARNING - ALERT: crawling - Person crawling detected
2025-04-05 00:12:14,574 - BorderSurveillance - WARNING - ALERT: crawling - Person crawling detected
2025-04-05 00:12:14,574 - BorderSurveillance - WARNING - ALERT: crawling - Person crawling detected
2025-04-05 00:12:14,683 - BorderSurveillance - WARNING - ALERT: crawling - Person crawling detected
2025-04-05 00:12:14,683 - BorderSurveillance - WARNING - ALERT: crawling - Person crawling detected
2025-04-05 00:12:14,768 - BorderSurveillance - WARNING - ALERT: crawling - Person crawling detected
2025-04-05 00:12:14,768 - BorderSurveillance - WARNING - ALERT: crawling - Person crawling detected
2025-04-05 00:12:14,873 - BorderSurveillance - WARNING - ALERT: crawling - Person crawling detected
2025-04-05 00:12:14,873 - BorderSurveillance - WARNING - ALERT: crawling - Person crawling detected
2025-04-05 00:12:15,083 - BorderSurveillance - WARNING - ALERT: crawling - Person crawling detected
2025-04-05 00:12:15,083 - BorderSurveillance - WARNING - ALERT: crawling - Person crawling detected
2025-04-05 00:12:15,175 - BorderSurveillance - WARNING - ALERT: crawling - Person crawling detected
2025-04-05 00:12:15,175 - BorderSurveillance - WARNING - ALERT: crawling - Person crawling detected
2025-04-05 00:12:15,283 - BorderSurveillance - WARNING - ALERT: crawling - Person crawling detected
2025-04-05 00:12:15,283 - BorderSurveillance - WARNING - ALERT: crawling - Person crawling detected
2025-04-05 00:12:18,985 - BorderSurveillance - INFO - Saved alert snapshot to /Users/ayushagarwal/Desktop/Border-Surveillance-System/output/snapshots/loitering_20250405-001218.jpg
2025-04-05 00:12:18,985 - BorderSurveillance - INFO - Saved alert snapshot to /Users/ayushagarwal/Desktop/Border-Surveillance-System/output/snapshots/loitering_20250405-001218.jpg
2025-04-05 00:12:18,986 - BorderSurveillance - WARNING - ALERT: loitering - Person loitering detected for 30 seconds
2025-04-05 00:12:18,986 - BorderSurveillance - WARNING - ALERT: loitering - Person loitering detected for 30 seconds
2025-04-05 00:12:18,986 - BorderSurveillance - WARNING - ALERT: loitering - Person loitering detected for 30 seconds
2025-04-05 00:12:18,986 - BorderSurveillance - WARNING - ALERT: loitering - Person loitering detected for 30 seconds
2025-04-05 00:12:18,986 - BorderSurveillance - WARNING - ALERT: loitering - Person loitering detected for 30 seconds
2025-04-05 00:12:18,986 - BorderSurveillance - WARNING - ALERT: loitering - Person loitering detected for 30 seconds
2025-04-05 00:12:25,689 - BorderSurveillance - INFO - Saved alert snapshot to /Users/ayushagarwal/Desktop/Border-Surveillance-System/output/snapshots/loitering_20250405-001225.jpg
2025-04-05 00:12:25,689 - BorderSurveillance - INFO - Saved alert snapshot to /Users/ayushagarwal/Desktop/Border-Surveillance-System/output/snapshots/loitering_20250405-001225.jpg
2025-04-05 00:12:25,689 - BorderSurveillance - WARNING - ALERT: loitering - Person loitering detected for 30 seconds
2025-04-05 00:12:25,689 - BorderSurveillance - WARNING - ALERT: loitering - Person loitering detected for 30 seconds
2025-04-05 00:12:31,789 - BorderSurveillance - INFO - Saved alert snapshot to /Users/ayushagarwal/Desktop/Border-Surveillance-System/output/snapshots/crawling_20250405-001231.jpg
2025-04-05 00:12:31,789 - BorderSurveillance - INFO - Saved alert snapshot to /Users/ayushagarwal/Desktop/Border-Surveillance-System/output/snapshots/crawling_20250405-001231.jpg
2025-04-05 00:12:31,790 - BorderSurveillance - WARNING - ALERT: crawling - Person crawling detected
2025-04-05 00:12:31,790 - BorderSurveillance - WARNING - ALERT: crawling - Person crawling detected
2025-04-05 00:12:31,878 - BorderSurveillance - WARNING - ALERT: crawling - Person crawling detected
2025-04-05 00:12:31,878 - BorderSurveillance - WARNING - ALERT: crawling - Person crawling detected
2025-04-05 00:12:31,991 - BorderSurveillance - WARNING - ALERT: crawling - Person crawling detected
2025-04-05 00:12:31,991 - BorderSurveillance - WARNING - ALERT: crawling - Person crawling detected
2025-04-05 00:12:32,085 - BorderSurveillance - WARNING - ALERT: crawling - Person crawling detected
2025-04-05 00:12:32,085 - BorderSurveillance - WARNING - ALERT: crawling - Person crawling detected
2025-04-05 00:12:32,187 - BorderSurveillance - WARNING - ALERT: crawling - Person crawling detected
2025-04-05 00:12:32,187 - BorderSurveillance - WARNING - ALERT: crawling - Person crawling detected
2025-04-05 00:12:32,287 - BorderSurveillance - WARNING - ALERT: crawling - Person crawling detected
2025-04-05 00:12:32,287 - BorderSurveillance - WARNING - ALERT: crawling - Person crawling detected
2025-04-05 00:12:32,387 - BorderSurveillance - WARNING - ALERT: crawling - Person crawling detected
2025-04-05 00:12:32,387 - BorderSurveillance - WARNING - ALERT: crawling - Person crawling detected
2025-04-05 00:12:32,487 - BorderSurveillance - WARNING - ALERT: crawling - Person crawling detected
2025-04-05 00:12:32,487 - BorderSurveillance - WARNING - ALERT: crawling - Person crawling detected
2025-04-05 00:12:32,587 - BorderSurveillance - WARNING - ALERT: crawling - Person crawling detected
2025-04-05 00:12:32,587 - BorderSurveillance - WARNING - ALERT: crawling - Person crawling detected
2025-04-05 00:12:32,688 - BorderSurveillance - WARNING - ALERT: crawling - Person crawling detected
2025-04-05 00:12:32,688 - BorderSurveillance - WARNING - ALERT: crawling - Person crawling detected
2025-04-05 00:12:32,787 - BorderSurveillance - WARNING - ALERT: crawling - Person crawling detected
2025-04-05 00:12:32,787 - BorderSurveillance - WARNING - ALERT: crawling - Person crawling detected
2025-04-05 00:12:32,889 - BorderSurveillance - INFO - Saved alert snapshot to /Users/ayushagarwal/Desktop/Border-Surveillance-System/output/snapshots/crawling_20250405-001232.jpg
2025-04-05 00:12:32,889 - BorderSurveillance - INFO - Saved alert snapshot to /Users/ayushagarwal/Desktop/Border-Surveillance-System/output/snapshots/crawling_20250405-001232.jpg
2025-04-05 00:12:32,890 - BorderSurveillance - WARNING - ALERT: crawling - Person crawling detected
2025-04-05 00:12:32,890 - BorderSurveillance - WARNING - ALERT: crawling - Person crawling detected
2025-04-05 00:12:32,982 - BorderSurveillance - WARNING - ALERT: crawling - Person crawling detected
2025-04-05 00:12:32,982 - BorderSurveillance - WARNING - ALERT: crawling - Person crawling detected
2025-04-05 00:12:48,201 - BorderSurveillance - INFO - Saved alert snapshot to /Users/ayushagarwal/Desktop/Border-Surveillance-System/output/snapshots/loitering_20250405-001248.jpg
2025-04-05 00:12:48,201 - BorderSurveillance - INFO - Saved alert snapshot to /Users/ayushagarwal/Desktop/Border-Surveillance-System/output/snapshots/loitering_20250405-001248.jpg
2025-04-05 00:12:48,201 - BorderSurveillance - WARNING - ALERT: loitering - Person loitering detected for 31 seconds
2025-04-05 00:12:48,201 - BorderSurveillance - WARNING - ALERT: loitering - Person loitering detected for 31 seconds
2025-04-05 00:12:57,603 - BorderSurveillance - INFO - Saved alert snapshot to /Users/ayushagarwal/Desktop/Border-Surveillance-System/output/snapshots/loitering_20250405-001257.jpg
2025-04-05 00:12:57,603 - BorderSurveillance - INFO - Saved alert snapshot to /Users/ayushagarwal/Desktop/Border-Surveillance-System/output/snapshots/loitering_20250405-001257.jpg
2025-04-05 00:12:57,604 - BorderSurveillance - WARNING - ALERT: loitering - Person loitering detected for 30 seconds
2025-04-05 00:12:57,604 - BorderSurveillance - WARNING - ALERT: loitering - Person loitering detected for 30 seconds
2025-04-05 00:12:58,100 - BorderSurveillance - WARNING - ALERT: crawling - Person crawling detected
2025-04-05 00:12:58,100 - BorderSurveillance - WARNING - ALERT: crawling - Person crawling detected
2025-04-05 00:12:59,603 - BorderSurveillance - INFO - Saved alert snapshot to /Users/ayushagarwal/Desktop/Border-Surveillance-System/output/snapshots/crawling_20250405-001259.jpg
2025-04-05 00:12:59,603 - BorderSurveillance - INFO - Saved alert snapshot to /Users/ayushagarwal/Desktop/Border-Surveillance-System/output/snapshots/crawling_20250405-001259.jpg
2025-04-05 00:12:59,603 - BorderSurveillance - WARNING - ALERT: crawling - Person crawling detected
2025-04-05 00:12:59,603 - BorderSurveillance - WARNING - ALERT: crawling - Person crawling detected
2025-04-05 00:13:00,553 - BorderSurveillance - WARNING - ALERT: crawling - Person crawling detected
2025-04-05 00:13:00,553 - BorderSurveillance - WARNING - ALERT: crawling - Person crawling detected
2025-04-05 00:13:02,199 - BorderSurveillance - INFO - Saved alert snapshot to /Users/ayushagarwal/Desktop/Border-Surveillance-System/output/snapshots/crawling_20250405-001302.jpg
2025-04-05 00:13:02,199 - BorderSurveillance - INFO - Saved alert snapshot to /Users/ayushagarwal/Desktop/Border-Surveillance-System/output/snapshots/crawling_20250405-001302.jpg
2025-04-05 00:13:02,199 - BorderSurveillance - WARNING - ALERT: crawling - Person crawling detected
2025-04-05 00:13:02,199 - BorderSurveillance - WARNING - ALERT: crawling - Person crawling detected
2025-04-05 00:13:02,369 - BorderSurveillance - WARNING - ALERT: crawling - Person crawling detected
2025-04-05 00:13:02,369 - BorderSurveillance - WARNING - ALERT: crawling - Person crawling detected
2025-04-05 00:13:02,461 - BorderSurveillance - WARNING - ALERT: crawling - Person crawling detected
2025-04-05 00:13:02,461 - BorderSurveillance - WARNING - ALERT: crawling - Person crawling detected
2025-04-05 00:13:02,541 - BorderSurveillance - WARNING - ALERT: crawling - Person crawling detected
2025-04-05 00:13:02,541 - BorderSurveillance - WARNING - ALERT: crawling - Person crawling detected
2025-04-05 00:13:02,655 - BorderSurveillance - WARNING - ALERT: crawling - Person crawling detected
2025-04-05 00:13:02,655 - BorderSurveillance - WARNING - ALERT: crawling - Person crawling detected
2025-04-05 00:13:02,759 - BorderSurveillance - WARNING - ALERT: crawling - Person crawling detected
2025-04-05 00:13:02,759 - BorderSurveillance - WARNING - ALERT: crawling - Person crawling detected
2025-04-05 00:13:02,849 - BorderSurveillance - WARNING - ALERT: crawling - Person crawling detected
2025-04-05 00:13:02,849 - BorderSurveillance - WARNING - ALERT: crawling - Person crawling detected
2025-04-05 00:13:03,022 - BorderSurveillance - WARNING - ALERT: crawling - Person crawling detected
2025-04-05 00:13:03,022 - BorderSurveillance - WARNING - ALERT: crawling - Person crawling detected
2025-04-05 00:13:03,100 - BorderSurveillance - WARNING - ALERT: crawling - Person crawling detected
2025-04-05 00:13:03,100 - BorderSurveillance - WARNING - ALERT: crawling - Person crawling detected
2025-04-05 00:13:03,198 - BorderSurveillance - WARNING - ALERT: crawling - Person crawling detected
2025-04-05 00:13:03,198 - BorderSurveillance - WARNING - ALERT: crawling - Person crawling detected
2025-04-05 00:13:03,278 - BorderSurveillance - INFO - Saved alert snapshot to /Users/ayushagarwal/Desktop/Border-Surveillance-System/output/snapshots/crawling_20250405-001303.jpg
2025-04-05 00:13:03,278 - BorderSurveillance - INFO - Saved alert snapshot to /Users/ayushagarwal/Desktop/Border-Surveillance-System/output/snapshots/crawling_20250405-001303.jpg
2025-04-05 00:13:03,278 - BorderSurveillance - WARNING - ALERT: crawling - Person crawling detected
2025-04-05 00:13:03,278 - BorderSurveillance - WARNING - ALERT: crawling - Person crawling detected
2025-04-05 00:13:03,363 - BorderSurveillance - WARNING - ALERT: crawling - Person crawling detected
2025-04-05 00:13:03,363 - BorderSurveillance - WARNING - ALERT: crawling - Person crawling detected
2025-04-05 00:13:03,454 - BorderSurveillance - WARNING - ALERT: crawling - Person crawling detected
2025-04-05 00:13:03,454 - BorderSurveillance - WARNING - ALERT: crawling - Person crawling detected
2025-04-05 00:13:03,533 - BorderSurveillance - WARNING - ALERT: crawling - Person crawling detected
2025-04-05 00:13:03,533 - BorderSurveillance - WARNING - ALERT: crawling - Person crawling detected
2025-04-05 00:13:03,629 - BorderSurveillance - WARNING - ALERT: crawling - Person crawling detected
2025-04-05 00:13:03,629 - BorderSurveillance - WARNING - ALERT: crawling - Person crawling detected
2025-04-05 00:13:03,709 - BorderSurveillance - WARNING - ALERT: crawling - Person crawling detected
2025-04-05 00:13:03,709 - BorderSurveillance - WARNING - ALERT: crawling - Person crawling detected
2025-04-05 00:13:03,801 - BorderSurveillance - WARNING - ALERT: crawling - Person crawling detected
2025-04-05 00:13:03,801 - BorderSurveillance - WARNING - ALERT: crawling - Person crawling detected
2025-04-05 00:13:03,883 - BorderSurveillance - WARNING - ALERT: crawling - Person crawling detected
2025-04-05 00:13:03,883 - BorderSurveillance - WARNING - ALERT: crawling - Person crawling detected
2025-04-05 00:13:03,966 - BorderSurveillance - WARNING - ALERT: crawling - Person crawling detected
2025-04-05 00:13:03,966 - BorderSurveillance - WARNING - ALERT: crawling - Person crawling detected
2025-04-05 00:13:04,062 - BorderSurveillance - WARNING - ALERT: crawling - Person crawling detected
2025-04-05 00:13:04,062 - BorderSurveillance - WARNING - ALERT: crawling - Person crawling detected
2025-04-05 00:13:04,234 - BorderSurveillance - WARNING - ALERT: crawling - Person crawling detected
2025-04-05 00:13:04,234 - BorderSurveillance - WARNING - ALERT: crawling - Person crawling detected
2025-04-05 00:13:04,318 - BorderSurveillance - INFO - Saved alert snapshot to /Users/ayushagarwal/Desktop/Border-Surveillance-System/output/snapshots/crawling_20250405-001304.jpg
2025-04-05 00:13:04,318 - BorderSurveillance - INFO - Saved alert snapshot to /Users/ayushagarwal/Desktop/Border-Surveillance-System/output/snapshots/crawling_20250405-001304.jpg
2025-04-05 00:13:04,318 - BorderSurveillance - WARNING - ALERT: crawling - Person crawling detected
2025-04-05 00:13:04,318 - BorderSurveillance - WARNING - ALERT: crawling - Person crawling detected
2025-04-05 00:13:04,398 - BorderSurveillance - WARNING - ALERT: crawling - Person crawling detected
2025-04-05 00:13:04,398 - BorderSurveillance - WARNING - ALERT: crawling - Person crawling detected
2025-04-05 00:13:04,488 - BorderSurveillance - WARNING - ALERT: crawling - Person crawling detected
2025-04-05 00:13:04,488 - BorderSurveillance - WARNING - ALERT: crawling - Person crawling detected
2025-04-05 00:13:04,580 - BorderSurveillance - WARNING - ALERT: crawling - Person crawling detected
2025-04-05 00:13:04,580 - BorderSurveillance - WARNING - ALERT: crawling - Person crawling detected
2025-04-05 00:13:04,659 - BorderSurveillance - WARNING - ALERT: crawling - Person crawling detected
2025-04-05 00:13:04,659 - BorderSurveillance - WARNING - ALERT: crawling - Person crawling detected
2025-04-05 00:13:04,754 - BorderSurveillance - WARNING - ALERT: crawling - Person crawling detected
2025-04-05 00:13:04,754 - BorderSurveillance - WARNING - ALERT: crawling - Person crawling detected
2025-04-05 00:13:04,829 - BorderSurveillance - WARNING - ALERT: crawling - Person crawling detected
2025-04-05 00:13:04,829 - BorderSurveillance - WARNING - ALERT: crawling - Person crawling detected
2025-04-05 00:13:04,922 - BorderSurveillance - WARNING - ALERT: crawling - Person crawling detected
2025-04-05 00:13:04,922 - BorderSurveillance - WARNING - ALERT: crawling - Person crawling detected
2025-04-05 00:13:05,015 - BorderSurveillance - WARNING - ALERT: crawling - Person crawling detected
2025-04-05 00:13:05,015 - BorderSurveillance - WARNING - ALERT: crawling - Person crawling detected
2025-04-05 00:13:05,092 - BorderSurveillance - WARNING - ALERT: crawling - Person crawling detected
2025-04-05 00:13:05,092 - BorderSurveillance - WARNING - ALERT: crawling - Person crawling detected
2025-04-05 00:13:05,184 - BorderSurveillance - WARNING - ALERT: crawling - Person crawling detected
2025-04-05 00:13:05,184 - BorderSurveillance - WARNING - ALERT: crawling - Person crawling detected
2025-04-05 00:13:05,263 - BorderSurveillance - WARNING - ALERT: crawling - Person crawling detected
2025-04-05 00:13:05,263 - BorderSurveillance - WARNING - ALERT: crawling - Person crawling detected
2025-04-05 00:13:05,365 - BorderSurveillance - INFO - Saved alert snapshot to /Users/ayushagarwal/Desktop/Border-Surveillance-System/output/snapshots/crawling_20250405-001305.jpg
2025-04-05 00:13:05,365 - BorderSurveillance - INFO - Saved alert snapshot to /Users/ayushagarwal/Desktop/Border-Surveillance-System/output/snapshots/crawling_20250405-001305.jpg
2025-04-05 00:13:05,365 - BorderSurveillance - WARNING - ALERT: crawling - Person crawling detected
2025-04-05 00:13:05,365 - BorderSurveillance - WARNING - ALERT: crawling - Person crawling detected
2025-04-05 00:13:05,627 - BorderSurveillance - WARNING - ALERT: crawling - Person crawling detected
2025-04-05 00:13:05,627 - BorderSurveillance - WARNING - ALERT: crawling - Person crawling detected
2025-04-05 00:13:05,751 - BorderSurveillance - WARNING - ALERT: crawling - Person crawling detected
2025-04-05 00:13:05,751 - BorderSurveillance - WARNING - ALERT: crawling - Person crawling detected
2025-04-05 00:13:05,883 - BorderSurveillance - WARNING - ALERT: crawling - Person crawling detected
2025-04-05 00:13:05,883 - BorderSurveillance - WARNING - ALERT: crawling - Person crawling detected
2025-04-05 00:13:06,011 - BorderSurveillance - WARNING - ALERT: crawling - Person crawling detected
2025-04-05 00:13:06,011 - BorderSurveillance - WARNING - ALERT: crawling - Person crawling detected
2025-04-05 00:13:06,143 - BorderSurveillance - WARNING - ALERT: crawling - Person crawling detected
2025-04-05 00:13:06,143 - BorderSurveillance - WARNING - ALERT: crawling - Person crawling detected
2025-04-05 00:13:06,271 - BorderSurveillance - WARNING - ALERT: crawling - Person crawling detected
2025-04-05 00:13:06,271 - BorderSurveillance - WARNING - ALERT: crawling - Person crawling detected
2025-04-05 00:13:06,403 - BorderSurveillance - INFO - Saved alert snapshot to /Users/ayushagarwal/Desktop/Border-Surveillance-System/output/snapshots/crawling_20250405-001306.jpg
2025-04-05 00:13:06,403 - BorderSurveillance - INFO - Saved alert snapshot to /Users/ayushagarwal/Desktop/Border-Surveillance-System/output/snapshots/crawling_20250405-001306.jpg
2025-04-05 00:13:06,403 - BorderSurveillance - WARNING - ALERT: crawling - Person crawling detected
2025-04-05 00:13:06,403 - BorderSurveillance - WARNING - ALERT: crawling - Person crawling detected
2025-04-05 00:13:06,533 - BorderSurveillance - WARNING - ALERT: crawling - Person crawling detected
2025-04-05 00:13:06,533 - BorderSurveillance - WARNING - ALERT: crawling - Person crawling detected
2025-04-05 00:13:06,659 - BorderSurveillance - WARNING - ALERT: crawling - Person crawling detected
2025-04-05 00:13:06,659 - BorderSurveillance - WARNING - ALERT: crawling - Person crawling detected
2025-04-05 00:13:06,917 - BorderSurveillance - WARNING - ALERT: crawling - Person crawling detected
2025-04-05 00:13:06,917 - BorderSurveillance - WARNING - ALERT: crawling - Person crawling detected
2025-04-05 00:13:34,385 - BorderSurveillance - INFO - Saved alert snapshot to /Users/ayushagarwal/Desktop/Border-Surveillance-System/output/snapshots/crawling_20250405-001334.jpg
2025-04-05 00:13:34,385 - BorderSurveillance - INFO - Saved alert snapshot to /Users/ayushagarwal/Desktop/Border-Surveillance-System/output/snapshots/crawling_20250405-001334.jpg
2025-04-05 00:13:34,386 - BorderSurveillance - WARNING - ALERT: crawling - Person crawling detected
2025-04-05 00:13:34,386 - BorderSurveillance - WARNING - ALERT: crawling - Person crawling detected
2025-04-05 00:13:34,724 - BorderSurveillance - WARNING - ALERT: crawling - Person crawling detected
2025-04-05 00:13:34,724 - BorderSurveillance - WARNING - ALERT: crawling - Person crawling detected
2025-04-05 00:13:34,819 - BorderSurveillance - WARNING - ALERT: crawling - Person crawling detected
2025-04-05 00:13:34,819 - BorderSurveillance - WARNING - ALERT: crawling - Person crawling detected
2025-04-05 00:13:34,897 - BorderSurveillance - WARNING - ALERT: crawling - Person crawling detected
2025-04-05 00:13:34,897 - BorderSurveillance - WARNING - ALERT: crawling - Person crawling detected
2025-04-05 00:13:34,991 - BorderSurveillance - WARNING - ALERT: crawling - Person crawling detected
2025-04-05 00:13:34,991 - BorderSurveillance - WARNING - ALERT: crawling - Person crawling detected
2025-04-05 00:13:35,421 - BorderSurveillance - INFO - Saved alert snapshot to /Users/ayushagarwal/Desktop/Border-Surveillance-System/output/snapshots/crawling_20250405-001335.jpg
2025-04-05 00:13:35,421 - BorderSurveillance - INFO - Saved alert snapshot to /Users/ayushagarwal/Desktop/Border-Surveillance-System/output/snapshots/crawling_20250405-001335.jpg
2025-04-05 00:13:35,421 - BorderSurveillance - WARNING - ALERT: crawling - Person crawling detected
2025-04-05 00:13:35,421 - BorderSurveillance - WARNING - ALERT: crawling - Person crawling detected
2025-04-05 00:13:35,505 - BorderSurveillance - WARNING - ALERT: crawling - Person crawling detected
2025-04-05 00:13:35,505 - BorderSurveillance - WARNING - ALERT: crawling - Person crawling detected
2025-04-05 00:13:35,596 - BorderSurveillance - WARNING - ALERT: crawling - Person crawling detected
2025-04-05 00:13:35,596 - BorderSurveillance - WARNING - ALERT: crawling - Person crawling detected
2025-04-05 00:13:35,679 - BorderSurveillance - WARNING - ALERT: crawling - Person crawling detected
2025-04-05 00:13:35,679 - BorderSurveillance - WARNING - ALERT: crawling - Person crawling detected
2025-04-05 00:13:35,768 - BorderSurveillance - WARNING - ALERT: crawling - Person crawling detected
2025-04-05 00:13:35,768 - BorderSurveillance - WARNING - ALERT: crawling - Person crawling detected
2025-04-05 00:13:35,850 - BorderSurveillance - WARNING - ALERT: crawling - Person crawling detected
2025-04-05 00:13:35,850 - BorderSurveillance - WARNING - ALERT: crawling - Person crawling detected
2025-04-05 00:13:37,240 - BorderSurveillance - INFO - Saved alert snapshot to /Users/ayushagarwal/Desktop/Border-Surveillance-System/output/snapshots/crawling_20250405-001337.jpg
2025-04-05 00:13:37,240 - BorderSurveillance - INFO - Saved alert snapshot to /Users/ayushagarwal/Desktop/Border-Surveillance-System/output/snapshots/crawling_20250405-001337.jpg
2025-04-05 00:13:37,240 - BorderSurveillance - WARNING - ALERT: crawling - Person crawling detected
2025-04-05 00:13:37,240 - BorderSurveillance - WARNING - ALERT: crawling - Person crawling detected
2025-04-05 00:13:37,316 - BorderSurveillance - WARNING - ALERT: crawling - Person crawling detected
2025-04-05 00:13:37,316 - BorderSurveillance - WARNING - ALERT: crawling - Person crawling detected
2025-04-05 00:13:37,591 - BorderSurveillance - WARNING - ALERT: crawling - Person crawling detected
2025-04-05 00:13:37,591 - BorderSurveillance - WARNING - ALERT: crawling - Person crawling detected
2025-04-05 00:13:37,722 - BorderSurveillance - WARNING - ALERT: loitering - Person loitering detected for 30 seconds
2025-04-05 00:13:37,722 - BorderSurveillance - WARNING - ALERT: loitering - Person loitering detected for 30 seconds
2025-04-05 00:14:10,394 - BorderSurveillance - INFO - Saved alert snapshot to /Users/ayushagarwal/Desktop/Border-Surveillance-System/output/snapshots/loitering_20250405-001410.jpg
2025-04-05 00:14:10,394 - BorderSurveillance - INFO - Saved alert snapshot to /Users/ayushagarwal/Desktop/Border-Surveillance-System/output/snapshots/loitering_20250405-001410.jpg
2025-04-05 00:14:10,395 - BorderSurveillance - WARNING - ALERT: loitering - Person loitering detected for 30 seconds
2025-04-05 00:14:10,395 - BorderSurveillance - WARNING - ALERT: loitering - Person loitering detected for 30 seconds
2025-04-05 00:14:13,801 - BorderSurveillance - INFO - Saved alert snapshot to /Users/ayushagarwal/Desktop/Border-Surveillance-System/output/snapshots/loitering_20250405-001413.jpg
2025-04-05 00:14:13,801 - BorderSurveillance - INFO - Saved alert snapshot to /Users/ayushagarwal/Desktop/Border-Surveillance-System/output/snapshots/loitering_20250405-001413.jpg
2025-04-05 00:14:13,801 - BorderSurveillance - WARNING - ALERT: loitering - Person loitering detected for 30 seconds
2025-04-05 00:14:13,801 - BorderSurveillance - WARNING - ALERT: loitering - Person loitering detected for 30 seconds
2025-04-05 00:14:17,844 - BorderSurveillance - INFO - Saved alert snapshot to /Users/ayushagarwal/Desktop/Border-Surveillance-System/output/snapshots/loitering_20250405-001417.jpg
2025-04-05 00:14:17,844 - BorderSurveillance - INFO - Saved alert snapshot to /Users/ayushagarwal/Desktop/Border-Surveillance-System/output/snapshots/loitering_20250405-001417.jpg
2025-04-05 00:14:17,844 - BorderSurveillance - WARNING - ALERT: loitering - Person loitering detected for 30 seconds
2025-04-05 00:14:17,844 - BorderSurveillance - WARNING - ALERT: loitering - Person loitering detected for 30 seconds
2025-04-05 01:35:01,975 - BorderSurveillance - ERROR - Failed to connect to MQTT broker: [Errno 61] Connection refused
2025-04-05 01:35:02,382 - BorderSurveillance - INFO - Surveillance system started (PID: 22643)
2025-04-05 01:35:02,386 - BorderSurveillance - INFO - Dashboard API started at http://0.0.0.0:8000 (PID: 22644)
2025-04-05 01:35:04,526 - BorderSurveillance - ERROR - Failed to connect to MQTT broker: [Errno 61] Connection refused
2025-04-05 01:35:04,573 - BorderSurveillance - ERROR - Failed to connect to MQTT broker: [Errno 61] Connection refused
2025-04-05 01:35:04,913 - BorderSurveillance - ERROR - Failed to initialize MQTT client: [Errno 61] Connection refused
2025-04-05 01:35:06,604 - BorderSurveillance - INFO - Loading model from /Users/subhayudas/Desktop/Border-Surveillance-System/models/yolov8n.pt
2025-04-05 01:35:06,663 - BorderSurveillance - INFO - Using device: cpu
2025-04-05 01:35:06,665 - BorderSurveillance - INFO - Surveillance system initialized successfully
2025-04-05 01:35:06,665 - BorderSurveillance - INFO - Surveillance system initialized successfully
2025-04-05 01:35:06,666 - BorderSurveillance - INFO - Starting surveillance system
2025-04-05 01:35:06,666 - BorderSurveillance - INFO - Starting surveillance system
2025-04-05 01:35:15,199 - BorderSurveillance - INFO - Saved alert snapshot to /Users/subhayudas/Desktop/Border-Surveillance-System/output/snapshots/crawling_20250405-013515.jpg
2025-04-05 01:35:15,199 - BorderSurveillance - INFO - Saved alert snapshot to /Users/subhayudas/Desktop/Border-Surveillance-System/output/snapshots/crawling_20250405-013515.jpg
2025-04-05 01:35:15,200 - BorderSurveillance - INFO - Dashboard alert published to border/alerts
2025-04-05 01:35:15,200 - BorderSurveillance - INFO - Dashboard alert published to border/alerts
2025-04-05 01:35:15,200 - BorderSurveillance - WARNING - ALERT: crawling - Person crawling detected
2025-04-05 01:35:15,200 - BorderSurveillance - WARNING - ALERT: crawling - Person crawling detected
2025-04-05 01:35:16,393 - BorderSurveillance - INFO - Saved alert snapshot to /Users/subhayudas/Desktop/Border-Surveillance-System/output/snapshots/crawling_20250405-013516.jpg
2025-04-05 01:35:16,393 - BorderSurveillance - INFO - Saved alert snapshot to /Users/subhayudas/Desktop/Border-Surveillance-System/output/snapshots/crawling_20250405-013516.jpg
2025-04-05 01:35:16,393 - BorderSurveillance - WARNING - ALERT: crawling - Person crawling detected
2025-04-05 01:35:16,393 - BorderSurveillance - WARNING - ALERT: crawling - Person crawling detected
2025-04-05 01:35:16,791 - BorderSurveillance - WARNING - ALERT: crawling - Person crawling detected
2025-04-05 01:35:16,791 - BorderSurveillance - WARNING - ALERT: crawling - Person crawling detected
2025-04-05 01:35:17,061 - BorderSurveillance - WARNING - ALERT: crawling - Person crawling detected
2025-04-05 01:35:17,061 - BorderSurveillance - WARNING - ALERT: crawling - Person crawling detected
2025-04-05 01:35:46,887 - BorderSurveillance - INFO - Saved alert snapshot to /Users/subhayudas/Desktop/Border-Surveillance-System/output/snapshots/loitering_20250405-013546.jpg
2025-04-05 01:35:46,887 - BorderSurveillance - INFO - Saved alert snapshot to /Users/subhayudas/Desktop/Border-Surveillance-System/output/snapshots/loitering_20250405-013546.jpg
2025-04-05 01:35:46,888 - BorderSurveillance - INFO - Dashboard alert published to border/alerts
2025-04-05 01:35:46,888 - BorderSurveillance - INFO - Dashboard alert published to border/alerts
2025-04-05 01:35:46,888 - BorderSurveillance - WARNING - ALERT: loitering - Person loitering detected for 30 seconds
2025-04-05 01:35:46,888 - BorderSurveillance - WARNING - ALERT: loitering - Person loitering detected for 30 seconds
2025-04-05 01:35:47,810 - BorderSurveillance - WARNING - ALERT: crawling - Person crawling detected
2025-04-05 01:35:47,810 - BorderSurveillance - WARNING - ALERT: crawling - Person crawling detected
2025-04-05 01:35:47,945 - BorderSurveillance - INFO - Saved alert snapshot to /Users/subhayudas/Desktop/Border-Surveillance-System/output/snapshots/crawling_20250405-013547.jpg
2025-04-05 01:35:47,945 - BorderSurveillance - INFO - Saved alert snapshot to /Users/subhayudas/Desktop/Border-Surveillance-System/output/snapshots/crawling_20250405-013547.jpg
2025-04-05 01:35:47,946 - BorderSurveillance - WARNING - ALERT: crawling - Person crawling detected
2025-04-05 01:35:47,946 - BorderSurveillance - WARNING - ALERT: crawling - Person crawling detected
2025-04-05 01:36:03,974 - BorderSurveillance - INFO - Saved alert snapshot to /Users/subhayudas/Desktop/Border-Surveillance-System/output/snapshots/crawling_20250405-013603.jpg
2025-04-05 01:36:03,974 - BorderSurveillance - INFO - Saved alert snapshot to /Users/subhayudas/Desktop/Border-Surveillance-System/output/snapshots/crawling_20250405-013603.jpg
2025-04-05 01:36:03,975 - BorderSurveillance - WARNING - ALERT: crawling - Person crawling detected
2025-04-05 01:36:03,975 - BorderSurveillance - WARNING - ALERT: crawling - Person crawling detected
2025-04-05 01:36:04,102 - BorderSurveillance - WARNING - ALERT: crawling - Person crawling detected
2025-04-05 01:36:04,102 - BorderSurveillance - WARNING - ALERT: crawling - Person crawling detected
2025-04-05 01:36:04,238 - BorderSurveillance - WARNING - ALERT: crawling - Person crawling detected
2025-04-05 01:36:04,238 - BorderSurveillance - WARNING - ALERT: crawling - Person crawling detected
2025-04-05 01:36:04,640 - BorderSurveillance - WARNING - ALERT: crawling - Person crawling detected
2025-04-05 01:36:04,640 - BorderSurveillance - WARNING - ALERT: crawling - Person crawling detected
2025-04-05 01:36:17,836 - BorderSurveillance - INFO - Saved alert snapshot to /Users/subhayudas/Desktop/Border-Surveillance-System/output/snapshots/loitering_20250405-013617.jpg
2025-04-05 01:36:17,836 - BorderSurveillance - INFO - Saved alert snapshot to /Users/subhayudas/Desktop/Border-Surveillance-System/output/snapshots/loitering_20250405-013617.jpg
2025-04-05 01:36:17,837 - BorderSurveillance - WARNING - ALERT: loitering - Person loitering detected for 30 seconds
2025-04-05 01:36:17,837 - BorderSurveillance - WARNING - ALERT: loitering - Person loitering detected for 30 seconds
2025-04-05 01:36:57,336 - BorderSurveillance - INFO - Saved alert snapshot to /Users/subhayudas/Desktop/Border-Surveillance-System/output/snapshots/loitering_20250405-013657.jpg
2025-04-05 01:36:57,336 - BorderSurveillance - INFO - Saved alert snapshot to /Users/subhayudas/Desktop/Border-Surveillance-System/output/snapshots/loitering_20250405-013657.jpg
2025-04-05 01:36:57,338 - BorderSurveillance - WARNING - ALERT: loitering - Person loitering detected for 30 seconds
2025-04-05 01:36:57,338 - BorderSurveillance - WARNING - ALERT: loitering - Person loitering detected for 30 seconds
2025-04-05 01:37:13,715 - BorderSurveillance - INFO - Saved alert snapshot to /Users/subhayudas/Desktop/Border-Surveillance-System/output/snapshots/crawling_20250405-013713.jpg
2025-04-05 01:37:13,715 - BorderSurveillance - INFO - Saved alert snapshot to /Users/subhayudas/Desktop/Border-Surveillance-System/output/snapshots/crawling_20250405-013713.jpg
2025-04-05 01:37:13,716 - BorderSurveillance - WARNING - ALERT: crawling - Person crawling detected
2025-04-05 01:37:13,716 - BorderSurveillance - WARNING - ALERT: crawling - Person crawling detected
2025-04-05 01:37:33,111 - BorderSurveillance - INFO - Saved alert snapshot to /Users/subhayudas/Desktop/Border-Surveillance-System/output/snapshots/crawling_20250405-013733.jpg
2025-04-05 01:37:33,111 - BorderSurveillance - INFO - Saved alert snapshot to /Users/subhayudas/Desktop/Border-Surveillance-System/output/snapshots/crawling_20250405-013733.jpg
2025-04-05 01:37:33,112 - BorderSurveillance - WARNING - ALERT: crawling - Person crawling detected
2025-04-05 01:37:33,112 - BorderSurveillance - WARNING - ALERT: crawling - Person crawling detected
2025-04-05 01:37:36,807 - BorderSurveillance - INFO - Saved alert snapshot to /Users/subhayudas/Desktop/Border-Surveillance-System/output/snapshots/crawling_20250405-013736.jpg
2025-04-05 01:37:36,807 - BorderSurveillance - INFO - Saved alert snapshot to /Users/subhayudas/Desktop/Border-Surveillance-System/output/snapshots/crawling_20250405-013736.jpg
2025-04-05 01:37:36,808 - BorderSurveillance - WARNING - ALERT: crawling - Person crawling detected
2025-04-05 01:37:36,808 - BorderSurveillance - WARNING - ALERT: crawling - Person crawling detected
2025-04-05 02:59:01,322 - BorderSurveillance - ERROR - Failed to connect to MQTT broker: [Errno 61] Connection refused
2025-04-05 02:59:01,640 - BorderSurveillance - INFO - Surveillance system started (PID: 49689)
2025-04-05 02:59:01,643 - BorderSurveillance - INFO - Dashboard API started at http://0.0.0.0:8000 (PID: 49690)
2025-04-05 02:59:03,568 - BorderSurveillance - ERROR - Failed to connect to MQTT broker: [Errno 61] Connection refused
2025-04-05 02:59:03,568 - BorderSurveillance - ERROR - Failed to connect to MQTT broker: [Errno 61] Connection refused
2025-04-05 02:59:03,886 - BorderSurveillance - ERROR - Failed to initialize MQTT client: [Errno 61] Connection refused
2025-04-05 02:59:05,348 - BorderSurveillance - INFO - Loading model from /Users/subhayudas/Desktop/Border-Surveillance-System/models/yolov8n.pt
2025-04-05 02:59:05,382 - BorderSurveillance - INFO - Using device: cpu
2025-04-05 02:59:05,384 - BorderSurveillance - INFO - Surveillance system initialized successfully
2025-04-05 02:59:05,384 - BorderSurveillance - INFO - Surveillance system initialized successfully
2025-04-05 02:59:05,384 - BorderSurveillance - INFO - Starting surveillance system
2025-04-05 02:59:05,384 - BorderSurveillance - INFO - Starting surveillance system
2025-04-05 02:59:13,682 - BorderSurveillance - INFO - Saved alert snapshot to /Users/subhayudas/Desktop/Border-Surveillance-System/output/snapshots/crawling_20250405-025913.jpg
2025-04-05 02:59:13,682 - BorderSurveillance - INFO - Saved alert snapshot to /Users/subhayudas/Desktop/Border-Surveillance-System/output/snapshots/crawling_20250405-025913.jpg
2025-04-05 02:59:13,682 - BorderSurveillance - INFO - Dashboard alert published to border/alerts
2025-04-05 02:59:13,682 - BorderSurveillance - INFO - Dashboard alert published to border/alerts
2025-04-05 02:59:13,683 - BorderSurveillance - WARNING - ALERT: crawling - Person crawling detected
2025-04-05 02:59:13,683 - BorderSurveillance - WARNING - ALERT: crawling - Person crawling detected
2025-04-05 02:59:13,814 - BorderSurveillance - WARNING - ALERT: crawling - Person crawling detected
2025-04-05 02:59:13,814 - BorderSurveillance - WARNING - ALERT: crawling - Person crawling detected
2025-04-05 02:59:13,943 - BorderSurveillance - WARNING - ALERT: crawling - Person crawling detected
2025-04-05 02:59:13,943 - BorderSurveillance - WARNING - ALERT: crawling - Person crawling detected
2025-04-05 02:59:14,075 - BorderSurveillance - WARNING - ALERT: crawling - Person crawling detected
2025-04-05 02:59:14,075 - BorderSurveillance - WARNING - ALERT: crawling - Person crawling detected
2025-04-05 02:59:14,215 - BorderSurveillance - WARNING - ALERT: crawling - Person crawling detected
2025-04-05 02:59:14,215 - BorderSurveillance - WARNING - ALERT: crawling - Person crawling detected
2025-04-05 02:59:14,343 - BorderSurveillance - WARNING - ALERT: crawling - Person crawling detected
2025-04-05 02:59:14,343 - BorderSurveillance - WARNING - ALERT: crawling - Person crawling detected
2025-04-05 02:59:15,814 - BorderSurveillance - INFO - Saved alert snapshot to /Users/subhayudas/Desktop/Border-Surveillance-System/output/snapshots/crawling_20250405-025915.jpg
2025-04-05 02:59:15,814 - BorderSurveillance - INFO - Saved alert snapshot to /Users/subhayudas/Desktop/Border-Surveillance-System/output/snapshots/crawling_20250405-025915.jpg
2025-04-05 02:59:15,814 - BorderSurveillance - WARNING - ALERT: crawling - Person crawling detected
2025-04-05 02:59:15,814 - BorderSurveillance - WARNING - ALERT: crawling - Person crawling detected
2025-04-05 02:59:16,078 - BorderSurveillance - WARNING - ALERT: crawling - Person crawling detected
2025-04-05 02:59:16,078 - BorderSurveillance - WARNING - ALERT: crawling - Person crawling detected
2025-04-05 02:59:16,208 - BorderSurveillance - WARNING - ALERT: crawling - Person crawling detected
2025-04-05 02:59:16,208 - BorderSurveillance - WARNING - ALERT: crawling - Person crawling detected
2025-04-05 02:59:16,342 - BorderSurveillance - WARNING - ALERT: crawling - Person crawling detected
2025-04-05 02:59:16,342 - BorderSurveillance - WARNING - ALERT: crawling - Person crawling detected
2025-04-05 02:59:16,485 - BorderSurveillance - WARNING - ALERT: crawling - Person crawling detected
2025-04-05 02:59:16,485 - BorderSurveillance - WARNING - ALERT: crawling - Person crawling detected
2025-04-05 02:59:16,608 - BorderSurveillance - WARNING - ALERT: crawling - Person crawling detected
2025-04-05 02:59:16,608 - BorderSurveillance - WARNING - ALERT: crawling - Person crawling detected
2025-04-05 02:59:16,740 - BorderSurveillance - WARNING - ALERT: crawling - Person crawling detected
2025-04-05 02:59:16,740 - BorderSurveillance - WARNING - ALERT: crawling - Person crawling detected
2025-04-05 02:59:16,883 - BorderSurveillance - INFO - Saved alert snapshot to /Users/subhayudas/Desktop/Border-Surveillance-System/output/snapshots/crawling_20250405-025916.jpg
2025-04-05 02:59:16,883 - BorderSurveillance - INFO - Saved alert snapshot to /Users/subhayudas/Desktop/Border-Surveillance-System/output/snapshots/crawling_20250405-025916.jpg
2025-04-05 02:59:16,883 - BorderSurveillance - WARNING - ALERT: crawling - Person crawling detected
2025-04-05 02:59:16,883 - BorderSurveillance - WARNING - ALERT: crawling - Person crawling detected
2025-04-05 02:59:17,139 - BorderSurveillance - WARNING - ALERT: crawling - Person crawling detected
2025-04-05 02:59:17,139 - BorderSurveillance - WARNING - ALERT: crawling - Person crawling detected
2025-04-05 02:59:17,273 - BorderSurveillance - WARNING - ALERT: crawling - Person crawling detected
2025-04-05 02:59:17,273 - BorderSurveillance - WARNING - ALERT: crawling - Person crawling detected
2025-04-05 02:59:17,408 - BorderSurveillance - WARNING - ALERT: crawling - Person crawling detected
2025-04-05 02:59:17,408 - BorderSurveillance - WARNING - ALERT: crawling - Person crawling detected
2025-04-05 02:59:17,544 - BorderSurveillance - WARNING - ALERT: crawling - Person crawling detected
2025-04-05 02:59:17,544 - BorderSurveillance - WARNING - ALERT: crawling - Person crawling detected
2025-04-05 02:59:17,670 - BorderSurveillance - WARNING - ALERT: crawling - Person crawling detected
2025-04-05 02:59:17,670 - BorderSurveillance - WARNING - ALERT: crawling - Person crawling detected
2025-04-05 02:59:17,805 - BorderSurveillance - WARNING - ALERT: crawling - Person crawling detected
2025-04-05 02:59:17,805 - BorderSurveillance - WARNING - ALERT: crawling - Person crawling detected
2025-04-05 02:59:17,941 - BorderSurveillance - INFO - Saved alert snapshot to /Users/subhayudas/Desktop/Border-Surveillance-System/output/snapshots/crawling_20250405-025917.jpg
2025-04-05 02:59:17,941 - BorderSurveillance - INFO - Saved alert snapshot to /Users/subhayudas/Desktop/Border-Surveillance-System/output/snapshots/crawling_20250405-025917.jpg
2025-04-05 02:59:17,942 - BorderSurveillance - WARNING - ALERT: crawling - Person crawling detected
2025-04-05 02:59:17,942 - BorderSurveillance - WARNING - ALERT: crawling - Person crawling detected
2025-04-05 02:59:18,073 - BorderSurveillance - WARNING - ALERT: crawling - Person crawling detected
2025-04-05 02:59:18,073 - BorderSurveillance - WARNING - ALERT: crawling - Person crawling detected
2025-04-05 02:59:18,211 - BorderSurveillance - WARNING - ALERT: crawling - Person crawling detected
2025-04-05 02:59:18,211 - BorderSurveillance - WARNING - ALERT: crawling - Person crawling detected
2025-04-05 02:59:18,342 - BorderSurveillance - WARNING - ALERT: crawling - Person crawling detected
2025-04-05 02:59:18,342 - BorderSurveillance - WARNING - ALERT: crawling - Person crawling detected
2025-04-05 02:59:18,476 - BorderSurveillance - WARNING - ALERT: crawling - Person crawling detected
2025-04-05 02:59:18,476 - BorderSurveillance - WARNING - ALERT: crawling - Person crawling detected
2025-04-05 02:59:18,617 - BorderSurveillance - WARNING - ALERT: crawling - Person crawling detected
2025-04-05 02:59:18,617 - BorderSurveillance - WARNING - ALERT: crawling - Person crawling detected
2025-04-05 02:59:18,742 - BorderSurveillance - WARNING - ALERT: crawling - Person crawling detected
2025-04-05 02:59:18,742 - BorderSurveillance - WARNING - ALERT: crawling - Person crawling detected
2025-04-05 02:59:18,873 - BorderSurveillance - WARNING - ALERT: crawling - Person crawling detected
2025-04-05 02:59:18,873 - BorderSurveillance - WARNING - ALERT: crawling - Person crawling detected
2025-04-05 02:59:19,008 - BorderSurveillance - INFO - Saved alert snapshot to /Users/subhayudas/Desktop/Border-Surveillance-System/output/snapshots/crawling_20250405-025919.jpg
2025-04-05 02:59:19,008 - BorderSurveillance - INFO - Saved alert snapshot to /Users/subhayudas/Desktop/Border-Surveillance-System/output/snapshots/crawling_20250405-025919.jpg
2025-04-05 02:59:19,009 - BorderSurveillance - WARNING - ALERT: crawling - Person crawling detected
2025-04-05 02:59:19,009 - BorderSurveillance - WARNING - ALERT: crawling - Person crawling detected
2025-04-05 02:59:19,143 - BorderSurveillance - WARNING - ALERT: crawling - Person crawling detected
2025-04-05 02:59:19,143 - BorderSurveillance - WARNING - ALERT: crawling - Person crawling detected
2025-04-05 02:59:19,275 - BorderSurveillance - WARNING - ALERT: crawling - Person crawling detected
2025-04-05 02:59:19,275 - BorderSurveillance - WARNING - ALERT: crawling - Person crawling detected
2025-04-05 02:59:19,409 - BorderSurveillance - WARNING - ALERT: crawling - Person crawling detected
2025-04-05 02:59:19,409 - BorderSurveillance - WARNING - ALERT: crawling - Person crawling detected
2025-04-05 02:59:19,540 - BorderSurveillance - WARNING - ALERT: crawling - Person crawling detected
2025-04-05 02:59:19,540 - BorderSurveillance - WARNING - ALERT: crawling - Person crawling detected
2025-04-05 02:59:19,678 - BorderSurveillance - WARNING - ALERT: crawling - Person crawling detected
2025-04-05 02:59:19,678 - BorderSurveillance - WARNING - ALERT: crawling - Person crawling detected
2025-04-05 02:59:19,808 - BorderSurveillance - WARNING - ALERT: crawling - Person crawling detected
2025-04-05 02:59:19,808 - BorderSurveillance - WARNING - ALERT: crawling - Person crawling detected
2025-04-05 02:59:19,943 - BorderSurveillance - WARNING - ALERT: crawling - Person crawling detected
2025-04-05 02:59:19,943 - BorderSurveillance - WARNING - ALERT: crawling - Person crawling detected
2025-04-05 02:59:20,074 - BorderSurveillance - INFO - Saved alert snapshot to /Users/subhayudas/Desktop/Border-Surveillance-System/output/snapshots/crawling_20250405-025920.jpg
2025-04-05 02:59:20,074 - BorderSurveillance - INFO - Saved alert snapshot to /Users/subhayudas/Desktop/Border-Surveillance-System/output/snapshots/crawling_20250405-025920.jpg
2025-04-05 02:59:20,074 - BorderSurveillance - WARNING - ALERT: crawling - Person crawling detected
2025-04-05 02:59:20,074 - BorderSurveillance - WARNING - ALERT: crawling - Person crawling detected
2025-04-05 02:59:20,208 - BorderSurveillance - WARNING - ALERT: crawling - Person crawling detected
2025-04-05 02:59:20,208 - BorderSurveillance - WARNING - ALERT: crawling - Person crawling detected
2025-04-05 02:59:20,342 - BorderSurveillance - WARNING - ALERT: crawling - Person crawling detected
2025-04-05 02:59:20,342 - BorderSurveillance - WARNING - ALERT: crawling - Person crawling detected
2025-04-05 02:59:20,476 - BorderSurveillance - WARNING - ALERT: crawling - Person crawling detected
2025-04-05 02:59:20,476 - BorderSurveillance - WARNING - ALERT: crawling - Person crawling detected
2025-04-05 02:59:20,608 - BorderSurveillance - WARNING - ALERT: crawling - Person crawling detected
2025-04-05 02:59:20,608 - BorderSurveillance - WARNING - ALERT: crawling - Person crawling detected
2025-04-05 02:59:20,740 - BorderSurveillance - WARNING - ALERT: crawling - Person crawling detected
2025-04-05 02:59:20,740 - BorderSurveillance - WARNING - ALERT: crawling - Person crawling detected
2025-04-05 02:59:20,883 - BorderSurveillance - WARNING - ALERT: crawling - Person crawling detected
2025-04-05 02:59:20,883 - BorderSurveillance - WARNING - ALERT: crawling - Person crawling detected
2025-04-05 02:59:21,008 - BorderSurveillance - WARNING - ALERT: crawling - Person crawling detected
2025-04-05 02:59:21,008 - BorderSurveillance - WARNING - ALERT: crawling - Person crawling detected
2025-04-05 02:59:21,143 - BorderSurveillance - INFO - Saved alert snapshot to /Users/subhayudas/Desktop/Border-Surveillance-System/output/snapshots/crawling_20250405-025921.jpg
2025-04-05 02:59:21,143 - BorderSurveillance - INFO - Saved alert snapshot to /Users/subhayudas/Desktop/Border-Surveillance-System/output/snapshots/crawling_20250405-025921.jpg
2025-04-05 02:59:21,143 - BorderSurveillance - WARNING - ALERT: crawling - Person crawling detected
2025-04-05 02:59:21,143 - BorderSurveillance - WARNING - ALERT: crawling - Person crawling detected
2025-04-05 02:59:21,274 - BorderSurveillance - WARNING - ALERT: crawling - Person crawling detected
2025-04-05 02:59:21,274 - BorderSurveillance - WARNING - ALERT: crawling - Person crawling detected
2025-04-05 02:59:21,406 - BorderSurveillance - WARNING - ALERT: crawling - Person crawling detected
2025-04-05 02:59:21,406 - BorderSurveillance - WARNING - ALERT: crawling - Person crawling detected
2025-04-05 02:59:21,540 - BorderSurveillance - WARNING - ALERT: crawling - Person crawling detected
2025-04-05 02:59:21,540 - BorderSurveillance - WARNING - ALERT: crawling - Person crawling detected
2025-04-05 02:59:21,673 - BorderSurveillance - WARNING - ALERT: crawling - Person crawling detected
2025-04-05 02:59:21,673 - BorderSurveillance - WARNING - ALERT: crawling - Person crawling detected
2025-04-05 02:59:21,806 - BorderSurveillance - WARNING - ALERT: crawling - Person crawling detected
2025-04-05 02:59:21,806 - BorderSurveillance - WARNING - ALERT: crawling - Person crawling detected
2025-04-05 02:59:21,950 - BorderSurveillance - WARNING - ALERT: crawling - Person crawling detected
2025-04-05 02:59:21,950 - BorderSurveillance - WARNING - ALERT: crawling - Person crawling detected
2025-04-05 02:59:22,073 - BorderSurveillance - WARNING - ALERT: crawling - Person crawling detected
2025-04-05 02:59:22,073 - BorderSurveillance - WARNING - ALERT: crawling - Person crawling detected
2025-04-05 02:59:22,210 - BorderSurveillance - INFO - Saved alert snapshot to /Users/subhayudas/Desktop/Border-Surveillance-System/output/snapshots/crawling_20250405-025922.jpg
2025-04-05 02:59:22,210 - BorderSurveillance - INFO - Saved alert snapshot to /Users/subhayudas/Desktop/Border-Surveillance-System/output/snapshots/crawling_20250405-025922.jpg
2025-04-05 02:59:22,210 - BorderSurveillance - WARNING - ALERT: crawling - Person crawling detected
2025-04-05 02:59:22,210 - BorderSurveillance - WARNING - ALERT: crawling - Person crawling detected
2025-04-05 02:59:22,340 - BorderSurveillance - WARNING - ALERT: crawling - Person crawling detected
2025-04-05 02:59:22,340 - BorderSurveillance - WARNING - ALERT: crawling - Person crawling detected
2025-04-05 02:59:22,475 - BorderSurveillance - WARNING - ALERT: crawling - Person crawling detected
2025-04-05 02:59:22,475 - BorderSurveillance - WARNING - ALERT: crawling - Person crawling detected
2025-04-05 02:59:22,607 - BorderSurveillance - WARNING - ALERT: crawling - Person crawling detected
2025-04-05 02:59:22,607 - BorderSurveillance - WARNING - ALERT: crawling - Person crawling detected
2025-04-05 02:59:23,807 - BorderSurveillance - INFO - Saved alert snapshot to /Users/subhayudas/Desktop/Border-Surveillance-System/output/snapshots/crawling_20250405-025923.jpg
2025-04-05 02:59:23,807 - BorderSurveillance - INFO - Saved alert snapshot to /Users/subhayudas/Desktop/Border-Surveillance-System/output/snapshots/crawling_20250405-025923.jpg
2025-04-05 02:59:23,808 - BorderSurveillance - WARNING - ALERT: crawling - Person crawling detected
2025-04-05 02:59:23,808 - BorderSurveillance - WARNING - ALERT: crawling - Person crawling detected
2025-04-05 02:59:23,940 - BorderSurveillance - WARNING - ALERT: crawling - Person crawling detected
2025-04-05 02:59:23,940 - BorderSurveillance - WARNING - ALERT: crawling - Person crawling detected
2025-04-05 02:59:24,073 - BorderSurveillance - WARNING - ALERT: crawling - Person crawling detected
2025-04-05 02:59:24,073 - BorderSurveillance - WARNING - ALERT: crawling - Person crawling detected
2025-04-05 02:59:24,208 - BorderSurveillance - WARNING - ALERT: crawling - Person crawling detected
2025-04-05 02:59:24,208 - BorderSurveillance - WARNING - ALERT: crawling - Person crawling detected
2025-04-05 02:59:24,339 - BorderSurveillance - WARNING - ALERT: crawling - Person crawling detected
2025-04-05 02:59:24,339 - BorderSurveillance - WARNING - ALERT: crawling - Person crawling detected
2025-04-05 02:59:24,472 - BorderSurveillance - WARNING - ALERT: crawling - Person crawling detected
2025-04-05 02:59:24,472 - BorderSurveillance - WARNING - ALERT: crawling - Person crawling detected
2025-04-05 02:59:24,606 - BorderSurveillance - WARNING - ALERT: crawling - Person crawling detected
2025-04-05 02:59:24,606 - BorderSurveillance - WARNING - ALERT: crawling - Person crawling detected
2025-04-05 02:59:24,740 - BorderSurveillance - WARNING - ALERT: crawling - Person crawling detected
2025-04-05 02:59:24,740 - BorderSurveillance - WARNING - ALERT: crawling - Person crawling detected
2025-04-05 02:59:24,874 - BorderSurveillance - INFO - Saved alert snapshot to /Users/subhayudas/Desktop/Border-Surveillance-System/output/snapshots/crawling_20250405-025924.jpg
2025-04-05 02:59:24,874 - BorderSurveillance - INFO - Saved alert snapshot to /Users/subhayudas/Desktop/Border-Surveillance-System/output/snapshots/crawling_20250405-025924.jpg
2025-04-05 02:59:24,874 - BorderSurveillance - WARNING - ALERT: crawling - Person crawling detected
2025-04-05 02:59:24,874 - BorderSurveillance - WARNING - ALERT: crawling - Person crawling detected
2025-04-05 02:59:25,007 - BorderSurveillance - WARNING - ALERT: crawling - Person crawling detected
2025-04-05 02:59:25,007 - BorderSurveillance - WARNING - ALERT: crawling - Person crawling detected
2025-04-05 02:59:25,138 - BorderSurveillance - WARNING - ALERT: crawling - Person crawling detected
2025-04-05 02:59:25,138 - BorderSurveillance - WARNING - ALERT: crawling - Person crawling detected
2025-04-05 02:59:25,285 - BorderSurveillance - WARNING - ALERT: crawling - Person crawling detected
2025-04-05 02:59:25,285 - BorderSurveillance - WARNING - ALERT: crawling - Person crawling detected
2025-04-05 02:59:25,405 - BorderSurveillance - WARNING - ALERT: crawling - Person crawling detected
2025-04-05 02:59:25,405 - BorderSurveillance - WARNING - ALERT: crawling - Person crawling detected
2025-04-05 02:59:25,539 - BorderSurveillance - WARNING - ALERT: crawling - Person crawling detected
2025-04-05 02:59:25,539 - BorderSurveillance - WARNING - ALERT: crawling - Person crawling detected
2025-04-05 02:59:25,672 - BorderSurveillance - WARNING - ALERT: crawling - Person crawling detected
2025-04-05 02:59:25,672 - BorderSurveillance - WARNING - ALERT: crawling - Person crawling detected
2025-04-05 02:59:25,805 - BorderSurveillance - WARNING - ALERT: crawling - Person crawling detected
2025-04-05 02:59:25,805 - BorderSurveillance - WARNING - ALERT: crawling - Person crawling detected
2025-04-05 02:59:25,942 - BorderSurveillance - INFO - Saved alert snapshot to /Users/subhayudas/Desktop/Border-Surveillance-System/output/snapshots/crawling_20250405-025925.jpg
2025-04-05 02:59:25,942 - BorderSurveillance - INFO - Saved alert snapshot to /Users/subhayudas/Desktop/Border-Surveillance-System/output/snapshots/crawling_20250405-025925.jpg
2025-04-05 02:59:25,942 - BorderSurveillance - WARNING - ALERT: crawling - Person crawling detected
2025-04-05 02:59:25,942 - BorderSurveillance - WARNING - ALERT: crawling - Person crawling detected
2025-04-05 02:59:26,072 - BorderSurveillance - WARNING - ALERT: crawling - Person crawling detected
2025-04-05 02:59:26,072 - BorderSurveillance - WARNING - ALERT: crawling - Person crawling detected
2025-04-05 02:59:26,206 - BorderSurveillance - WARNING - ALERT: crawling - Person crawling detected
2025-04-05 02:59:26,206 - BorderSurveillance - WARNING - ALERT: crawling - Person crawling detected
2025-04-05 02:59:26,341 - BorderSurveillance - WARNING - ALERT: crawling - Person crawling detected
2025-04-05 02:59:26,341 - BorderSurveillance - WARNING - ALERT: crawling - Person crawling detected
2025-04-05 02:59:32,671 - BorderSurveillance - INFO - Saved alert snapshot to /Users/subhayudas/Desktop/Border-Surveillance-System/output/snapshots/crawling_20250405-025932.jpg
2025-04-05 02:59:32,671 - BorderSurveillance - INFO - Saved alert snapshot to /Users/subhayudas/Desktop/Border-Surveillance-System/output/snapshots/crawling_20250405-025932.jpg
2025-04-05 02:59:32,671 - BorderSurveillance - WARNING - ALERT: crawling - Person crawling detected
2025-04-05 02:59:32,671 - BorderSurveillance - WARNING - ALERT: crawling - Person crawling detected
2025-04-05 02:59:32,803 - BorderSurveillance - WARNING - ALERT: crawling - Person crawling detected
2025-04-05 02:59:32,803 - BorderSurveillance - WARNING - ALERT: crawling - Person crawling detected
2025-04-05 02:59:32,936 - BorderSurveillance - WARNING - ALERT: crawling - Person crawling detected
2025-04-05 02:59:32,936 - BorderSurveillance - WARNING - ALERT: crawling - Person crawling detected
2025-04-05 02:59:33,074 - BorderSurveillance - WARNING - ALERT: crawling - Person crawling detected
2025-04-05 02:59:33,074 - BorderSurveillance - WARNING - ALERT: crawling - Person crawling detected
2025-04-05 02:59:33,201 - BorderSurveillance - WARNING - ALERT: crawling - Person crawling detected
2025-04-05 02:59:33,201 - BorderSurveillance - WARNING - ALERT: crawling - Person crawling detected
2025-04-05 02:59:33,335 - BorderSurveillance - WARNING - ALERT: crawling - Person crawling detected
2025-04-05 02:59:33,335 - BorderSurveillance - WARNING - ALERT: crawling - Person crawling detected
2025-04-05 02:59:33,468 - BorderSurveillance - WARNING - ALERT: crawling - Person crawling detected
2025-04-05 02:59:33,468 - BorderSurveillance - WARNING - ALERT: crawling - Person crawling detected
2025-04-05 02:59:33,601 - BorderSurveillance - WARNING - ALERT: crawling - Person crawling detected
2025-04-05 02:59:33,601 - BorderSurveillance - WARNING - ALERT: crawling - Person crawling detected
2025-04-05 02:59:33,737 - BorderSurveillance - INFO - Saved alert snapshot to /Users/subhayudas/Desktop/Border-Surveillance-System/output/snapshots/crawling_20250405-025933.jpg
2025-04-05 02:59:33,737 - BorderSurveillance - INFO - Saved alert snapshot to /Users/subhayudas/Desktop/Border-Surveillance-System/output/snapshots/crawling_20250405-025933.jpg
2025-04-05 02:59:33,737 - BorderSurveillance - WARNING - ALERT: crawling - Person crawling detected
2025-04-05 02:59:33,737 - BorderSurveillance - WARNING - ALERT: crawling - Person crawling detected
2025-04-05 02:59:33,872 - BorderSurveillance - WARNING - ALERT: crawling - Person crawling detected
2025-04-05 02:59:33,872 - BorderSurveillance - WARNING - ALERT: crawling - Person crawling detected
2025-04-05 02:59:34,002 - BorderSurveillance - WARNING - ALERT: crawling - Person crawling detected
2025-04-05 02:59:34,002 - BorderSurveillance - WARNING - ALERT: crawling - Person crawling detected
2025-04-05 02:59:34,144 - BorderSurveillance - WARNING - ALERT: crawling - Person crawling detected
2025-04-05 02:59:34,144 - BorderSurveillance - WARNING - ALERT: crawling - Person crawling detected
2025-04-05 02:59:34,266 - BorderSurveillance - WARNING - ALERT: crawling - Person crawling detected
2025-04-05 02:59:34,266 - BorderSurveillance - WARNING - ALERT: crawling - Person crawling detected
2025-04-05 02:59:34,402 - BorderSurveillance - WARNING - ALERT: crawling - Person crawling detected
2025-04-05 02:59:34,402 - BorderSurveillance - WARNING - ALERT: crawling - Person crawling detected
2025-04-05 02:59:34,536 - BorderSurveillance - WARNING - ALERT: crawling - Person crawling detected
2025-04-05 02:59:34,536 - BorderSurveillance - WARNING - ALERT: crawling - Person crawling detected
2025-04-05 02:59:34,674 - BorderSurveillance - WARNING - ALERT: crawling - Person crawling detected
2025-04-05 02:59:34,674 - BorderSurveillance - WARNING - ALERT: crawling - Person crawling detected
2025-04-05 02:59:34,803 - BorderSurveillance - INFO - Saved alert snapshot to /Users/subhayudas/Desktop/Border-Surveillance-System/output/snapshots/crawling_20250405-025934.jpg
2025-04-05 02:59:34,803 - BorderSurveillance - INFO - Saved alert snapshot to /Users/subhayudas/Desktop/Border-Surveillance-System/output/snapshots/crawling_20250405-025934.jpg
2025-04-05 02:59:34,803 - BorderSurveillance - WARNING - ALERT: crawling - Person crawling detected
2025-04-05 02:59:34,803 - BorderSurveillance - WARNING - ALERT: crawling - Person crawling detected
2025-04-05 02:59:34,935 - BorderSurveillance - WARNING - ALERT: crawling - Person crawling detected
2025-04-05 02:59:34,935 - BorderSurveillance - WARNING - ALERT: crawling - Person crawling detected
2025-04-05 02:59:36,133 - BorderSurveillance - INFO - Saved alert snapshot to /Users/subhayudas/Desktop/Border-Surveillance-System/output/snapshots/crawling_20250405-025936.jpg
2025-04-05 02:59:36,133 - BorderSurveillance - INFO - Saved alert snapshot to /Users/subhayudas/Desktop/Border-Surveillance-System/output/snapshots/crawling_20250405-025936.jpg
2025-04-05 02:59:36,133 - BorderSurveillance - WARNING - ALERT: crawling - Person crawling detected
2025-04-05 02:59:36,133 - BorderSurveillance - WARNING - ALERT: crawling - Person crawling detected
2025-04-05 02:59:36,270 - BorderSurveillance - WARNING - ALERT: crawling - Person crawling detected
2025-04-05 02:59:36,270 - BorderSurveillance - WARNING - ALERT: crawling - Person crawling detected
2025-04-05 02:59:36,407 - BorderSurveillance - WARNING - ALERT: crawling - Person crawling detected
2025-04-05 02:59:36,407 - BorderSurveillance - WARNING - ALERT: crawling - Person crawling detected
2025-04-05 02:59:36,533 - BorderSurveillance - WARNING - ALERT: crawling - Person crawling detected
2025-04-05 02:59:36,533 - BorderSurveillance - WARNING - ALERT: crawling - Person crawling detected
2025-04-05 02:59:36,668 - BorderSurveillance - WARNING - ALERT: crawling - Person crawling detected
2025-04-05 02:59:36,668 - BorderSurveillance - WARNING - ALERT: crawling - Person crawling detected
2025-04-05 02:59:36,800 - BorderSurveillance - WARNING - ALERT: crawling - Person crawling detected
2025-04-05 02:59:36,800 - BorderSurveillance - WARNING - ALERT: crawling - Person crawling detected
2025-04-05 02:59:36,934 - BorderSurveillance - WARNING - ALERT: crawling - Person crawling detected
2025-04-05 02:59:36,934 - BorderSurveillance - WARNING - ALERT: crawling - Person crawling detected
2025-04-05 02:59:37,068 - BorderSurveillance - WARNING - ALERT: crawling - Person crawling detected
2025-04-05 02:59:37,068 - BorderSurveillance - WARNING - ALERT: crawling - Person crawling detected
2025-04-05 02:59:37,203 - BorderSurveillance - INFO - Saved alert snapshot to /Users/subhayudas/Desktop/Border-Surveillance-System/output/snapshots/crawling_20250405-025937.jpg
2025-04-05 02:59:37,203 - BorderSurveillance - INFO - Saved alert snapshot to /Users/subhayudas/Desktop/Border-Surveillance-System/output/snapshots/crawling_20250405-025937.jpg
2025-04-05 02:59:37,203 - BorderSurveillance - WARNING - ALERT: crawling - Person crawling detected
2025-04-05 02:59:37,203 - BorderSurveillance - WARNING - ALERT: crawling - Person crawling detected
2025-04-05 02:59:37,337 - BorderSurveillance - WARNING - ALERT: crawling - Person crawling detected
2025-04-05 02:59:37,337 - BorderSurveillance - WARNING - ALERT: crawling - Person crawling detected
2025-04-05 02:59:37,472 - BorderSurveillance - WARNING - ALERT: crawling - Person crawling detected
2025-04-05 02:59:37,472 - BorderSurveillance - WARNING - ALERT: crawling - Person crawling detected
2025-04-05 02:59:37,602 - BorderSurveillance - WARNING - ALERT: crawling - Person crawling detected
2025-04-05 02:59:37,602 - BorderSurveillance - WARNING - ALERT: crawling - Person crawling detected
2025-04-05 02:59:37,737 - BorderSurveillance - WARNING - ALERT: crawling - Person crawling detected
2025-04-05 02:59:37,737 - BorderSurveillance - WARNING - ALERT: crawling - Person crawling detected
2025-04-05 02:59:37,868 - BorderSurveillance - INFO - Dashboard alert published to border/alerts
2025-04-05 02:59:37,868 - BorderSurveillance - INFO - Dashboard alert published to border/alerts
2025-04-05 02:59:37,868 - BorderSurveillance - WARNING - ALERT: loitering - Person loitering detected for 30 seconds
2025-04-05 02:59:37,868 - BorderSurveillance - WARNING - ALERT: loitering - Person loitering detected for 30 seconds
2025-04-05 02:59:37,868 - BorderSurveillance - WARNING - ALERT: crawling - Person crawling detected
2025-04-05 02:59:37,868 - BorderSurveillance - WARNING - ALERT: crawling - Person crawling detected
2025-04-05 02:59:38,003 - BorderSurveillance - WARNING - ALERT: crawling - Person crawling detected
2025-04-05 02:59:38,003 - BorderSurveillance - WARNING - ALERT: crawling - Person crawling detected
2025-04-05 02:59:38,134 - BorderSurveillance - WARNING - ALERT: crawling - Person crawling detected
2025-04-05 02:59:38,134 - BorderSurveillance - WARNING - ALERT: crawling - Person crawling detected
2025-04-05 02:59:38,269 - BorderSurveillance - INFO - Saved alert snapshot to /Users/subhayudas/Desktop/Border-Surveillance-System/output/snapshots/crawling_20250405-025938.jpg
2025-04-05 02:59:38,269 - BorderSurveillance - INFO - Saved alert snapshot to /Users/subhayudas/Desktop/Border-Surveillance-System/output/snapshots/crawling_20250405-025938.jpg
2025-04-05 02:59:38,269 - BorderSurveillance - WARNING - ALERT: crawling - Person crawling detected
2025-04-05 02:59:38,269 - BorderSurveillance - WARNING - ALERT: crawling - Person crawling detected
2025-04-05 02:59:38,399 - BorderSurveillance - WARNING - ALERT: crawling - Person crawling detected
2025-04-05 02:59:38,399 - BorderSurveillance - WARNING - ALERT: crawling - Person crawling detected
2025-04-05 02:59:38,541 - BorderSurveillance - WARNING - ALERT: crawling - Person crawling detected
2025-04-05 02:59:38,541 - BorderSurveillance - WARNING - ALERT: crawling - Person crawling detected
2025-04-05 02:59:38,667 - BorderSurveillance - WARNING - ALERT: crawling - Person crawling detected
2025-04-05 02:59:38,667 - BorderSurveillance - WARNING - ALERT: crawling - Person crawling detected
2025-04-05 02:59:38,800 - BorderSurveillance - WARNING - ALERT: crawling - Person crawling detected
2025-04-05 02:59:38,800 - BorderSurveillance - WARNING - ALERT: crawling - Person crawling detected
2025-04-05 02:59:38,933 - BorderSurveillance - WARNING - ALERT: crawling - Person crawling detected
2025-04-05 02:59:38,933 - BorderSurveillance - WARNING - ALERT: crawling - Person crawling detected
2025-04-05 02:59:39,064 - BorderSurveillance - WARNING - ALERT: crawling - Person crawling detected
2025-04-05 02:59:39,064 - BorderSurveillance - WARNING - ALERT: crawling - Person crawling detected
2025-04-05 02:59:39,199 - BorderSurveillance - WARNING - ALERT: crawling - Person crawling detected
2025-04-05 02:59:39,199 - BorderSurveillance - WARNING - ALERT: crawling - Person crawling detected
2025-04-05 02:59:39,335 - BorderSurveillance - INFO - Saved alert snapshot to /Users/subhayudas/Desktop/Border-Surveillance-System/output/snapshots/crawling_20250405-025939.jpg
2025-04-05 02:59:39,335 - BorderSurveillance - INFO - Saved alert snapshot to /Users/subhayudas/Desktop/Border-Surveillance-System/output/snapshots/crawling_20250405-025939.jpg
2025-04-05 02:59:39,336 - BorderSurveillance - WARNING - ALERT: crawling - Person crawling detected
2025-04-05 02:59:39,336 - BorderSurveillance - WARNING - ALERT: crawling - Person crawling detected
2025-04-05 02:59:39,468 - BorderSurveillance - WARNING - ALERT: crawling - Person crawling detected
2025-04-05 02:59:39,468 - BorderSurveillance - WARNING - ALERT: crawling - Person crawling detected
2025-04-05 02:59:39,602 - BorderSurveillance - WARNING - ALERT: crawling - Person crawling detected
2025-04-05 02:59:39,602 - BorderSurveillance - WARNING - ALERT: crawling - Person crawling detected
2025-04-05 02:59:39,735 - BorderSurveillance - WARNING - ALERT: crawling - Person crawling detected
2025-04-05 02:59:39,735 - BorderSurveillance - WARNING - ALERT: crawling - Person crawling detected
2025-04-05 02:59:39,866 - BorderSurveillance - WARNING - ALERT: crawling - Person crawling detected
2025-04-05 02:59:39,866 - BorderSurveillance - WARNING - ALERT: crawling - Person crawling detected
2025-04-05 02:59:40,000 - BorderSurveillance - WARNING - ALERT: crawling - Person crawling detected
2025-04-05 02:59:40,000 - BorderSurveillance - WARNING - ALERT: crawling - Person crawling detected
2025-04-05 02:59:40,136 - BorderSurveillance - WARNING - ALERT: crawling - Person crawling detected
2025-04-05 02:59:40,136 - BorderSurveillance - WARNING - ALERT: crawling - Person crawling detected
2025-04-05 02:59:40,265 - BorderSurveillance - WARNING - ALERT: crawling - Person crawling detected
2025-04-05 02:59:40,265 - BorderSurveillance - WARNING - ALERT: crawling - Person crawling detected
2025-04-05 02:59:40,403 - BorderSurveillance - INFO - Saved alert snapshot to /Users/subhayudas/Desktop/Border-Surveillance-System/output/snapshots/crawling_20250405-025940.jpg
2025-04-05 02:59:40,403 - BorderSurveillance - INFO - Saved alert snapshot to /Users/subhayudas/Desktop/Border-Surveillance-System/output/snapshots/crawling_20250405-025940.jpg
2025-04-05 02:59:40,403 - BorderSurveillance - WARNING - ALERT: crawling - Person crawling detected
2025-04-05 02:59:40,403 - BorderSurveillance - WARNING - ALERT: crawling - Person crawling detected
2025-04-05 02:59:40,538 - BorderSurveillance - WARNING - ALERT: crawling - Person crawling detected
2025-04-05 02:59:40,538 - BorderSurveillance - WARNING - ALERT: crawling - Person crawling detected
2025-04-05 02:59:40,668 - BorderSurveillance - WARNING - ALERT: crawling - Person crawling detected
2025-04-05 02:59:40,668 - BorderSurveillance - WARNING - ALERT: crawling - Person crawling detected
2025-04-05 02:59:40,809 - BorderSurveillance - WARNING - ALERT: crawling - Person crawling detected
2025-04-05 02:59:40,809 - BorderSurveillance - WARNING - ALERT: crawling - Person crawling detected
2025-04-05 02:59:40,932 - BorderSurveillance - WARNING - ALERT: crawling - Person crawling detected
2025-04-05 02:59:40,932 - BorderSurveillance - WARNING - ALERT: crawling - Person crawling detected
2025-04-05 02:59:41,066 - BorderSurveillance - WARNING - ALERT: crawling - Person crawling detected
2025-04-05 02:59:41,066 - BorderSurveillance - WARNING - ALERT: crawling - Person crawling detected
2025-04-05 02:59:41,198 - BorderSurveillance - WARNING - ALERT: crawling - Person crawling detected
2025-04-05 02:59:41,198 - BorderSurveillance - WARNING - ALERT: crawling - Person crawling detected
2025-04-05 02:59:41,330 - BorderSurveillance - WARNING - ALERT: crawling - Person crawling detected
2025-04-05 02:59:41,330 - BorderSurveillance - WARNING - ALERT: crawling - Person crawling detected
2025-04-05 02:59:41,467 - BorderSurveillance - INFO - Saved alert snapshot to /Users/subhayudas/Desktop/Border-Surveillance-System/output/snapshots/crawling_20250405-025941.jpg
2025-04-05 02:59:41,467 - BorderSurveillance - INFO - Saved alert snapshot to /Users/subhayudas/Desktop/Border-Surveillance-System/output/snapshots/crawling_20250405-025941.jpg
2025-04-05 02:59:41,467 - BorderSurveillance - WARNING - ALERT: crawling - Person crawling detected
2025-04-05 02:59:41,467 - BorderSurveillance - WARNING - ALERT: crawling - Person crawling detected
2025-04-05 02:59:41,599 - BorderSurveillance - WARNING - ALERT: crawling - Person crawling detected
2025-04-05 02:59:41,599 - BorderSurveillance - WARNING - ALERT: crawling - Person crawling detected
2025-04-05 02:59:42,800 - BorderSurveillance - INFO - Saved alert snapshot to /Users/subhayudas/Desktop/Border-Surveillance-System/output/snapshots/crawling_20250405-025942.jpg
2025-04-05 02:59:42,800 - BorderSurveillance - INFO - Saved alert snapshot to /Users/subhayudas/Desktop/Border-Surveillance-System/output/snapshots/crawling_20250405-025942.jpg
2025-04-05 02:59:42,800 - BorderSurveillance - WARNING - ALERT: crawling - Person crawling detected
2025-04-05 02:59:42,800 - BorderSurveillance - WARNING - ALERT: crawling - Person crawling detected
2025-04-05 02:59:53,464 - BorderSurveillance - INFO - Saved alert snapshot to /Users/subhayudas/Desktop/Border-Surveillance-System/output/snapshots/crawling_20250405-025953.jpg
2025-04-05 02:59:53,464 - BorderSurveillance - INFO - Saved alert snapshot to /Users/subhayudas/Desktop/Border-Surveillance-System/output/snapshots/crawling_20250405-025953.jpg
2025-04-05 02:59:53,465 - BorderSurveillance - WARNING - ALERT: crawling - Person crawling detected
2025-04-05 02:59:53,465 - BorderSurveillance - WARNING - ALERT: crawling - Person crawling detected
2025-04-05 03:00:36,549 - BorderSurveillance - INFO - Saved alert snapshot to /Users/subhayudas/Desktop/Border-Surveillance-System/output/snapshots/loitering_20250405-030036.jpg
2025-04-05 03:00:36,549 - BorderSurveillance - INFO - Saved alert snapshot to /Users/subhayudas/Desktop/Border-Surveillance-System/output/snapshots/loitering_20250405-030036.jpg
2025-04-05 03:00:36,550 - BorderSurveillance - WARNING - ALERT: loitering - Person loitering detected for 30 seconds
2025-04-05 03:00:36,550 - BorderSurveillance - WARNING - ALERT: loitering - Person loitering detected for 30 seconds
2025-04-05 03:03:50,231 - BorderSurveillance - ERROR - Failed to connect to MQTT broker: [Errno 61] Connection refused
2025-04-05 03:03:50,548 - BorderSurveillance - INFO - Surveillance system started (PID: 51876)
2025-04-05 03:03:50,552 - BorderSurveillance - INFO - Dashboard API started at http://0.0.0.0:8000 (PID: 51877)
2025-04-05 03:03:52,506 - BorderSurveillance - ERROR - Failed to connect to MQTT broker: [Errno 61] Connection refused
2025-04-05 03:03:52,506 - BorderSurveillance - ERROR - Failed to connect to MQTT broker: [Errno 61] Connection refused
2025-04-05 03:03:52,816 - BorderSurveillance - ERROR - Failed to initialize MQTT client: [Errno 61] Connection refused
2025-04-05 03:03:56,182 - BorderSurveillance - INFO - Loading model from /Users/subhayudas/Desktop/Border-Surveillance-System/models/yolov8n.pt
2025-04-05 03:03:56,250 - BorderSurveillance - INFO - Using device: cpu
2025-04-05 03:03:56,254 - BorderSurveillance - INFO - Surveillance system initialized successfully
2025-04-05 03:03:56,254 - BorderSurveillance - INFO - Surveillance system initialized successfully
2025-04-05 03:03:56,254 - BorderSurveillance - INFO - Starting surveillance system
2025-04-05 03:03:56,254 - BorderSurveillance - INFO - Starting surveillance system
2025-04-05 03:04:14,453 - BorderSurveillance - INFO - Shutdown signal received, terminating processes...
2025-04-05 03:06:22,089 - BorderSurveillance - ERROR - Failed to connect to MQTT broker: [Errno 61] Connection refused
2025-04-05 03:06:22,397 - BorderSurveillance - INFO - Surveillance system started (PID: 52918)
2025-04-05 03:06:22,402 - BorderSurveillance - INFO - Dashboard API started at http://0.0.0.0:8000 (PID: 52919)
2025-04-05 03:06:24,521 - BorderSurveillance - ERROR - Failed to connect to MQTT broker: [Errno 61] Connection refused
2025-04-05 03:06:24,580 - BorderSurveillance - ERROR - Failed to connect to MQTT broker: [Errno 61] Connection refused
2025-04-05 03:06:24,820 - BorderSurveillance - ERROR - Failed to initialize MQTT client: [Errno 61] Connection refused
2025-04-05 03:06:26,388 - BorderSurveillance - INFO - Loading model from /Users/subhayudas/Desktop/Border-Surveillance-System/models/yolov8n.pt
2025-04-05 03:06:26,422 - BorderSurveillance - INFO - Using device: cpu
2025-04-05 03:06:26,424 - BorderSurveillance - INFO - Surveillance system initialized successfully
2025-04-05 03:06:26,424 - BorderSurveillance - INFO - Surveillance system initialized successfully
2025-04-05 03:06:26,424 - BorderSurveillance - INFO - Starting surveillance system
2025-04-05 03:06:26,424 - BorderSurveillance - INFO - Starting surveillance system
2025-04-05 03:06:46,588 - BorderSurveillance - INFO - Surveillance system interrupted by user
2025-04-05 03:06:46,588 - BorderSurveillance - INFO - Surveillance system interrupted by user
2025-04-05 03:06:46,587 - BorderSurveillance - INFO - Shutdown signal received, terminating processes...
2025-04-05 03:14:50,409 - BorderSurveillance - ERROR - Failed to connect to MQTT broker: [Errno 61] Connection refused
2025-04-05 03:15:11,025 - BorderSurveillance - INFO - Loading model from /Users/subhayudas/Desktop/Border-Surveillance-System/models/yolov8n.pt
2025-04-05 03:15:11,096 - BorderSurveillance - INFO - Using device: cpu
2025-04-05 03:16:20,642 - BorderSurveillance - INFO - Loading model from /Users/subhayudas/Desktop/Border-Surveillance-System/models/yolov8n.pt
2025-04-05 03:16:20,692 - BorderSurveillance - INFO - Using device: cpu
2025-04-05 03:25:18,661 - BorderSurveillance - ERROR - Failed to connect to MQTT broker: [Errno 61] Connection refused
2025-04-05 03:25:37,669 - BorderSurveillance - INFO - Loading model from /Users/subhayudas/Desktop/Border-Surveillance-System/models/yolov8n.pt
2025-04-05 03:25:37,736 - BorderSurveillance - INFO - Using device: cpu
2025-04-05 03:25:37,738 - BorderSurveillance - INFO - Loading model from /Users/subhayudas/Desktop/Border-Surveillance-System/models/yolov8n.pt
2025-04-05 03:25:37,758 - BorderSurveillance - INFO - Weapon detector initialized
2025-04-05 03:28:47,285 - BorderSurveillance - INFO - Loading model from /Users/subhayudas/Desktop/Border-Surveillance-System/models/yolov8n.pt
2025-04-05 03:28:47,350 - BorderSurveillance - INFO - Using device: cpu
2025-04-05 03:28:47,352 - BorderSurveillance - INFO - Loading model from /Users/subhayudas/Desktop/Border-Surveillance-System/models/yolov8n.pt
2025-04-05 03:28:47,376 - BorderSurveillance - INFO - Weapon detector initialized
2025-04-05 03:29:49,884 - BorderSurveillance - INFO - Loading model from /Users/subhayudas/Desktop/Border-Surveillance-System/models/yolov8n.pt
2025-04-05 03:29:49,917 - BorderSurveillance - INFO - Using device: cpu
2025-04-05 03:29:49,918 - BorderSurveillance - INFO - Loading model from /Users/subhayudas/Desktop/Border-Surveillance-System/models/yolov8n.pt
2025-04-05 03:29:50,082 - BorderSurveillance - INFO - Weapon detector initialized
2025-04-05 03:30:09,932 - BorderSurveillance - INFO - Loading model from /Users/subhayudas/Desktop/Border-Surveillance-System/models/yolov8n.pt
2025-04-05 03:30:09,957 - BorderSurveillance - INFO - Using device: cpu
2025-04-05 03:30:09,958 - BorderSurveillance - INFO - Loading model from /Users/subhayudas/Desktop/Border-Surveillance-System/models/yolov8n.pt
2025-04-05 03:30:09,977 - BorderSurveillance - INFO - Weapon detector initialized
2025-04-05 03:39:04,724 - BorderSurveillance - INFO - Loading model from /Users/subhayudas/Desktop/Border-Surveillance-System/models/yolov8n.pt
2025-04-05 03:39:04,786 - BorderSurveillance - INFO - Using device: cpu
2025-04-05 03:39:04,788 - BorderSurveillance - INFO - Loading model from /Users/subhayudas/Desktop/Border-Surveillance-System/models/yolov8n.pt
2025-04-05 03:39:04,817 - BorderSurveillance - INFO - Weapon detector initialized
2025-04-05 03:39:53,794 - BorderSurveillance - INFO - Loading model from /Users/subhayudas/Desktop/Border-Surveillance-System/models/yolov8n.pt
2025-04-05 03:39:53,847 - BorderSurveillance - INFO - Using device: cpu
2025-04-05 03:39:53,848 - BorderSurveillance - INFO - Loading model from /Users/subhayudas/Desktop/Border-Surveillance-System/models/yolov8n.pt
2025-04-05 03:39:53,871 - BorderSurveillance - INFO - Weapon detector initialized
2025-04-05 03:41:32,327 - BorderSurveillance - ERROR - Failed to connect to MQTT broker: [Errno 61] Connection refused
2025-04-05 03:42:04,406 - BorderSurveillance - INFO - Loading model from /Users/subhayudas/Desktop/Border-Surveillance-System/models/yolov8n.pt
2025-04-05 03:42:04,445 - BorderSurveillance - INFO - Using device: cpu
2025-04-05 03:42:04,447 - BorderSurveillance - INFO - Loading model from /Users/subhayudas/Desktop/Border-Surveillance-System/models/yolov8n.pt
2025-04-05 03:42:04,470 - BorderSurveillance - INFO - Weapon detector initialized with enhanced gun detection
2025-04-05 03:43:04,506 - BorderSurveillance - INFO - Loading model from /Users/subhayudas/Desktop/Border-Surveillance-System/models/yolov8n.pt
2025-04-05 03:43:04,533 - BorderSurveillance - INFO - Using device: cpu
2025-04-05 03:43:04,534 - BorderSurveillance - INFO - Loading model from /Users/subhayudas/Desktop/Border-Surveillance-System/models/yolov8n.pt
2025-04-05 03:43:04,554 - BorderSurveillance - INFO - Weapon detector initialized with enhanced gun detection
2025-04-05 03:50:41,223 - BorderSurveillance - ERROR - Failed to connect to MQTT broker: [Errno 61] Connection refused
2025-04-05 03:50:58,593 - BorderSurveillance - INFO - Loading model from /Users/subhayudas/Desktop/Border-Surveillance-System/models/yolov8n.pt
2025-04-05 03:50:58,650 - BorderSurveillance - INFO - Using device: cpu
2025-04-05 03:50:58,652 - BorderSurveillance - INFO - Loading model from /Users/subhayudas/Desktop/Border-Surveillance-System/models/yolov8n.pt
2025-04-05 03:50:58,675 - BorderSurveillance - INFO - Weapon detector initialized with enhanced gun detection
2025-04-05 03:50:58,675 - BorderSurveillance - INFO - Border crossing detector initialized with 2 border lines
2025-04-05 03:53:27,659 - BorderSurveillance - INFO - Loading model from /Users/subhayudas/Desktop/Border-Surveillance-System/models/yolov8n.pt
2025-04-05 03:53:27,701 - BorderSurveillance - INFO - Using device: cpu
2025-04-05 03:53:27,702 - BorderSurveillance - INFO - Loading model from /Users/subhayudas/Desktop/Border-Surveillance-System/models/yolov8n.pt
2025-04-05 03:53:27,722 - BorderSurveillance - INFO - Weapon detector initialized with enhanced gun detection
2025-04-05 03:53:27,722 - BorderSurveillance - INFO - Border crossing detector initialized with 2 border lines
2025-04-05 04:26:54,079 - BorderSurveillance - ERROR - Failed to connect to MQTT broker: [Errno 61] Connection refused
2025-04-05 04:27:04,870 - BorderSurveillance - INFO - Loading model from /Users/subhayudas/Desktop/Border-Surveillance-System/models/yolov8n.pt
2025-04-05 04:27:04,914 - BorderSurveillance - INFO - Using device: cpu
2025-04-05 04:27:04,916 - BorderSurveillance - INFO - Loading model from /Users/subhayudas/Desktop/Border-Surveillance-System/models/yolov8n.pt
2025-04-05 04:27:04,936 - BorderSurveillance - INFO - Weapon detector initialized with enhanced gun detection
2025-04-05 04:27:04,936 - BorderSurveillance - INFO - Border crossing detector initialized with 2 border lines
2025-04-05 04:27:35,473 - BorderSurveillance - INFO - Loading model from /Users/subhayudas/Desktop/Border-Surveillance-System/models/yolov8n.pt
2025-04-05 04:27:35,503 - BorderSurveillance - INFO - Using device: cpu
2025-04-05 04:27:35,505 - BorderSurveillance - INFO - Loading model from /Users/subhayudas/Desktop/Border-Surveillance-System/models/yolov8n.pt
2025-04-05 04:27:35,527 - BorderSurveillance - INFO - Weapon detector initialized with enhanced gun detection
2025-04-05 04:27:35,527 - BorderSurveillance - INFO - Border crossing detector initialized with 2 border lines
2025-04-05 12:29:26,580 - BorderSurveillance - ERROR - Failed to connect to MQTT broker: [Errno 61] Connection refused
2025-04-05 12:29:35,723 - BorderSurveillance - INFO - Loading model from /Users/subhayudas/Desktop/Border-Surveillance-System/models/yolov8n.pt
2025-04-05 12:29:35,761 - BorderSurveillance - INFO - Using device: cpu
2025-04-05 12:29:35,763 - BorderSurveillance - INFO - Loading model from /Users/subhayudas/Desktop/Border-Surveillance-System/models/yolov8n.pt
2025-04-05 12:29:35,783 - BorderSurveillance - INFO - Weapon detector initialized with enhanced gun detection
2025-04-05 12:29:35,783 - BorderSurveillance - INFO - Border crossing detector initialized with 2 border lines
2025-04-05 12:30:02,926 - BorderSurveillance - INFO - Loading model from /Users/subhayudas/Desktop/Border-Surveillance-System/models/yolov8n.pt
2025-04-05 12:30:02,988 - BorderSurveillance - INFO - Using device: cpu
2025-04-05 12:30:02,989 - BorderSurveillance - INFO - Loading model from /Users/subhayudas/Desktop/Border-Surveillance-System/models/yolov8n.pt
2025-04-05 12:30:03,009 - BorderSurveillance - INFO - Weapon detector initialized with enhanced gun detection
2025-04-05 12:30:03,009 - BorderSurveillance - INFO - Border crossing detector initialized with 2 border lines
2025-04-05 15:14:05,050 - BorderSurveillance - INFO - Loading model from /Users/subhayudas/Desktop/Border-Surveillance-System/models/yolov8n.pt
2025-04-05 15:14:05,091 - BorderSurveillance - INFO - Using device: cpu
2025-04-05 15:14:05,092 - BorderSurveillance - INFO - Loading model from /Users/subhayudas/Desktop/Border-Surveillance-System/models/yolov8n.pt
2025-04-05 15:14:05,115 - BorderSurveillance - INFO - Weapon detector initialized with enhanced gun detection
2025-04-05 15:14:05,116 - BorderSurveillance - INFO - Border crossing detector initialized with 2 border lines
2025-04-05 15:20:49,407 - BorderSurveillance - ERROR - Failed to connect to MQTT broker: [Errno 61] Connection refused
2025-04-05 15:21:05,243 - BorderSurveillance - INFO - Loading model from /Users/subhayudas/Desktop/Border-Surveillance-System/models/yolov8n.pt
2025-04-05 15:21:05,284 - BorderSurveillance - INFO - Using device: cpu
2025-04-05 15:21:05,285 - BorderSurveillance - INFO - Border crossing detector initialized with 2 border lines
2025-04-05 15:21:13,760 - BorderSurveillance - INFO - Loading model from /Users/subhayudas/Desktop/Border-Surveillance-System/models/yolov8n.pt
2025-04-05 15:21:13,793 - BorderSurveillance - INFO - Using device: cpu
2025-04-05 15:21:13,794 - BorderSurveillance - INFO - Border crossing detector initialized with 2 border lines
2025-04-05 15:21:14,911 - BorderSurveillance - INFO - Loading model from /Users/subhayudas/Desktop/Border-Surveillance-System/models/yolov8n.pt
2025-04-05 15:21:14,940 - BorderSurveillance - INFO - Using device: cpu
2025-04-05 15:21:14,942 - BorderSurveillance - INFO - Border crossing detector initialized with 2 border lines
2025-04-05 15:21:48,520 - BorderSurveillance - INFO - Loading model from /Users/subhayudas/Desktop/Border-Surveillance-System/models/yolov8n.pt
2025-04-05 15:21:48,554 - BorderSurveillance - INFO - Using device: cpu
2025-04-05 15:21:48,556 - BorderSurveillance - INFO - Loading model from /Users/subhayudas/Desktop/Border-Surveillance-System/models/yolov8n.pt
2025-04-05 15:21:48,576 - BorderSurveillance - INFO - Weapon detector initialized with enhanced gun detection
2025-04-05 15:21:48,576 - BorderSurveillance - INFO - Border crossing detector initialized with 2 border lines
2025-04-05 15:22:06,839 - BorderSurveillance - INFO - Loading model from /Users/subhayudas/Desktop/Border-Surveillance-System/models/yolov8n.pt
2025-04-05 15:22:06,868 - BorderSurveillance - INFO - Using device: cpu
2025-04-05 15:22:06,869 - BorderSurveillance - INFO - Border crossing detector initialized with 2 border lines
2025-04-05 15:22:08,410 - BorderSurveillance - INFO - Loading model from /Users/subhayudas/Desktop/Border-Surveillance-System/models/yolov8n.pt
2025-04-05 15:22:08,566 - BorderSurveillance - INFO - Using device: cpu
2025-04-05 15:22:08,568 - BorderSurveillance - INFO - Border crossing detector initialized with 2 border lines
2025-04-05 15:24:31,968 - BorderSurveillance - ERROR - Failed to connect to MQTT broker: [Errno 61] Connection refused
2025-04-05 15:24:42,990 - BorderSurveillance - INFO - Loading model from /Users/subhayudas/Desktop/Border-Surveillance-System/models/yolov8n.pt
2025-04-05 15:24:43,019 - BorderSurveillance - INFO - Using device: cpu
2025-04-05 15:24:43,020 - BorderSurveillance - INFO - Loading model from /Users/subhayudas/Desktop/Border-Surveillance-System/models/yolov8n.pt
2025-04-05 15:24:43,040 - BorderSurveillance - INFO - Weapon detector initialized with enhanced gun detection
2025-04-05 15:24:43,040 - BorderSurveillance - INFO - Border crossing detector initialized with 2 border lines
2025-04-05 15:27:57,517 - BorderSurveillance - ERROR - Failed to connect to MQTT broker: [Errno 61] Connection refused
2025-04-05 15:28:28,677 - BorderSurveillance - INFO - Loading model from /Users/subhayudas/Desktop/Border-Surveillance-System/models/yolov8n.pt
2025-04-05 15:28:28,722 - BorderSurveillance - INFO - Using device: cpu
2025-04-05 15:28:28,723 - BorderSurveillance - INFO - Loading model from /Users/subhayudas/Desktop/Border-Surveillance-System/models/yolov8n.pt
2025-04-05 15:28:28,745 - BorderSurveillance - INFO - Weapon detector initialized with enhanced gun detection
2025-04-05 15:28:28,745 - BorderSurveillance - INFO - Border crossing detector initialized with 2 border lines
2025-04-05 15:29:04,514 - BorderSurveillance - INFO - Loading model from /Users/subhayudas/Desktop/Border-Surveillance-System/models/yolov8n.pt
2025-04-05 15:29:04,547 - BorderSurveillance - INFO - Using device: cpu
2025-04-05 15:29:04,549 - BorderSurveillance - INFO - Loading model from /Users/subhayudas/Desktop/Border-Surveillance-System/models/yolov8n.pt
2025-04-05 15:29:04,569 - BorderSurveillance - INFO - Weapon detector initialized with enhanced gun detection
2025-04-05 15:29:04,569 - BorderSurveillance - INFO - Border crossing detector initialized with 2 border lines
2025-04-05 15:33:42,839 - BorderSurveillance - ERROR - Failed to connect to MQTT broker: [Errno 61] Connection refused
2025-04-05 15:34:36,650 - BorderSurveillance - INFO - Loading model from /Users/subhayudas/Desktop/Border-Surveillance-System/models/yolov8n.pt
2025-04-05 15:34:36,689 - BorderSurveillance - INFO - Using device: cpu
2025-04-05 15:34:36,691 - BorderSurveillance - INFO - Loading model from /Users/subhayudas/Desktop/Border-Surveillance-System/models/yolov8n.pt
2025-04-05 15:34:36,711 - BorderSurveillance - INFO - Item detector initialized for cell phones and bags detection
2025-04-05 15:34:36,711 - BorderSurveillance - INFO - Border crossing detector initialized with 2 border lines
2025-04-05 15:36:10,078 - BorderSurveillance - INFO - Loading model from /Users/subhayudas/Desktop/Border-Surveillance-System/models/yolov8n.pt
2025-04-05 15:36:10,111 - BorderSurveillance - INFO - Using device: cpu
2025-04-05 15:36:10,112 - BorderSurveillance - INFO - Loading model from /Users/subhayudas/Desktop/Border-Surveillance-System/models/yolov8n.pt
2025-04-05 15:36:10,133 - BorderSurveillance - INFO - Item detector initialized for cell phones and bags detection
2025-04-05 15:36:10,133 - BorderSurveillance - INFO - Border crossing detector initialized with 2 border lines
2025-04-05 15:43:58,610 - BorderSurveillance - INFO - Loading model from /Users/subhayudas/Desktop/Border-Surveillance-System/models/yolov8n.pt
2025-04-05 15:43:58,651 - BorderSurveillance - INFO - Using device: cpu
2025-04-05 15:43:58,652 - BorderSurveillance - INFO - Loading model from /Users/subhayudas/Desktop/Border-Surveillance-System/models/yolov8n.pt
2025-04-05 15:43:58,819 - BorderSurveillance - INFO - Item detector initialized for cell phones and bags detection
2025-04-05 15:43:58,819 - BorderSurveillance - INFO - Border crossing detector initialized with 2 border lines
2025-04-05 15:44:43,826 - BorderSurveillance - INFO - Loading model from /Users/subhayudas/Desktop/Border-Surveillance-System/models/yolov8n.pt
2025-04-05 15:44:43,852 - BorderSurveillance - INFO - Using device: cpu
2025-04-05 15:44:43,853 - BorderSurveillance - INFO - Loading model from /Users/subhayudas/Desktop/Border-Surveillance-System/models/yolov8n.pt
2025-04-05 15:44:43,872 - BorderSurveillance - INFO - Item detector initialized for cell phones and bags detection
2025-04-05 15:44:43,873 - BorderSurveillance - INFO - Border crossing detector initialized with 2 border lines
2025-04-05 15:56:50,681 - BorderSurveillance - ERROR - Failed to connect to MQTT broker: [Errno 61] Connection refused
2025-04-05 15:57:53,353 - BorderSurveillance - ERROR - Failed to connect to MQTT broker: [Errno 61] Connection refused
2025-04-05 16:04:17,553 - BorderSurveillance - ERROR - Failed to connect to MQTT broker: [Errno 61] Connection refused
2025-04-05 16:04:18,301 - BorderSurveillance - ERROR - Failed to connect to MQTT broker: [Errno 61] Connection refused
2025-04-05 16:05:55,246 - BorderSurveillance - ERROR - Failed to connect to MQTT broker: [Errno 61] Connection refused
2025-04-05 16:05:56,009 - BorderSurveillance - ERROR - Failed to connect to MQTT broker: [Errno 61] Connection refused
2025-04-05 16:10:59,587 - BorderSurveillance - ERROR - Failed to connect to MQTT broker: [Errno 61] Connection refused
2025-04-05 16:11:00,296 - BorderSurveillance - ERROR - Failed to connect to MQTT broker: [Errno 61] Connection refused
2025-04-05 16:15:53,267 - BorderSurveillance - ERROR - Failed to connect to MQTT broker: [Errno 61] Connection refused
2025-04-05 16:15:53,967 - BorderSurveillance - ERROR - Failed to connect to MQTT broker: [Errno 61] Connection refused
2025-04-05 16:21:12,007 - BorderSurveillance - ERROR - Failed to connect to MQTT broker: [Errno 61] Connection refused
2025-04-05 16:21:12,717 - BorderSurveillance - ERROR - Failed to connect to MQTT broker: [Errno 61] Connection refused
2025-04-05 16:23:57,007 - BorderSurveillance - ERROR - Failed to connect to MQTT broker: [Errno 61] Connection refused
2025-04-05 16:23:57,999 - BorderSurveillance - ERROR - Failed to connect to MQTT broker: [Errno 61] Connection refused
2025-04-05 16:25:26,217 - BorderSurveillance - ERROR - Failed to connect to MQTT broker: [Errno 61] Connection refused
2025-04-05 16:25:27,132 - BorderSurveillance - ERROR - Failed to connect to MQTT broker: [Errno 61] Connection refused
2025-04-05 16:26:21,793 - BorderSurveillance - ERROR - Failed to connect to MQTT broker: [Errno 61] Connection refused
2025-04-05 16:26:22,722 - BorderSurveillance - ERROR - Failed to connect to MQTT broker: [Errno 61] Connection refused
2025-04-05 16:27:08,778 - BorderSurveillance - ERROR - Failed to connect to MQTT broker: [Errno 61] Connection refused
2025-04-05 16:27:09,486 - BorderSurveillance - ERROR - Failed to connect to MQTT broker: [Errno 61] Connection refused
2025-04-05 16:38:00,290 - BorderSurveillance - ERROR - Failed to connect to MQTT broker: [Errno 61] Connection refused
2025-04-05 16:39:38,965 - BorderSurveillance - ERROR - Failed to connect to MQTT broker: [Errno 61] Connection refused
2025-04-05 16:39:39,729 - BorderSurveillance - ERROR - Failed to connect to MQTT broker: [Errno 61] Connection refused
2025-04-05 16:41:33,888 - BorderSurveillance - ERROR - Failed to connect to MQTT broker: [Errno 61] Connection refused
2025-04-05 16:41:34,664 - BorderSurveillance - ERROR - Failed to connect to MQTT broker: [Errno 61] Connection refused
2025-04-05 16:42:43,246 - BorderSurveillance - ERROR - Failed to connect to MQTT broker: [Errno 61] Connection refused
2025-04-05 16:42:43,985 - BorderSurveillance - ERROR - Failed to connect to MQTT broker: [Errno 61] Connection refused
2025-04-05 16:45:15,242 - BorderSurveillance - ERROR - Failed to connect to MQTT broker: [Errno 61] Connection refused
2025-04-05 16:45:16,036 - BorderSurveillance - ERROR - Failed to connect to MQTT broker: [Errno 61] Connection refused
2025-04-05 16:46:42,569 - BorderSurveillance - ERROR - Failed to connect to MQTT broker: [Errno 61] Connection refused
2025-04-05 16:46:43,394 - BorderSurveillance - ERROR - Failed to connect to MQTT broker: [Errno 61] Connection refused
2025-04-05 16:46:54,820 - BorderSurveillance - INFO - Loading model from /Users/subhayudas/Desktop/Border-Surveillance-System/models/yolov8n.pt
2025-04-05 16:46:54,847 - BorderSurveillance - INFO - Loading model from /Users/subhayudas/Desktop/Border-Surveillance-System/models/yolov8n.pt
2025-04-05 16:46:54,882 - BorderSurveillance - INFO - Loading model from /Users/subhayudas/Desktop/Border-Surveillance-System/models/yolov8n.pt
2025-04-05 16:46:54,916 - BorderSurveillance - INFO - Loading model from /Users/subhayudas/Desktop/Border-Surveillance-System/models/yolov8n.pt
2025-04-05 16:46:54,937 - BorderSurveillance - INFO - Using device: cpu
2025-04-05 16:46:54,939 - BorderSurveillance - INFO - Using device: cpu
2025-04-05 16:46:54,949 - BorderSurveillance - INFO - Loading model from /Users/subhayudas/Desktop/Border-Surveillance-System/models/yolov8n.pt
2025-04-05 16:46:54,961 - BorderSurveillance - INFO - Using device: cpu
2025-04-05 16:46:54,983 - BorderSurveillance - INFO - Loading model from /Users/subhayudas/Desktop/Border-Surveillance-System/models/yolov8n.pt
2025-04-05 16:46:55,014 - BorderSurveillance - INFO - Loading model from /Users/subhayudas/Desktop/Border-Surveillance-System/models/yolov8n.pt
2025-04-05 16:46:55,182 - BorderSurveillance - INFO - Loading model from /Users/subhayudas/Desktop/Border-Surveillance-System/models/yolov8n.pt
2025-04-05 16:46:55,216 - BorderSurveillance - INFO - Loading model from /Users/subhayudas/Desktop/Border-Surveillance-System/models/yolov8n.pt
2025-04-05 16:46:55,249 - BorderSurveillance - INFO - Loading model from /Users/subhayudas/Desktop/Border-Surveillance-System/models/yolov8n.pt
2025-04-05 16:46:55,283 - BorderSurveillance - INFO - Loading model from /Users/subhayudas/Desktop/Border-Surveillance-System/models/yolov8n.pt
2025-04-05 16:46:55,307 - BorderSurveillance - INFO - Using device: cpu
2025-04-05 16:46:55,315 - BorderSurveillance - INFO - Loading model from /Users/subhayudas/Desktop/Border-Surveillance-System/models/yolov8n.pt
2025-04-05 16:46:55,350 - BorderSurveillance - INFO - Loading model from /Users/subhayudas/Desktop/Border-Surveillance-System/models/yolov8n.pt
2025-04-05 16:46:55,383 - BorderSurveillance - INFO - Loading model from /Users/subhayudas/Desktop/Border-Surveillance-System/models/yolov8n.pt
2025-04-05 16:46:55,387 - BorderSurveillance - INFO - Using device: cpu
2025-04-05 16:46:55,416 - BorderSurveillance - INFO - Loading model from /Users/subhayudas/Desktop/Border-Surveillance-System/models/yolov8n.pt
2025-04-05 16:46:55,436 - BorderSurveillance - INFO - Using device: cpu
2025-04-05 16:46:55,450 - BorderSurveillance - INFO - Loading model from /Users/subhayudas/Desktop/Border-Surveillance-System/models/yolov8n.pt
2025-04-05 16:46:55,482 - BorderSurveillance - INFO - Loading model from /Users/subhayudas/Desktop/Border-Surveillance-System/models/yolov8n.pt
2025-04-05 16:46:55,515 - BorderSurveillance - INFO - Loading model from /Users/subhayudas/Desktop/Border-Surveillance-System/models/yolov8n.pt
2025-04-05 16:46:55,520 - BorderSurveillance - INFO - Using device: cpu
2025-04-05 16:46:55,551 - BorderSurveillance - INFO - Loading model from /Users/subhayudas/Desktop/Border-Surveillance-System/models/yolov8n.pt
2025-04-05 16:46:55,594 - BorderSurveillance - INFO - Loading model from /Users/subhayudas/Desktop/Border-Surveillance-System/models/yolov8n.pt
2025-04-05 16:46:55,617 - BorderSurveillance - INFO - Loading model from /Users/subhayudas/Desktop/Border-Surveillance-System/models/yolov8n.pt
2025-04-05 16:46:55,628 - BorderSurveillance - INFO - Using device: cpu
2025-04-05 16:46:55,649 - BorderSurveillance - INFO - Loading model from /Users/subhayudas/Desktop/Border-Surveillance-System/models/yolov8n.pt
2025-04-05 16:46:55,687 - BorderSurveillance - INFO - Loading model from /Users/subhayudas/Desktop/Border-Surveillance-System/models/yolov8n.pt
2025-04-05 16:46:55,716 - BorderSurveillance - INFO - Loading model from /Users/subhayudas/Desktop/Border-Surveillance-System/models/yolov8n.pt
2025-04-05 16:46:55,726 - BorderSurveillance - INFO - Using device: cpu
2025-04-05 16:46:55,752 - BorderSurveillance - INFO - Loading model from /Users/subhayudas/Desktop/Border-Surveillance-System/models/yolov8n.pt
2025-04-05 16:46:55,786 - BorderSurveillance - INFO - Loading model from /Users/subhayudas/Desktop/Border-Surveillance-System/models/yolov8n.pt
2025-04-05 16:46:55,800 - BorderSurveillance - INFO - Using device: cpu
2025-04-05 16:46:55,819 - BorderSurveillance - INFO - Loading model from /Users/subhayudas/Desktop/Border-Surveillance-System/models/yolov8n.pt
2025-04-05 16:46:55,850 - BorderSurveillance - INFO - Loading model from /Users/subhayudas/Desktop/Border-Surveillance-System/models/yolov8n.pt
2025-04-05 16:46:55,885 - BorderSurveillance - INFO - Loading model from /Users/subhayudas/Desktop/Border-Surveillance-System/models/yolov8n.pt
2025-04-05 16:46:55,923 - BorderSurveillance - INFO - Loading model from /Users/subhayudas/Desktop/Border-Surveillance-System/models/yolov8n.pt
2025-04-05 16:46:55,954 - BorderSurveillance - INFO - Loading model from /Users/subhayudas/Desktop/Border-Surveillance-System/models/yolov8n.pt
2025-04-05 16:46:55,958 - BorderSurveillance - INFO - Using device: cpu
2025-04-05 16:46:55,986 - BorderSurveillance - INFO - Loading model from /Users/subhayudas/Desktop/Border-Surveillance-System/models/yolov8n.pt
2025-04-05 16:46:55,995 - BorderSurveillance - INFO - Using device: cpu
2025-04-05 16:46:56,018 - BorderSurveillance - INFO - Loading model from /Users/subhayudas/Desktop/Border-Surveillance-System/models/yolov8n.pt
2025-04-05 16:46:56,059 - BorderSurveillance - INFO - Loading model from /Users/subhayudas/Desktop/Border-Surveillance-System/models/yolov8n.pt
2025-04-05 16:46:56,093 - BorderSurveillance - INFO - Using device: cpu
2025-04-05 16:46:56,093 - BorderSurveillance - INFO - Loading model from /Users/subhayudas/Desktop/Border-Surveillance-System/models/yolov8n.pt
2025-04-05 16:46:56,118 - BorderSurveillance - INFO - Loading model from /Users/subhayudas/Desktop/Border-Surveillance-System/models/yolov8n.pt
2025-04-05 16:46:56,124 - BorderSurveillance - INFO - Using device: cpu
2025-04-05 16:46:56,153 - BorderSurveillance - INFO - Loading model from /Users/subhayudas/Desktop/Border-Surveillance-System/models/yolov8n.pt
2025-04-05 16:46:56,184 - BorderSurveillance - INFO - Loading model from /Users/subhayudas/Desktop/Border-Surveillance-System/models/yolov8n.pt
2025-04-05 16:46:56,222 - BorderSurveillance - INFO - Loading model from /Users/subhayudas/Desktop/Border-Surveillance-System/models/yolov8n.pt
2025-04-05 16:46:56,250 - BorderSurveillance - INFO - Using device: cpu
2025-04-05 16:46:56,255 - BorderSurveillance - INFO - Loading model from /Users/subhayudas/Desktop/Border-Surveillance-System/models/yolov8n.pt
2025-04-05 16:46:56,289 - BorderSurveillance - INFO - Loading model from /Users/subhayudas/Desktop/Border-Surveillance-System/models/yolov8n.pt
2025-04-05 16:46:56,326 - BorderSurveillance - INFO - Loading model from /Users/subhayudas/Desktop/Border-Surveillance-System/models/yolov8n.pt
2025-04-05 16:46:56,358 - BorderSurveillance - INFO - Loading model from /Users/subhayudas/Desktop/Border-Surveillance-System/models/yolov8n.pt
2025-04-05 16:46:56,489 - BorderSurveillance - INFO - Loading model from /Users/subhayudas/Desktop/Border-Surveillance-System/models/yolov8n.pt
2025-04-05 16:46:56,518 - BorderSurveillance - INFO - Loading model from /Users/subhayudas/Desktop/Border-Surveillance-System/models/yolov8n.pt
2025-04-05 16:46:56,548 - BorderSurveillance - INFO - Using device: cpu
2025-04-05 16:46:56,559 - BorderSurveillance - INFO - Loading model from /Users/subhayudas/Desktop/Border-Surveillance-System/models/yolov8n.pt
2025-04-05 16:46:56,586 - BorderSurveillance - INFO - Loading model from /Users/subhayudas/Desktop/Border-Surveillance-System/models/yolov8n.pt
2025-04-05 16:46:56,617 - BorderSurveillance - INFO - Using device: cpu
2025-04-05 16:46:56,618 - BorderSurveillance - INFO - Loading model from /Users/subhayudas/Desktop/Border-Surveillance-System/models/yolov8n.pt
2025-04-05 16:46:56,660 - BorderSurveillance - INFO - Loading model from /Users/subhayudas/Desktop/Border-Surveillance-System/models/yolov8n.pt
2025-04-05 16:46:56,685 - BorderSurveillance - INFO - Loading model from /Users/subhayudas/Desktop/Border-Surveillance-System/models/yolov8n.pt
2025-04-05 16:46:56,723 - BorderSurveillance - INFO - Loading model from /Users/subhayudas/Desktop/Border-Surveillance-System/models/yolov8n.pt
2025-04-05 16:46:56,740 - BorderSurveillance - INFO - Using device: cpu
2025-04-05 16:46:56,754 - BorderSurveillance - INFO - Loading model from /Users/subhayudas/Desktop/Border-Surveillance-System/models/yolov8n.pt
2025-04-05 16:46:56,773 - BorderSurveillance - INFO - Using device: cpu
2025-04-05 16:46:56,791 - BorderSurveillance - INFO - Loading model from /Users/subhayudas/Desktop/Border-Surveillance-System/models/yolov8n.pt
2025-04-05 16:46:56,823 - BorderSurveillance - INFO - Loading model from /Users/subhayudas/Desktop/Border-Surveillance-System/models/yolov8n.pt
2025-04-05 16:46:56,852 - BorderSurveillance - INFO - Loading model from /Users/subhayudas/Desktop/Border-Surveillance-System/models/yolov8n.pt
2025-04-05 16:46:56,886 - BorderSurveillance - INFO - Using device: cpu
2025-04-05 16:46:56,888 - BorderSurveillance - INFO - Loading model from /Users/subhayudas/Desktop/Border-Surveillance-System/models/yolov8n.pt
2025-04-05 16:46:56,915 - BorderSurveillance - INFO - Using device: cpu
2025-04-05 16:46:56,924 - BorderSurveillance - INFO - Loading model from /Users/subhayudas/Desktop/Border-Surveillance-System/models/yolov8n.pt
2025-04-05 16:46:57,082 - BorderSurveillance - INFO - Loading model from /Users/subhayudas/Desktop/Border-Surveillance-System/models/yolov8n.pt
2025-04-05 16:46:57,123 - BorderSurveillance - INFO - Loading model from /Users/subhayudas/Desktop/Border-Surveillance-System/models/yolov8n.pt
2025-04-05 16:46:57,151 - BorderSurveillance - INFO - Loading model from /Users/subhayudas/Desktop/Border-Surveillance-System/models/yolov8n.pt
2025-04-05 16:46:57,166 - BorderSurveillance - INFO - Using device: cpu
2025-04-05 16:46:57,186 - BorderSurveillance - INFO - Using device: cpu
2025-04-05 16:46:57,191 - BorderSurveillance - INFO - Loading model from /Users/subhayudas/Desktop/Border-Surveillance-System/models/yolov8n.pt
2025-04-05 16:46:57,217 - BorderSurveillance - INFO - Loading model from /Users/subhayudas/Desktop/Border-Surveillance-System/models/yolov8n.pt
2025-04-05 16:46:57,252 - BorderSurveillance - INFO - Loading model from /Users/subhayudas/Desktop/Border-Surveillance-System/models/yolov8n.pt
2025-04-05 16:46:57,271 - BorderSurveillance - INFO - Using device: cpu
2025-04-05 16:46:57,286 - BorderSurveillance - INFO - Loading model from /Users/subhayudas/Desktop/Border-Surveillance-System/models/yolov8n.pt
2025-04-05 16:46:57,317 - BorderSurveillance - INFO - Using device: cpu
2025-04-05 16:46:57,321 - BorderSurveillance - INFO - Loading model from /Users/subhayudas/Desktop/Border-Surveillance-System/models/yolov8n.pt
2025-04-05 16:46:57,355 - BorderSurveillance - INFO - Loading model from /Users/subhayudas/Desktop/Border-Surveillance-System/models/yolov8n.pt
2025-04-05 16:46:57,383 - BorderSurveillance - INFO - Using device: cpu
2025-04-05 16:46:57,392 - BorderSurveillance - INFO - Loading model from /Users/subhayudas/Desktop/Border-Surveillance-System/models/yolov8n.pt
2025-04-05 16:46:57,431 - BorderSurveillance - INFO - Loading model from /Users/subhayudas/Desktop/Border-Surveillance-System/models/yolov8n.pt
2025-04-05 16:46:57,457 - BorderSurveillance - INFO - Loading model from /Users/subhayudas/Desktop/Border-Surveillance-System/models/yolov8n.pt
2025-04-05 16:46:57,486 - BorderSurveillance - INFO - Loading model from /Users/subhayudas/Desktop/Border-Surveillance-System/models/yolov8n.pt
2025-04-05 16:46:57,528 - BorderSurveillance - INFO - Loading model from /Users/subhayudas/Desktop/Border-Surveillance-System/models/yolov8n.pt
2025-04-05 16:46:57,562 - BorderSurveillance - INFO - Loading model from /Users/subhayudas/Desktop/Border-Surveillance-System/models/yolov8n.pt
2025-04-05 16:46:57,587 - BorderSurveillance - INFO - Using device: cpu
2025-04-05 16:46:57,596 - BorderSurveillance - INFO - Loading model from /Users/subhayudas/Desktop/Border-Surveillance-System/models/yolov8n.pt
2025-04-05 16:46:57,623 - BorderSurveillance - INFO - Loading model from /Users/subhayudas/Desktop/Border-Surveillance-System/models/yolov8n.pt
2025-04-05 16:46:57,653 - BorderSurveillance - INFO - Loading model from /Users/subhayudas/Desktop/Border-Surveillance-System/models/yolov8n.pt
2025-04-05 16:46:57,666 - BorderSurveillance - INFO - Using device: cpu
2025-04-05 16:46:57,696 - BorderSurveillance - INFO - Loading model from /Users/subhayudas/Desktop/Border-Surveillance-System/models/yolov8n.pt
2025-04-05 16:46:57,761 - BorderSurveillance - INFO - Loading model from /Users/subhayudas/Desktop/Border-Surveillance-System/models/yolov8n.pt
2025-04-05 16:46:57,791 - BorderSurveillance - INFO - Loading model from /Users/subhayudas/Desktop/Border-Surveillance-System/models/yolov8n.pt
2025-04-05 16:46:57,807 - BorderSurveillance - INFO - Using device: cpu
2025-04-05 16:46:57,818 - BorderSurveillance - INFO - Using device: cpu
2025-04-05 16:46:57,834 - BorderSurveillance - INFO - Loading model from /Users/subhayudas/Desktop/Border-Surveillance-System/models/yolov8n.pt
2025-04-05 16:46:57,887 - BorderSurveillance - INFO - Using device: cpu
2025-04-05 16:46:57,900 - BorderSurveillance - INFO - Loading model from /Users/subhayudas/Desktop/Border-Surveillance-System/models/yolov8n.pt
2025-04-05 16:46:57,959 - BorderSurveillance - INFO - Loading model from /Users/subhayudas/Desktop/Border-Surveillance-System/models/yolov8n.pt
2025-04-05 16:46:57,987 - BorderSurveillance - INFO - Loading model from /Users/subhayudas/Desktop/Border-Surveillance-System/models/yolov8n.pt
2025-04-05 16:46:58,035 - BorderSurveillance - INFO - Loading model from /Users/subhayudas/Desktop/Border-Surveillance-System/models/yolov8n.pt
2025-04-05 16:46:58,102 - BorderSurveillance - INFO - Loading model from /Users/subhayudas/Desktop/Border-Surveillance-System/models/yolov8n.pt
2025-04-05 16:46:58,112 - BorderSurveillance - INFO - Using device: cpu
2025-04-05 16:46:58,164 - BorderSurveillance - INFO - Loading model from /Users/subhayudas/Desktop/Border-Surveillance-System/models/yolov8n.pt
2025-04-05 16:46:58,168 - BorderSurveillance - INFO - Using device: cpu
2025-04-05 16:46:58,222 - BorderSurveillance - INFO - Loading model from /Users/subhayudas/Desktop/Border-Surveillance-System/models/yolov8n.pt
2025-04-05 16:46:58,258 - BorderSurveillance - INFO - Loading model from /Users/subhayudas/Desktop/Border-Surveillance-System/models/yolov8n.pt
2025-04-05 16:46:58,280 - BorderSurveillance - INFO - Using device: cpu
2025-04-05 16:46:58,313 - BorderSurveillance - INFO - Loading model from /Users/subhayudas/Desktop/Border-Surveillance-System/models/yolov8n.pt
2025-04-05 16:46:58,322 - BorderSurveillance - INFO - Using device: cpu
2025-04-05 16:46:58,354 - BorderSurveillance - INFO - Loading model from /Users/subhayudas/Desktop/Border-Surveillance-System/models/yolov8n.pt
2025-04-05 16:46:58,403 - BorderSurveillance - INFO - Loading model from /Users/subhayudas/Desktop/Border-Surveillance-System/models/yolov8n.pt
2025-04-05 16:46:58,418 - BorderSurveillance - INFO - Using device: cpu
2025-04-05 16:46:58,437 - BorderSurveillance - INFO - Using device: cpu
2025-04-05 16:46:58,464 - BorderSurveillance - INFO - Loading model from /Users/subhayudas/Desktop/Border-Surveillance-System/models/yolov8n.pt
2025-04-05 16:46:58,477 - BorderSurveillance - INFO - Using device: cpu
2025-04-05 16:46:58,497 - BorderSurveillance - INFO - Loading model from /Users/subhayudas/Desktop/Border-Surveillance-System/models/yolov8n.pt
2025-04-05 16:46:58,529 - BorderSurveillance - INFO - Loading model from /Users/subhayudas/Desktop/Border-Surveillance-System/models/yolov8n.pt
2025-04-05 16:46:58,572 - BorderSurveillance - INFO - Loading model from /Users/subhayudas/Desktop/Border-Surveillance-System/models/yolov8n.pt
2025-04-05 16:46:58,624 - BorderSurveillance - INFO - Using device: cpu
2025-04-05 16:46:58,627 - BorderSurveillance - INFO - Loading model from /Users/subhayudas/Desktop/Border-Surveillance-System/models/yolov8n.pt
2025-04-05 16:46:58,660 - BorderSurveillance - INFO - Loading model from /Users/subhayudas/Desktop/Border-Surveillance-System/models/yolov8n.pt
2025-04-05 16:46:58,723 - BorderSurveillance - INFO - Loading model from /Users/subhayudas/Desktop/Border-Surveillance-System/models/yolov8n.pt
2025-04-05 16:46:58,725 - BorderSurveillance - INFO - Using device: cpu
2025-04-05 16:46:58,760 - BorderSurveillance - INFO - Loading model from /Users/subhayudas/Desktop/Border-Surveillance-System/models/yolov8n.pt
2025-04-05 16:46:58,785 - BorderSurveillance - INFO - Loading model from /Users/subhayudas/Desktop/Border-Surveillance-System/models/yolov8n.pt
2025-04-05 16:46:58,820 - BorderSurveillance - INFO - Loading model from /Users/subhayudas/Desktop/Border-Surveillance-System/models/yolov8n.pt
2025-04-05 16:46:58,873 - BorderSurveillance - INFO - Loading model from /Users/subhayudas/Desktop/Border-Surveillance-System/models/yolov8n.pt
2025-04-05 16:46:58,931 - BorderSurveillance - INFO - Loading model from /Users/subhayudas/Desktop/Border-Surveillance-System/models/yolov8n.pt
2025-04-05 16:46:58,992 - BorderSurveillance - INFO - Loading model from /Users/subhayudas/Desktop/Border-Surveillance-System/models/yolov8n.pt
2025-04-05 16:46:59,041 - BorderSurveillance - INFO - Using device: cpu
2025-04-05 16:46:59,063 - BorderSurveillance - INFO - Loading model from /Users/subhayudas/Desktop/Border-Surveillance-System/models/yolov8n.pt
2025-04-05 16:46:59,105 - BorderSurveillance - INFO - Using device: cpu
2025-04-05 16:46:59,130 - BorderSurveillance - INFO - Loading model from /Users/subhayudas/Desktop/Border-Surveillance-System/models/yolov8n.pt
2025-04-05 16:46:59,166 - BorderSurveillance - INFO - Using device: cpu
2025-04-05 16:46:59,200 - BorderSurveillance - INFO - Loading model from /Users/subhayudas/Desktop/Border-Surveillance-System/models/yolov8n.pt
2025-04-05 16:46:59,212 - BorderSurveillance - INFO - Using device: cpu
2025-04-05 16:46:59,224 - BorderSurveillance - INFO - Loading model from /Users/subhayudas/Desktop/Border-Surveillance-System/models/yolov8n.pt
2025-04-05 16:46:59,508 - BorderSurveillance - INFO - Using device: cpu
2025-04-05 16:46:59,531 - BorderSurveillance - INFO - Loading model from /Users/subhayudas/Desktop/Border-Surveillance-System/models/yolov8n.pt
2025-04-05 16:46:59,565 - BorderSurveillance - INFO - Using device: cpu
2025-04-05 16:46:59,610 - BorderSurveillance - INFO - Loading model from /Users/subhayudas/Desktop/Border-Surveillance-System/models/yolov8n.pt
2025-04-05 16:46:59,658 - BorderSurveillance - INFO - Using device: cpu
2025-04-05 16:46:59,670 - BorderSurveillance - INFO - Using device: cpu
2025-04-05 16:46:59,674 - BorderSurveillance - INFO - Using device: cpu
2025-04-05 16:46:59,698 - BorderSurveillance - INFO - Loading model from /Users/subhayudas/Desktop/Border-Surveillance-System/models/yolov8n.pt
2025-04-05 16:46:59,770 - BorderSurveillance - INFO - Loading model from /Users/subhayudas/Desktop/Border-Surveillance-System/models/yolov8n.pt
2025-04-05 16:46:59,847 - BorderSurveillance - INFO - Loading model from /Users/subhayudas/Desktop/Border-Surveillance-System/models/yolov8n.pt
2025-04-05 16:46:59,862 - BorderSurveillance - INFO - Using device: cpu
2025-04-05 16:46:59,897 - BorderSurveillance - INFO - Loading model from /Users/subhayudas/Desktop/Border-Surveillance-System/models/yolov8n.pt
2025-04-05 16:46:59,932 - BorderSurveillance - INFO - Using device: cpu
2025-04-05 16:46:59,951 - BorderSurveillance - INFO - Loading model from /Users/subhayudas/Desktop/Border-Surveillance-System/models/yolov8n.pt
2025-04-05 16:47:00,020 - BorderSurveillance - INFO - Using device: cpu
2025-04-05 16:47:00,023 - BorderSurveillance - INFO - Loading model from /Users/subhayudas/Desktop/Border-Surveillance-System/models/yolov8n.pt
2025-04-05 16:47:00,068 - BorderSurveillance - INFO - Loading model from /Users/subhayudas/Desktop/Border-Surveillance-System/models/yolov8n.pt
2025-04-05 16:47:00,146 - BorderSurveillance - INFO - Using device: cpu
2025-04-05 16:47:00,199 - BorderSurveillance - INFO - Loading model from /Users/subhayudas/Desktop/Border-Surveillance-System/models/yolov8n.pt
2025-04-05 16:47:00,251 - BorderSurveillance - INFO - Loading model from /Users/subhayudas/Desktop/Border-Surveillance-System/models/yolov8n.pt
2025-04-05 16:47:00,257 - BorderSurveillance - INFO - Using device: cpu
2025-04-05 16:47:00,286 - BorderSurveillance - INFO - Loading model from /Users/subhayudas/Desktop/Border-Surveillance-System/models/yolov8n.pt
2025-04-05 16:47:00,343 - BorderSurveillance - INFO - Loading model from /Users/subhayudas/Desktop/Border-Surveillance-System/models/yolov8n.pt
2025-04-05 16:47:00,426 - BorderSurveillance - INFO - Using device: cpu
2025-04-05 16:47:00,431 - BorderSurveillance - INFO - Loading model from /Users/subhayudas/Desktop/Border-Surveillance-System/models/yolov8n.pt
2025-04-05 16:47:00,468 - BorderSurveillance - INFO - Loading model from /Users/subhayudas/Desktop/Border-Surveillance-System/models/yolov8n.pt
2025-04-05 16:47:00,480 - BorderSurveillance - INFO - Using device: cpu
2025-04-05 16:47:00,504 - BorderSurveillance - INFO - Loading model from /Users/subhayudas/Desktop/Border-Surveillance-System/models/yolov8n.pt
2025-04-05 16:47:00,548 - BorderSurveillance - INFO - Using device: cpu
2025-04-05 16:47:00,552 - BorderSurveillance - INFO - Using device: cpu
2025-04-05 16:47:00,566 - BorderSurveillance - INFO - Loading model from /Users/subhayudas/Desktop/Border-Surveillance-System/models/yolov8n.pt
2025-04-05 16:47:00,630 - BorderSurveillance - INFO - Loading model from /Users/subhayudas/Desktop/Border-Surveillance-System/models/yolov8n.pt
2025-04-05 16:47:00,701 - BorderSurveillance - INFO - Loading model from /Users/subhayudas/Desktop/Border-Surveillance-System/models/yolov8n.pt
2025-04-05 16:47:00,765 - BorderSurveillance - INFO - Loading model from /Users/subhayudas/Desktop/Border-Surveillance-System/models/yolov8n.pt
2025-04-05 16:47:00,787 - BorderSurveillance - INFO - Using device: cpu
2025-04-05 16:47:00,815 - BorderSurveillance - INFO - Loading model from /Users/subhayudas/Desktop/Border-Surveillance-System/models/yolov8n.pt
2025-04-05 16:47:00,859 - BorderSurveillance - INFO - Using device: cpu
2025-04-05 16:47:00,887 - BorderSurveillance - INFO - Loading model from /Users/subhayudas/Desktop/Border-Surveillance-System/models/yolov8n.pt
2025-04-05 16:47:00,941 - BorderSurveillance - INFO - Loading model from /Users/subhayudas/Desktop/Border-Surveillance-System/models/yolov8n.pt
2025-04-05 16:47:00,986 - BorderSurveillance - INFO - Using device: cpu
2025-04-05 16:47:01,006 - BorderSurveillance - INFO - Loading model from /Users/subhayudas/Desktop/Border-Surveillance-System/models/yolov8n.pt
2025-04-05 16:47:01,031 - BorderSurveillance - INFO - Using device: cpu
2025-04-05 16:47:01,056 - BorderSurveillance - INFO - Using device: cpu
2025-04-05 16:47:01,077 - BorderSurveillance - INFO - Loading model from /Users/subhayudas/Desktop/Border-Surveillance-System/models/yolov8n.pt
2025-04-05 16:47:01,113 - BorderSurveillance - INFO - Using device: cpu
2025-04-05 16:47:01,139 - BorderSurveillance - INFO - Using device: cpu
2025-04-05 16:47:01,147 - BorderSurveillance - INFO - Using device: cpu
2025-04-05 16:47:01,153 - BorderSurveillance - INFO - Loading model from /Users/subhayudas/Desktop/Border-Surveillance-System/models/yolov8n.pt
2025-04-05 16:47:01,199 - BorderSurveillance - INFO - Using device: cpu
2025-04-05 16:47:01,206 - BorderSurveillance - INFO - Loading model from /Users/subhayudas/Desktop/Border-Surveillance-System/models/yolov8n.pt
2025-04-05 16:47:01,280 - BorderSurveillance - INFO - Using device: cpu
2025-04-05 16:47:01,299 - BorderSurveillance - INFO - Loading model from /Users/subhayudas/Desktop/Border-Surveillance-System/models/yolov8n.pt
2025-04-05 16:47:01,339 - BorderSurveillance - INFO - Loading model from /Users/subhayudas/Desktop/Border-Surveillance-System/models/yolov8n.pt
2025-04-05 16:47:01,390 - BorderSurveillance - INFO - Loading model from /Users/subhayudas/Desktop/Border-Surveillance-System/models/yolov8n.pt
2025-04-05 16:47:01,451 - BorderSurveillance - INFO - Using device: cpu
2025-04-05 16:47:01,452 - BorderSurveillance - INFO - Loading model from /Users/subhayudas/Desktop/Border-Surveillance-System/models/yolov8n.pt
2025-04-05 16:47:01,500 - BorderSurveillance - INFO - Loading model from /Users/subhayudas/Desktop/Border-Surveillance-System/models/yolov8n.pt
2025-04-05 16:47:01,515 - BorderSurveillance - INFO - Using device: cpu
2025-04-05 16:47:01,517 - BorderSurveillance - INFO - Using device: cpu
2025-04-05 16:47:01,537 - BorderSurveillance - INFO - Loading model from /Users/subhayudas/Desktop/Border-Surveillance-System/models/yolov8n.pt
2025-04-05 16:47:01,585 - BorderSurveillance - INFO - Using device: cpu
2025-04-05 16:47:01,609 - BorderSurveillance - INFO - Loading model from /Users/subhayudas/Desktop/Border-Surveillance-System/models/yolov8n.pt
2025-04-05 16:47:01,631 - BorderSurveillance - INFO - Loading model from /Users/subhayudas/Desktop/Border-Surveillance-System/models/yolov8n.pt
2025-04-05 16:47:01,686 - BorderSurveillance - INFO - Loading model from /Users/subhayudas/Desktop/Border-Surveillance-System/models/yolov8n.pt
2025-04-05 16:47:01,716 - BorderSurveillance - INFO - Using device: cpu
2025-04-05 16:47:01,731 - BorderSurveillance - INFO - Loading model from /Users/subhayudas/Desktop/Border-Surveillance-System/models/yolov8n.pt
2025-04-05 16:47:01,767 - BorderSurveillance - INFO - Loading model from /Users/subhayudas/Desktop/Border-Surveillance-System/models/yolov8n.pt
2025-04-05 16:47:01,819 - BorderSurveillance - INFO - Loading model from /Users/subhayudas/Desktop/Border-Surveillance-System/models/yolov8n.pt
2025-04-05 16:47:01,863 - BorderSurveillance - INFO - Loading model from /Users/subhayudas/Desktop/Border-Surveillance-System/models/yolov8n.pt
2025-04-05 16:47:01,864 - BorderSurveillance - INFO - Using device: cpu
2025-04-05 16:47:01,908 - BorderSurveillance - INFO - Using device: cpu
2025-04-05 16:47:01,929 - BorderSurveillance - INFO - Using device: cpu
2025-04-05 16:47:01,931 - BorderSurveillance - INFO - Loading model from /Users/subhayudas/Desktop/Border-Surveillance-System/models/yolov8n.pt
2025-04-05 16:47:01,936 - BorderSurveillance - INFO - Using device: cpu
2025-04-05 16:47:01,946 - BorderSurveillance - INFO - Using device: cpu
2025-04-05 16:47:02,028 - BorderSurveillance - INFO - Loading model from /Users/subhayudas/Desktop/Border-Surveillance-System/models/yolov8n.pt
2025-04-05 16:47:02,046 - BorderSurveillance - INFO - Loading model from /Users/subhayudas/Desktop/Border-Surveillance-System/models/yolov8n.pt
2025-04-05 16:47:02,101 - BorderSurveillance - INFO - Loading model from /Users/subhayudas/Desktop/Border-Surveillance-System/models/yolov8n.pt
2025-04-05 16:47:02,178 - BorderSurveillance - INFO - Loading model from /Users/subhayudas/Desktop/Border-Surveillance-System/models/yolov8n.pt
2025-04-05 16:47:02,229 - BorderSurveillance - INFO - Loading model from /Users/subhayudas/Desktop/Border-Surveillance-System/models/yolov8n.pt
2025-04-05 16:47:02,278 - BorderSurveillance - INFO - Using device: cpu
2025-04-05 16:47:02,313 - BorderSurveillance - INFO - Loading model from /Users/subhayudas/Desktop/Border-Surveillance-System/models/yolov8n.pt
2025-04-05 16:47:02,376 - BorderSurveillance - INFO - Using device: cpu
2025-04-05 16:47:02,403 - BorderSurveillance - INFO - Loading model from /Users/subhayudas/Desktop/Border-Surveillance-System/models/yolov8n.pt
2025-04-05 16:47:02,768 - BorderSurveillance - INFO - Using device: cpu
2025-04-05 16:47:02,775 - BorderSurveillance - INFO - Using device: cpu
2025-04-05 16:47:02,809 - BorderSurveillance - INFO - Loading model from /Users/subhayudas/Desktop/Border-Surveillance-System/models/yolov8n.pt
2025-04-05 16:47:02,855 - BorderSurveillance - INFO - Using device: cpu
2025-04-05 16:47:02,866 - BorderSurveillance - INFO - Loading model from /Users/subhayudas/Desktop/Border-Surveillance-System/models/yolov8n.pt
2025-04-05 16:47:02,923 - BorderSurveillance - INFO - Loading model from /Users/subhayudas/Desktop/Border-Surveillance-System/models/yolov8n.pt
2025-04-05 16:47:02,983 - BorderSurveillance - INFO - Using device: cpu
2025-04-05 16:47:03,009 - BorderSurveillance - INFO - Loading model from /Users/subhayudas/Desktop/Border-Surveillance-System/models/yolov8n.pt
2025-04-05 16:47:03,066 - BorderSurveillance - INFO - Loading model from /Users/subhayudas/Desktop/Border-Surveillance-System/models/yolov8n.pt
2025-04-05 16:47:03,101 - BorderSurveillance - INFO - Loading model from /Users/subhayudas/Desktop/Border-Surveillance-System/models/yolov8n.pt
2025-04-05 16:47:03,142 - BorderSurveillance - INFO - Loading model from /Users/subhayudas/Desktop/Border-Surveillance-System/models/yolov8n.pt
2025-04-05 16:47:03,163 - BorderSurveillance - INFO - Using device: cpu
2025-04-05 16:47:03,199 - BorderSurveillance - INFO - Using device: cpu
2025-04-05 16:47:03,202 - BorderSurveillance - INFO - Loading model from /Users/subhayudas/Desktop/Border-Surveillance-System/models/yolov8n.pt
2025-04-05 16:47:03,282 - BorderSurveillance - INFO - Loading model from /Users/subhayudas/Desktop/Border-Surveillance-System/models/yolov8n.pt
2025-04-05 16:47:03,339 - BorderSurveillance - INFO - Loading model from /Users/subhayudas/Desktop/Border-Surveillance-System/models/yolov8n.pt
2025-04-05 16:47:03,414 - BorderSurveillance - INFO - Loading model from /Users/subhayudas/Desktop/Border-Surveillance-System/models/yolov8n.pt
2025-04-05 16:47:03,466 - BorderSurveillance - INFO - Loading model from /Users/subhayudas/Desktop/Border-Surveillance-System/models/yolov8n.pt
2025-04-05 16:47:03,476 - BorderSurveillance - INFO - Using device: cpu
2025-04-05 16:47:03,540 - BorderSurveillance - INFO - Loading model from /Users/subhayudas/Desktop/Border-Surveillance-System/models/yolov8n.pt
2025-04-05 16:47:03,571 - BorderSurveillance - INFO - Using device: cpu
2025-04-05 16:47:03,574 - BorderSurveillance - INFO - Loading model from /Users/subhayudas/Desktop/Border-Surveillance-System/models/yolov8n.pt
2025-04-05 16:47:03,645 - BorderSurveillance - INFO - Loading model from /Users/subhayudas/Desktop/Border-Surveillance-System/models/yolov8n.pt
2025-04-05 16:47:03,656 - BorderSurveillance - INFO - Using device: cpu
2025-04-05 16:47:03,690 - BorderSurveillance - INFO - Using device: cpu
2025-04-05 16:47:03,705 - BorderSurveillance - INFO - Loading model from /Users/subhayudas/Desktop/Border-Surveillance-System/models/yolov8n.pt
2025-04-05 16:47:03,775 - BorderSurveillance - INFO - Loading model from /Users/subhayudas/Desktop/Border-Surveillance-System/models/yolov8n.pt
2025-04-05 16:47:03,856 - BorderSurveillance - INFO - Loading model from /Users/subhayudas/Desktop/Border-Surveillance-System/models/yolov8n.pt
2025-04-05 16:47:03,906 - BorderSurveillance - INFO - Using device: cpu
2025-04-05 16:47:03,918 - BorderSurveillance - INFO - Using device: cpu
2025-04-05 16:47:03,928 - BorderSurveillance - INFO - Loading model from /Users/subhayudas/Desktop/Border-Surveillance-System/models/yolov8n.pt
2025-04-05 16:47:03,935 - BorderSurveillance - INFO - Using device: cpu
2025-04-05 16:47:04,010 - BorderSurveillance - INFO - Loading model from /Users/subhayudas/Desktop/Border-Surveillance-System/models/yolov8n.pt
2025-04-05 16:47:04,150 - BorderSurveillance - INFO - Using device: cpu
2025-04-05 16:47:04,158 - BorderSurveillance - INFO - Loading model from /Users/subhayudas/Desktop/Border-Surveillance-System/models/yolov8n.pt
2025-04-05 16:47:04,163 - BorderSurveillance - INFO - Using device: cpu
2025-04-05 16:47:04,205 - BorderSurveillance - INFO - Loading model from /Users/subhayudas/Desktop/Border-Surveillance-System/models/yolov8n.pt
2025-04-05 16:47:04,263 - BorderSurveillance - INFO - Loading model from /Users/subhayudas/Desktop/Border-Surveillance-System/models/yolov8n.pt
2025-04-05 16:47:04,283 - BorderSurveillance - INFO - Using device: cpu
2025-04-05 16:47:04,298 - BorderSurveillance - INFO - Loading model from /Users/subhayudas/Desktop/Border-Surveillance-System/models/yolov8n.pt
2025-04-05 16:47:04,375 - BorderSurveillance - INFO - Loading model from /Users/subhayudas/Desktop/Border-Surveillance-System/models/yolov8n.pt
2025-04-05 16:47:04,433 - BorderSurveillance - INFO - Using device: cpu
2025-04-05 16:47:04,462 - BorderSurveillance - INFO - Loading model from /Users/subhayudas/Desktop/Border-Surveillance-System/models/yolov8n.pt
2025-04-05 16:47:04,563 - BorderSurveillance - INFO - Using device: cpu
2025-04-05 16:47:04,597 - BorderSurveillance - INFO - Using device: cpu
2025-04-05 16:47:04,635 - BorderSurveillance - INFO - Using device: cpu
2025-04-05 16:47:04,675 - BorderSurveillance - INFO - Loading model from /Users/subhayudas/Desktop/Border-Surveillance-System/models/yolov8n.pt
2025-04-05 16:47:04,739 - BorderSurveillance - INFO - Loading model from /Users/subhayudas/Desktop/Border-Surveillance-System/models/yolov8n.pt
2025-04-05 16:47:04,773 - BorderSurveillance - INFO - Using device: cpu
2025-04-05 16:47:04,807 - BorderSurveillance - INFO - Using device: cpu
2025-04-05 16:47:04,854 - BorderSurveillance - INFO - Using device: cpu
2025-04-05 16:47:04,930 - BorderSurveillance - INFO - Loading model from /Users/subhayudas/Desktop/Border-Surveillance-System/models/yolov8n.pt
2025-04-05 16:47:04,976 - BorderSurveillance - INFO - Loading model from /Users/subhayudas/Desktop/Border-Surveillance-System/models/yolov8n.pt
2025-04-05 16:47:05,001 - BorderSurveillance - INFO - Using device: cpu
2025-04-05 16:47:05,055 - BorderSurveillance - INFO - Loading model from /Users/subhayudas/Desktop/Border-Surveillance-System/models/yolov8n.pt
2025-04-05 16:47:05,134 - BorderSurveillance - INFO - Loading model from /Users/subhayudas/Desktop/Border-Surveillance-System/models/yolov8n.pt
2025-04-05 16:47:05,194 - BorderSurveillance - INFO - Loading model from /Users/subhayudas/Desktop/Border-Surveillance-System/models/yolov8n.pt
2025-04-05 16:47:05,260 - BorderSurveillance - INFO - Using device: cpu
2025-04-05 16:47:05,284 - BorderSurveillance - INFO - Loading model from /Users/subhayudas/Desktop/Border-Surveillance-System/models/yolov8n.pt
2025-04-05 16:47:05,292 - BorderSurveillance - INFO - Using device: cpu
2025-04-05 16:47:05,369 - BorderSurveillance - INFO - Loading model from /Users/subhayudas/Desktop/Border-Surveillance-System/models/yolov8n.pt
2025-04-05 16:47:05,447 - BorderSurveillance - INFO - Using device: cpu
2025-04-05 16:47:05,450 - BorderSurveillance - INFO - Using device: cpu
2025-04-05 16:47:05,458 - BorderSurveillance - INFO - Using device: cpu
2025-04-05 16:47:05,489 - BorderSurveillance - INFO - Loading model from /Users/subhayudas/Desktop/Border-Surveillance-System/models/yolov8n.pt
2025-04-05 16:47:05,535 - BorderSurveillance - INFO - Using device: cpu
2025-04-05 16:47:05,615 - BorderSurveillance - INFO - Loading model from /Users/subhayudas/Desktop/Border-Surveillance-System/models/yolov8n.pt
2025-04-05 16:47:05,666 - BorderSurveillance - INFO - Loading model from /Users/subhayudas/Desktop/Border-Surveillance-System/models/yolov8n.pt
2025-04-05 16:47:05,731 - BorderSurveillance - INFO - Loading model from /Users/subhayudas/Desktop/Border-Surveillance-System/models/yolov8n.pt
2025-04-05 16:47:05,771 - BorderSurveillance - INFO - Loading model from /Users/subhayudas/Desktop/Border-Surveillance-System/models/yolov8n.pt
2025-04-05 16:47:05,858 - BorderSurveillance - INFO - Using device: cpu
2025-04-05 16:47:05,865 - BorderSurveillance - INFO - Loading model from /Users/subhayudas/Desktop/Border-Surveillance-System/models/yolov8n.pt
2025-04-05 16:47:05,877 - BorderSurveillance - INFO - Using device: cpu
2025-04-05 16:47:05,904 - BorderSurveillance - INFO - Loading model from /Users/subhayudas/Desktop/Border-Surveillance-System/models/yolov8n.pt
2025-04-05 16:47:05,947 - BorderSurveillance - INFO - Using device: cpu
2025-04-05 16:47:05,989 - BorderSurveillance - INFO - Loading model from /Users/subhayudas/Desktop/Border-Surveillance-System/models/yolov8n.pt
2025-04-05 16:47:06,037 - BorderSurveillance - INFO - Loading model from /Users/subhayudas/Desktop/Border-Surveillance-System/models/yolov8n.pt
2025-04-05 16:47:06,056 - BorderSurveillance - INFO - Using device: cpu
2025-04-05 16:47:06,155 - BorderSurveillance - INFO - Using device: cpu
2025-04-05 16:47:06,240 - BorderSurveillance - INFO - Using device: cpu
2025-04-05 16:47:06,489 - BorderSurveillance - INFO - Using device: cpu
2025-04-05 16:47:06,585 - BorderSurveillance - INFO - Using device: cpu
2025-04-05 16:47:06,624 - BorderSurveillance - INFO - Using device: cpu
2025-04-05 16:47:06,718 - BorderSurveillance - INFO - Using device: cpu
2025-04-05 16:47:06,762 - BorderSurveillance - INFO - Using device: cpu
2025-04-05 16:47:06,930 - BorderSurveillance - INFO - Using device: cpu
2025-04-05 16:47:06,945 - BorderSurveillance - INFO - Using device: cpu
2025-04-05 16:47:07,519 - BorderSurveillance - INFO - Using device: cpu
2025-04-05 16:47:07,533 - BorderSurveillance - INFO - Using device: cpu
2025-04-05 16:47:07,559 - BorderSurveillance - INFO - Using device: cpu
2025-04-05 16:47:07,579 - BorderSurveillance - INFO - Using device: cpu
2025-04-05 16:47:07,697 - BorderSurveillance - INFO - Using device: cpu
2025-04-05 16:47:07,959 - BorderSurveillance - INFO - Using device: cpu
2025-04-05 16:47:07,995 - BorderSurveillance - INFO - Using device: cpu
2025-04-05 16:47:08,096 - BorderSurveillance - INFO - Using device: cpu
2025-04-05 16:47:08,227 - BorderSurveillance - INFO - Using device: cpu
2025-04-05 16:47:08,291 - BorderSurveillance - INFO - Using device: cpu
2025-04-05 16:47:08,368 - BorderSurveillance - INFO - Using device: cpu
2025-04-05 16:47:08,489 - BorderSurveillance - INFO - Using device: cpu
2025-04-05 16:47:08,637 - BorderSurveillance - INFO - Using device: cpu
2025-04-05 16:47:08,676 - BorderSurveillance - INFO - Using device: cpu
2025-04-05 16:47:08,680 - BorderSurveillance - INFO - Using device: cpu
2025-04-05 16:47:08,728 - BorderSurveillance - INFO - Using device: cpu
2025-04-05 16:47:08,861 - BorderSurveillance - INFO - Using device: cpu
2025-04-05 16:47:08,891 - BorderSurveillance - INFO - Using device: cpu
2025-04-05 16:47:09,011 - BorderSurveillance - INFO - Using device: cpu
2025-04-05 16:47:09,085 - BorderSurveillance - INFO - Using device: cpu
2025-04-05 16:47:09,235 - BorderSurveillance - INFO - Using device: cpu
2025-04-05 16:47:09,331 - BorderSurveillance - INFO - Using device: cpu
2025-04-05 16:47:09,383 - BorderSurveillance - INFO - Using device: cpu
2025-04-05 16:47:09,395 - BorderSurveillance - INFO - Using device: cpu
2025-04-05 16:47:09,605 - BorderSurveillance - INFO - Using device: cpu
2025-04-05 16:47:09,668 - BorderSurveillance - INFO - Using device: cpu
2025-04-05 16:47:09,743 - BorderSurveillance - INFO - Using device: cpu
2025-04-05 16:47:09,766 - BorderSurveillance - INFO - Using device: cpu
2025-04-05 16:47:09,859 - BorderSurveillance - INFO - Using device: cpu
2025-04-05 16:47:09,871 - BorderSurveillance - INFO - Using device: cpu
2025-04-05 16:47:09,951 - BorderSurveillance - INFO - Using device: cpu
2025-04-05 16:47:09,974 - BorderSurveillance - INFO - Using device: cpu
2025-04-05 16:47:10,124 - BorderSurveillance - INFO - Using device: cpu
2025-04-05 16:47:10,316 - BorderSurveillance - INFO - Using device: cpu
2025-04-05 16:47:10,400 - BorderSurveillance - INFO - Using device: cpu
2025-04-05 16:47:10,487 - BorderSurveillance - INFO - Using device: cpu
2025-04-05 16:47:10,574 - BorderSurveillance - INFO - Using device: cpu
2025-04-05 16:47:10,612 - BorderSurveillance - INFO - Using device: cpu
2025-04-05 16:47:10,648 - BorderSurveillance - INFO - Using device: cpu
2025-04-05 16:47:10,693 - BorderSurveillance - INFO - Using device: cpu
2025-04-05 16:47:10,767 - BorderSurveillance - INFO - Using device: cpu
2025-04-05 16:47:10,870 - BorderSurveillance - INFO - Using device: cpu
2025-04-05 16:47:10,909 - BorderSurveillance - INFO - Using device: cpu
2025-04-05 16:47:11,072 - BorderSurveillance - INFO - Using device: cpu
2025-04-05 16:47:11,116 - BorderSurveillance - INFO - Using device: cpu
2025-04-05 16:47:11,125 - BorderSurveillance - INFO - Using device: cpu
2025-04-05 16:47:11,156 - BorderSurveillance - INFO - Using device: cpu
2025-04-05 16:47:11,220 - BorderSurveillance - INFO - Using device: cpu
2025-04-05 16:47:11,235 - BorderSurveillance - INFO - Using device: cpu
2025-04-05 16:47:11,259 - BorderSurveillance - INFO - Using device: cpu
2025-04-05 16:47:11,276 - BorderSurveillance - INFO - Using device: cpu
2025-04-05 16:47:11,624 - BorderSurveillance - INFO - Using device: cpu
2025-04-05 16:47:11,788 - BorderSurveillance - INFO - Using device: cpu
2025-04-05 16:47:11,857 - BorderSurveillance - INFO - Using device: cpu
2025-04-05 16:47:11,860 - BorderSurveillance - INFO - Using device: cpu
2025-04-05 16:47:11,883 - BorderSurveillance - INFO - Using device: cpu
2025-04-05 16:47:12,111 - BorderSurveillance - INFO - Using device: cpu
2025-04-05 16:47:12,193 - BorderSurveillance - INFO - Using device: cpu
2025-04-05 16:47:12,223 - BorderSurveillance - INFO - Using device: cpu
2025-04-05 16:47:12,301 - BorderSurveillance - INFO - Using device: cpu
2025-04-05 16:47:12,309 - BorderSurveillance - INFO - Using device: cpu
2025-04-05 16:47:12,356 - BorderSurveillance - INFO - Using device: cpu
2025-04-05 16:47:12,380 - BorderSurveillance - INFO - Using device: cpu
2025-04-05 16:47:12,424 - BorderSurveillance - INFO - Using device: cpu
2025-04-05 16:47:12,453 - BorderSurveillance - INFO - Using device: cpu
2025-04-05 16:47:12,462 - BorderSurveillance - INFO - Using device: cpu
2025-04-05 16:47:12,558 - BorderSurveillance - INFO - Using device: cpu
2025-04-05 16:47:12,649 - BorderSurveillance - INFO - Using device: cpu
2025-04-05 16:47:12,662 - BorderSurveillance - INFO - Using device: cpu
2025-04-05 16:47:12,882 - BorderSurveillance - INFO - Using device: cpu
2025-04-05 16:47:13,059 - BorderSurveillance - INFO - Using device: cpu
2025-04-05 16:47:13,089 - BorderSurveillance - INFO - Using device: cpu
2025-04-05 16:47:13,106 - BorderSurveillance - INFO - Using device: cpu
2025-04-05 16:47:13,130 - BorderSurveillance - INFO - Using device: cpu
2025-04-05 16:47:13,222 - BorderSurveillance - INFO - Using device: cpu
2025-04-05 16:47:13,511 - BorderSurveillance - INFO - Using device: cpu
2025-04-05 16:47:16,256 - BorderSurveillance - INFO - Loading model from /Users/subhayudas/Desktop/Border-Surveillance-System/models/yolov8n.pt
2025-04-05 16:47:16,321 - BorderSurveillance - INFO - Loading model from /Users/subhayudas/Desktop/Border-Surveillance-System/models/yolov8n.pt
2025-04-05 16:47:16,468 - BorderSurveillance - INFO - Loading model from /Users/subhayudas/Desktop/Border-Surveillance-System/models/yolov8n.pt
2025-04-05 16:47:16,498 - BorderSurveillance - INFO - Loading model from /Users/subhayudas/Desktop/Border-Surveillance-System/models/yolov8n.pt
2025-04-05 16:47:16,554 - BorderSurveillance - INFO - Loading model from /Users/subhayudas/Desktop/Border-Surveillance-System/models/yolov8n.pt
2025-04-05 16:47:16,636 - BorderSurveillance - INFO - Loading model from /Users/subhayudas/Desktop/Border-Surveillance-System/models/yolov8n.pt
2025-04-05 16:47:16,775 - BorderSurveillance - INFO - Loading model from /Users/subhayudas/Desktop/Border-Surveillance-System/models/yolov8n.pt
2025-04-05 16:47:16,821 - BorderSurveillance - INFO - Loading model from /Users/subhayudas/Desktop/Border-Surveillance-System/models/yolov8n.pt
2025-04-05 16:47:16,876 - BorderSurveillance - INFO - Loading model from /Users/subhayudas/Desktop/Border-Surveillance-System/models/yolov8n.pt
2025-04-05 16:47:16,997 - BorderSurveillance - INFO - Loading model from /Users/subhayudas/Desktop/Border-Surveillance-System/models/yolov8n.pt
2025-04-05 16:47:17,015 - BorderSurveillance - INFO - Loading model from /Users/subhayudas/Desktop/Border-Surveillance-System/models/yolov8n.pt
2025-04-05 16:47:17,066 - BorderSurveillance - INFO - Loading model from /Users/subhayudas/Desktop/Border-Surveillance-System/models/yolov8n.pt
2025-04-05 16:47:17,115 - BorderSurveillance - INFO - Loading model from /Users/subhayudas/Desktop/Border-Surveillance-System/models/yolov8n.pt
2025-04-05 16:47:17,148 - BorderSurveillance - INFO - Loading model from /Users/subhayudas/Desktop/Border-Surveillance-System/models/yolov8n.pt
2025-04-05 16:47:17,177 - BorderSurveillance - INFO - Loading model from /Users/subhayudas/Desktop/Border-Surveillance-System/models/yolov8n.pt
2025-04-05 16:47:17,256 - BorderSurveillance - INFO - Loading model from /Users/subhayudas/Desktop/Border-Surveillance-System/models/yolov8n.pt
2025-04-05 16:47:17,291 - BorderSurveillance - INFO - Loading model from /Users/subhayudas/Desktop/Border-Surveillance-System/models/yolov8n.pt
2025-04-05 16:47:17,337 - BorderSurveillance - INFO - Loading model from /Users/subhayudas/Desktop/Border-Surveillance-System/models/yolov8n.pt
2025-04-05 16:47:17,385 - BorderSurveillance - INFO - Loading model from /Users/subhayudas/Desktop/Border-Surveillance-System/models/yolov8n.pt
2025-04-05 16:47:17,427 - BorderSurveillance - INFO - Loading model from /Users/subhayudas/Desktop/Border-Surveillance-System/models/yolov8n.pt
2025-04-05 16:47:17,454 - BorderSurveillance - INFO - Loading model from /Users/subhayudas/Desktop/Border-Surveillance-System/models/yolov8n.pt
2025-04-05 16:47:17,484 - BorderSurveillance - INFO - Loading model from /Users/subhayudas/Desktop/Border-Surveillance-System/models/yolov8n.pt
2025-04-05 16:47:17,553 - BorderSurveillance - INFO - Loading model from /Users/subhayudas/Desktop/Border-Surveillance-System/models/yolov8n.pt
2025-04-05 16:47:17,590 - BorderSurveillance - INFO - Loading model from /Users/subhayudas/Desktop/Border-Surveillance-System/models/yolov8n.pt
2025-04-05 16:47:17,683 - BorderSurveillance - INFO - Loading model from /Users/subhayudas/Desktop/Border-Surveillance-System/models/yolov8n.pt
2025-04-05 16:47:17,717 - BorderSurveillance - INFO - Loading model from /Users/subhayudas/Desktop/Border-Surveillance-System/models/yolov8n.pt
2025-04-05 16:47:17,749 - BorderSurveillance - INFO - Loading model from /Users/subhayudas/Desktop/Border-Surveillance-System/models/yolov8n.pt
2025-04-05 16:47:17,791 - BorderSurveillance - INFO - Loading model from /Users/subhayudas/Desktop/Border-Surveillance-System/models/yolov8n.pt
2025-04-05 16:47:17,815 - BorderSurveillance - INFO - Loading model from /Users/subhayudas/Desktop/Border-Surveillance-System/models/yolov8n.pt
2025-04-05 16:47:17,874 - BorderSurveillance - INFO - Loading model from /Users/subhayudas/Desktop/Border-Surveillance-System/models/yolov8n.pt
2025-04-05 16:47:17,920 - BorderSurveillance - INFO - Loading model from /Users/subhayudas/Desktop/Border-Surveillance-System/models/yolov8n.pt
2025-04-05 16:47:17,996 - BorderSurveillance - INFO - Loading model from /Users/subhayudas/Desktop/Border-Surveillance-System/models/yolov8n.pt
2025-04-05 16:47:18,044 - BorderSurveillance - INFO - Loading model from /Users/subhayudas/Desktop/Border-Surveillance-System/models/yolov8n.pt
2025-04-05 16:47:18,107 - BorderSurveillance - INFO - Loading model from /Users/subhayudas/Desktop/Border-Surveillance-System/models/yolov8n.pt
2025-04-05 16:47:18,159 - BorderSurveillance - INFO - Loading model from /Users/subhayudas/Desktop/Border-Surveillance-System/models/yolov8n.pt
2025-04-05 16:47:18,220 - BorderSurveillance - INFO - Loading model from /Users/subhayudas/Desktop/Border-Surveillance-System/models/yolov8n.pt
2025-04-05 16:47:18,271 - BorderSurveillance - INFO - Loading model from /Users/subhayudas/Desktop/Border-Surveillance-System/models/yolov8n.pt
2025-04-05 16:47:18,355 - BorderSurveillance - INFO - Loading model from /Users/subhayudas/Desktop/Border-Surveillance-System/models/yolov8n.pt
2025-04-05 16:47:18,422 - BorderSurveillance - INFO - Loading model from /Users/subhayudas/Desktop/Border-Surveillance-System/models/yolov8n.pt
2025-04-05 16:47:18,460 - BorderSurveillance - INFO - Loading model from /Users/subhayudas/Desktop/Border-Surveillance-System/models/yolov8n.pt
2025-04-05 16:47:18,562 - BorderSurveillance - INFO - Loading model from /Users/subhayudas/Desktop/Border-Surveillance-System/models/yolov8n.pt
2025-04-05 16:47:18,675 - BorderSurveillance - INFO - Loading model from /Users/subhayudas/Desktop/Border-Surveillance-System/models/yolov8n.pt
2025-04-05 16:47:18,738 - BorderSurveillance - INFO - Loading model from /Users/subhayudas/Desktop/Border-Surveillance-System/models/yolov8n.pt
2025-04-05 16:47:18,805 - BorderSurveillance - INFO - Loading model from /Users/subhayudas/Desktop/Border-Surveillance-System/models/yolov8n.pt
2025-04-05 16:47:18,868 - BorderSurveillance - INFO - Loading model from /Users/subhayudas/Desktop/Border-Surveillance-System/models/yolov8n.pt
2025-04-05 16:47:18,919 - BorderSurveillance - INFO - Loading model from /Users/subhayudas/Desktop/Border-Surveillance-System/models/yolov8n.pt
2025-04-05 16:47:18,955 - BorderSurveillance - INFO - Loading model from /Users/subhayudas/Desktop/Border-Surveillance-System/models/yolov8n.pt
2025-04-05 16:47:19,037 - BorderSurveillance - INFO - Loading model from /Users/subhayudas/Desktop/Border-Surveillance-System/models/yolov8n.pt
2025-04-05 16:47:19,076 - BorderSurveillance - INFO - Loading model from /Users/subhayudas/Desktop/Border-Surveillance-System/models/yolov8n.pt
2025-04-05 16:47:19,121 - BorderSurveillance - INFO - Loading model from /Users/subhayudas/Desktop/Border-Surveillance-System/models/yolov8n.pt
2025-04-05 16:47:19,155 - BorderSurveillance - INFO - Loading model from /Users/subhayudas/Desktop/Border-Surveillance-System/models/yolov8n.pt
2025-04-05 16:47:19,209 - BorderSurveillance - INFO - Loading model from /Users/subhayudas/Desktop/Border-Surveillance-System/models/yolov8n.pt
2025-04-05 16:47:19,257 - BorderSurveillance - INFO - Loading model from /Users/subhayudas/Desktop/Border-Surveillance-System/models/yolov8n.pt
2025-04-05 16:47:19,279 - BorderSurveillance - INFO - Loading model from /Users/subhayudas/Desktop/Border-Surveillance-System/models/yolov8n.pt
2025-04-05 16:47:19,311 - BorderSurveillance - INFO - Loading model from /Users/subhayudas/Desktop/Border-Surveillance-System/models/yolov8n.pt
2025-04-05 16:47:19,385 - BorderSurveillance - INFO - Loading model from /Users/subhayudas/Desktop/Border-Surveillance-System/models/yolov8n.pt
2025-04-05 16:47:19,428 - BorderSurveillance - INFO - Loading model from /Users/subhayudas/Desktop/Border-Surveillance-System/models/yolov8n.pt
2025-04-05 16:47:20,019 - BorderSurveillance - INFO - Loading model from /Users/subhayudas/Desktop/Border-Surveillance-System/models/yolov8n.pt
2025-04-05 16:47:20,046 - BorderSurveillance - INFO - Loading model from /Users/subhayudas/Desktop/Border-Surveillance-System/models/yolov8n.pt
2025-04-05 16:47:20,130 - BorderSurveillance - INFO - Loading model from /Users/subhayudas/Desktop/Border-Surveillance-System/models/yolov8n.pt
2025-04-05 16:47:20,165 - BorderSurveillance - INFO - Loading model from /Users/subhayudas/Desktop/Border-Surveillance-System/models/yolov8n.pt
2025-04-05 16:47:20,220 - BorderSurveillance - INFO - Loading model from /Users/subhayudas/Desktop/Border-Surveillance-System/models/yolov8n.pt
2025-04-05 16:47:20,240 - BorderSurveillance - INFO - Loading model from /Users/subhayudas/Desktop/Border-Surveillance-System/models/yolov8n.pt
2025-04-05 16:47:20,282 - BorderSurveillance - INFO - Loading model from /Users/subhayudas/Desktop/Border-Surveillance-System/models/yolov8n.pt
2025-04-05 16:47:20,321 - BorderSurveillance - INFO - Loading model from /Users/subhayudas/Desktop/Border-Surveillance-System/models/yolov8n.pt
2025-04-05 16:47:20,345 - BorderSurveillance - INFO - Loading model from /Users/subhayudas/Desktop/Border-Surveillance-System/models/yolov8n.pt
2025-04-05 16:47:20,411 - BorderSurveillance - INFO - Loading model from /Users/subhayudas/Desktop/Border-Surveillance-System/models/yolov8n.pt
2025-04-05 16:47:20,456 - BorderSurveillance - INFO - Loading model from /Users/subhayudas/Desktop/Border-Surveillance-System/models/yolov8n.pt
2025-04-05 16:47:20,538 - BorderSurveillance - INFO - Loading model from /Users/subhayudas/Desktop/Border-Surveillance-System/models/yolov8n.pt
2025-04-05 16:47:20,621 - BorderSurveillance - INFO - Loading model from /Users/subhayudas/Desktop/Border-Surveillance-System/models/yolov8n.pt
2025-04-05 16:47:20,650 - BorderSurveillance - INFO - Loading model from /Users/subhayudas/Desktop/Border-Surveillance-System/models/yolov8n.pt
2025-04-05 16:47:20,709 - BorderSurveillance - INFO - Loading model from /Users/subhayudas/Desktop/Border-Surveillance-System/models/yolov8n.pt
2025-04-05 16:47:20,776 - BorderSurveillance - INFO - Loading model from /Users/subhayudas/Desktop/Border-Surveillance-System/models/yolov8n.pt
2025-04-05 16:47:20,815 - BorderSurveillance - INFO - Loading model from /Users/subhayudas/Desktop/Border-Surveillance-System/models/yolov8n.pt
2025-04-05 16:47:20,860 - BorderSurveillance - INFO - Loading model from /Users/subhayudas/Desktop/Border-Surveillance-System/models/yolov8n.pt
2025-04-05 16:47:20,894 - BorderSurveillance - INFO - Using device: cpu
2025-04-05 16:47:20,924 - BorderSurveillance - INFO - Loading model from /Users/subhayudas/Desktop/Border-Surveillance-System/models/yolov8n.pt
2025-04-05 16:47:20,994 - BorderSurveillance - INFO - Loading model from /Users/subhayudas/Desktop/Border-Surveillance-System/models/yolov8n.pt
2025-04-05 16:47:21,019 - BorderSurveillance - INFO - Using device: cpu
2025-04-05 16:47:21,080 - BorderSurveillance - INFO - Using device: cpu
2025-04-05 16:47:21,083 - BorderSurveillance - INFO - Loading model from /Users/subhayudas/Desktop/Border-Surveillance-System/models/yolov8n.pt
2025-04-05 16:47:21,143 - BorderSurveillance - INFO - Loading model from /Users/subhayudas/Desktop/Border-Surveillance-System/models/yolov8n.pt
2025-04-05 16:47:21,172 - BorderSurveillance - INFO - Using device: cpu
2025-04-05 16:47:21,191 - BorderSurveillance - INFO - Loading model from /Users/subhayudas/Desktop/Border-Surveillance-System/models/yolov8n.pt
2025-04-05 16:47:21,221 - BorderSurveillance - INFO - Loading model from /Users/subhayudas/Desktop/Border-Surveillance-System/models/yolov8n.pt
2025-04-05 16:47:21,246 - BorderSurveillance - INFO - Loading model from /Users/subhayudas/Desktop/Border-Surveillance-System/models/yolov8n.pt
2025-04-05 16:47:21,250 - BorderSurveillance - INFO - Using device: cpu
2025-04-05 16:47:21,284 - BorderSurveillance - INFO - Loading model from /Users/subhayudas/Desktop/Border-Surveillance-System/models/yolov8n.pt
2025-04-05 16:47:21,304 - BorderSurveillance - INFO - Using device: cpu
2025-04-05 16:47:21,320 - BorderSurveillance - INFO - Loading model from /Users/subhayudas/Desktop/Border-Surveillance-System/models/yolov8n.pt
2025-04-05 16:47:21,363 - BorderSurveillance - INFO - Loading model from /Users/subhayudas/Desktop/Border-Surveillance-System/models/yolov8n.pt
2025-04-05 16:47:21,415 - BorderSurveillance - INFO - Loading model from /Users/subhayudas/Desktop/Border-Surveillance-System/models/yolov8n.pt
2025-04-05 16:47:21,456 - BorderSurveillance - INFO - Using device: cpu
2025-04-05 16:47:21,486 - BorderSurveillance - INFO - Loading model from /Users/subhayudas/Desktop/Border-Surveillance-System/models/yolov8n.pt
2025-04-05 16:47:21,547 - BorderSurveillance - INFO - Using device: cpu
2025-04-05 16:47:21,554 - BorderSurveillance - INFO - Loading model from /Users/subhayudas/Desktop/Border-Surveillance-System/models/yolov8n.pt
2025-04-05 16:47:21,588 - BorderSurveillance - INFO - Using device: cpu
2025-04-05 16:47:21,638 - BorderSurveillance - INFO - Loading model from /Users/subhayudas/Desktop/Border-Surveillance-System/models/yolov8n.pt
2025-04-05 16:47:21,705 - BorderSurveillance - INFO - Using device: cpu
2025-04-05 16:47:21,706 - BorderSurveillance - INFO - Loading model from /Users/subhayudas/Desktop/Border-Surveillance-System/models/yolov8n.pt
2025-04-05 16:47:21,713 - BorderSurveillance - INFO - Using device: cpu
2025-04-05 16:47:21,733 - BorderSurveillance - INFO - Using device: cpu
2025-04-05 16:47:21,757 - BorderSurveillance - INFO - Loading model from /Users/subhayudas/Desktop/Border-Surveillance-System/models/yolov8n.pt
2025-04-05 16:47:21,820 - BorderSurveillance - INFO - Loading model from /Users/subhayudas/Desktop/Border-Surveillance-System/models/yolov8n.pt
2025-04-05 16:47:21,835 - BorderSurveillance - INFO - Using device: cpu
2025-04-05 16:47:21,844 - BorderSurveillance - INFO - Loading model from /Users/subhayudas/Desktop/Border-Surveillance-System/models/yolov8n.pt
2025-04-05 16:47:21,868 - BorderSurveillance - INFO - Using device: cpu
2025-04-05 16:47:21,873 - BorderSurveillance - INFO - Using device: cpu
2025-04-05 16:47:21,902 - BorderSurveillance - INFO - Loading model from /Users/subhayudas/Desktop/Border-Surveillance-System/models/yolov8n.pt
2025-04-05 16:47:21,967 - BorderSurveillance - INFO - Loading model from /Users/subhayudas/Desktop/Border-Surveillance-System/models/yolov8n.pt
2025-04-05 16:47:21,976 - BorderSurveillance - INFO - Using device: cpu
2025-04-05 16:47:21,992 - BorderSurveillance - INFO - Using device: cpu
2025-04-05 16:47:22,017 - BorderSurveillance - INFO - Using device: cpu
2025-04-05 16:47:22,025 - BorderSurveillance - INFO - Using device: cpu
2025-04-05 16:47:22,080 - BorderSurveillance - INFO - Loading model from /Users/subhayudas/Desktop/Border-Surveillance-System/models/yolov8n.pt
2025-04-05 16:47:22,116 - BorderSurveillance - INFO - Loading model from /Users/subhayudas/Desktop/Border-Surveillance-System/models/yolov8n.pt
2025-04-05 16:47:22,136 - BorderSurveillance - INFO - Using device: cpu
2025-04-05 16:47:22,168 - BorderSurveillance - INFO - Using device: cpu
2025-04-05 16:47:22,182 - BorderSurveillance - INFO - Loading model from /Users/subhayudas/Desktop/Border-Surveillance-System/models/yolov8n.pt
2025-04-05 16:47:22,234 - BorderSurveillance - INFO - Loading model from /Users/subhayudas/Desktop/Border-Surveillance-System/models/yolov8n.pt
2025-04-05 16:47:22,284 - BorderSurveillance - INFO - Using device: cpu
2025-04-05 16:47:22,551 - BorderSurveillance - INFO - Loading model from /Users/subhayudas/Desktop/Border-Surveillance-System/models/yolov8n.pt
2025-04-05 16:47:22,592 - BorderSurveillance - INFO - Loading model from /Users/subhayudas/Desktop/Border-Surveillance-System/models/yolov8n.pt
2025-04-05 16:47:22,597 - BorderSurveillance - INFO - Using device: cpu
2025-04-05 16:47:22,601 - BorderSurveillance - INFO - Using device: cpu
2025-04-05 16:47:22,613 - BorderSurveillance - INFO - Using device: cpu
2025-04-05 16:47:23,331 - BorderSurveillance - INFO - Loading model from /Users/subhayudas/Desktop/Border-Surveillance-System/models/yolov8n.pt
2025-04-05 16:47:23,357 - BorderSurveillance - INFO - Using device: cpu
2025-04-05 16:47:23,363 - BorderSurveillance - INFO - Using device: cpu
2025-04-05 16:47:23,378 - BorderSurveillance - INFO - Loading model from /Users/subhayudas/Desktop/Border-Surveillance-System/models/yolov8n.pt
2025-04-05 16:47:23,413 - BorderSurveillance - INFO - Using device: cpu
2025-04-05 16:47:23,482 - BorderSurveillance - INFO - Using device: cpu
2025-04-05 16:47:23,523 - BorderSurveillance - INFO - Loading model from /Users/subhayudas/Desktop/Border-Surveillance-System/models/yolov8n.pt
2025-04-05 16:47:23,547 - BorderSurveillance - INFO - Loading model from /Users/subhayudas/Desktop/Border-Surveillance-System/models/yolov8n.pt
2025-04-05 16:47:23,640 - BorderSurveillance - INFO - Loading model from /Users/subhayudas/Desktop/Border-Surveillance-System/models/yolov8n.pt
2025-04-05 16:47:23,646 - BorderSurveillance - INFO - Using device: cpu
2025-04-05 16:47:23,679 - BorderSurveillance - INFO - Using device: cpu
2025-04-05 16:47:23,679 - BorderSurveillance - INFO - Loading model from /Users/subhayudas/Desktop/Border-Surveillance-System/models/yolov8n.pt
2025-04-05 16:47:23,739 - BorderSurveillance - INFO - Using device: cpu
2025-04-05 16:47:23,755 - BorderSurveillance - INFO - Loading model from /Users/subhayudas/Desktop/Border-Surveillance-System/models/yolov8n.pt
2025-04-05 16:47:23,776 - BorderSurveillance - INFO - Loading model from /Users/subhayudas/Desktop/Border-Surveillance-System/models/yolov8n.pt
2025-04-05 16:47:23,849 - BorderSurveillance - INFO - Using device: cpu
2025-04-05 16:47:23,851 - BorderSurveillance - INFO - Loading model from /Users/subhayudas/Desktop/Border-Surveillance-System/models/yolov8n.pt
2025-04-05 16:47:23,888 - BorderSurveillance - INFO - Using device: cpu
2025-04-05 16:47:23,915 - BorderSurveillance - INFO - Loading model from /Users/subhayudas/Desktop/Border-Surveillance-System/models/yolov8n.pt
2025-04-05 16:47:23,923 - BorderSurveillance - INFO - Using device: cpu
2025-04-05 16:47:23,961 - BorderSurveillance - INFO - Using device: cpu
2025-04-05 16:47:23,982 - BorderSurveillance - INFO - Loading model from /Users/subhayudas/Desktop/Border-Surveillance-System/models/yolov8n.pt
2025-04-05 16:47:24,019 - BorderSurveillance - INFO - Loading model from /Users/subhayudas/Desktop/Border-Surveillance-System/models/yolov8n.pt
2025-04-05 16:47:24,041 - BorderSurveillance - INFO - Using device: cpu
2025-04-05 16:47:24,085 - BorderSurveillance - INFO - Loading model from /Users/subhayudas/Desktop/Border-Surveillance-System/models/yolov8n.pt
2025-04-05 16:47:24,136 - BorderSurveillance - INFO - Using device: cpu
2025-04-05 16:47:24,173 - BorderSurveillance - INFO - Loading model from /Users/subhayudas/Desktop/Border-Surveillance-System/models/yolov8n.pt
2025-04-05 16:47:24,248 - BorderSurveillance - INFO - Loading model from /Users/subhayudas/Desktop/Border-Surveillance-System/models/yolov8n.pt
2025-04-05 16:47:24,266 - BorderSurveillance - INFO - Using device: cpu
2025-04-05 16:47:24,270 - BorderSurveillance - INFO - Using device: cpu
2025-04-05 16:47:24,292 - BorderSurveillance - INFO - Loading model from /Users/subhayudas/Desktop/Border-Surveillance-System/models/yolov8n.pt
2025-04-05 16:47:24,379 - BorderSurveillance - INFO - Loading model from /Users/subhayudas/Desktop/Border-Surveillance-System/models/yolov8n.pt
2025-04-05 16:47:24,386 - BorderSurveillance - INFO - Using device: cpu
2025-04-05 16:47:24,391 - BorderSurveillance - INFO - Using device: cpu
2025-04-05 16:47:24,419 - BorderSurveillance - INFO - Loading model from /Users/subhayudas/Desktop/Border-Surveillance-System/models/yolov8n.pt
2025-04-05 16:47:24,448 - BorderSurveillance - INFO - Using device: cpu
2025-04-05 16:47:24,456 - BorderSurveillance - INFO - Using device: cpu
2025-04-05 16:47:24,466 - BorderSurveillance - INFO - Loading model from /Users/subhayudas/Desktop/Border-Surveillance-System/models/yolov8n.pt
2025-04-05 16:47:24,514 - BorderSurveillance - INFO - Using device: cpu
2025-04-05 16:47:24,537 - BorderSurveillance - INFO - Using device: cpu
2025-04-05 16:47:24,541 - BorderSurveillance - INFO - Loading model from /Users/subhayudas/Desktop/Border-Surveillance-System/models/yolov8n.pt
2025-04-05 16:47:24,626 - BorderSurveillance - INFO - Loading model from /Users/subhayudas/Desktop/Border-Surveillance-System/models/yolov8n.pt
2025-04-05 16:47:24,653 - BorderSurveillance - INFO - Using device: cpu
2025-04-05 16:47:24,684 - BorderSurveillance - INFO - Loading model from /Users/subhayudas/Desktop/Border-Surveillance-System/models/yolov8n.pt
2025-04-05 16:47:24,698 - BorderSurveillance - INFO - Using device: cpu
2025-04-05 16:47:24,723 - BorderSurveillance - INFO - Loading model from /Users/subhayudas/Desktop/Border-Surveillance-System/models/yolov8n.pt
2025-04-05 16:47:24,726 - BorderSurveillance - INFO - Using device: cpu
2025-04-05 16:47:24,733 - BorderSurveillance - INFO - Using device: cpu
2025-04-05 16:47:24,755 - BorderSurveillance - INFO - Using device: cpu
2025-04-05 16:47:24,818 - BorderSurveillance - INFO - Loading model from /Users/subhayudas/Desktop/Border-Surveillance-System/models/yolov8n.pt
2025-04-05 16:47:24,821 - BorderSurveillance - INFO - Using device: cpu
2025-04-05 16:47:24,836 - BorderSurveillance - INFO - Using device: cpu
2025-04-05 16:47:24,853 - BorderSurveillance - INFO - Loading model from /Users/subhayudas/Desktop/Border-Surveillance-System/models/yolov8n.pt
2025-04-05 16:47:24,914 - BorderSurveillance - INFO - Loading model from /Users/subhayudas/Desktop/Border-Surveillance-System/models/yolov8n.pt
2025-04-05 16:47:24,984 - BorderSurveillance - INFO - Loading model from /Users/subhayudas/Desktop/Border-Surveillance-System/models/yolov8n.pt
2025-04-05 16:47:25,005 - BorderSurveillance - INFO - Using device: cpu
2025-04-05 16:47:25,057 - BorderSurveillance - INFO - Loading model from /Users/subhayudas/Desktop/Border-Surveillance-System/models/yolov8n.pt
2025-04-05 16:47:25,120 - BorderSurveillance - INFO - Loading model from /Users/subhayudas/Desktop/Border-Surveillance-System/models/yolov8n.pt
2025-04-05 16:47:25,153 - BorderSurveillance - INFO - Loading model from /Users/subhayudas/Desktop/Border-Surveillance-System/models/yolov8n.pt
2025-04-05 16:47:25,161 - BorderSurveillance - INFO - Using device: cpu
2025-04-05 16:47:25,179 - BorderSurveillance - INFO - Using device: cpu
2025-04-05 16:47:25,247 - BorderSurveillance - INFO - Using device: cpu
2025-04-05 16:47:25,253 - BorderSurveillance - INFO - Loading model from /Users/subhayudas/Desktop/Border-Surveillance-System/models/yolov8n.pt
2025-04-05 16:47:25,271 - BorderSurveillance - INFO - Using device: cpu
2025-04-05 16:47:25,277 - BorderSurveillance - INFO - Using device: cpu
2025-04-05 16:47:25,337 - BorderSurveillance - INFO - Loading model from /Users/subhayudas/Desktop/Border-Surveillance-System/models/yolov8n.pt
2025-04-05 16:47:25,393 - BorderSurveillance - INFO - Using device: cpu
2025-04-05 16:47:25,408 - BorderSurveillance - INFO - Loading model from /Users/subhayudas/Desktop/Border-Surveillance-System/models/yolov8n.pt
2025-04-05 16:47:25,427 - BorderSurveillance - INFO - Using device: cpu
2025-04-05 16:47:25,449 - BorderSurveillance - INFO - Loading model from /Users/subhayudas/Desktop/Border-Surveillance-System/models/yolov8n.pt
2025-04-05 16:47:25,516 - BorderSurveillance - INFO - Using device: cpu
2025-04-05 16:47:25,532 - BorderSurveillance - INFO - Using device: cpu
2025-04-05 16:47:25,552 - BorderSurveillance - INFO - Using device: cpu
2025-04-05 16:47:25,586 - BorderSurveillance - INFO - Loading model from /Users/subhayudas/Desktop/Border-Surveillance-System/models/yolov8n.pt
2025-04-05 16:47:25,594 - BorderSurveillance - INFO - Using device: cpu
2025-04-05 16:47:25,699 - BorderSurveillance - INFO - Using device: cpu
2025-04-05 16:47:25,702 - BorderSurveillance - INFO - Loading model from /Users/subhayudas/Desktop/Border-Surveillance-System/models/yolov8n.pt
2025-04-05 16:47:25,766 - BorderSurveillance - INFO - Using device: cpu
2025-04-05 16:47:25,775 - BorderSurveillance - INFO - Loading model from /Users/subhayudas/Desktop/Border-Surveillance-System/models/yolov8n.pt
2025-04-05 16:47:25,877 - BorderSurveillance - INFO - Using device: cpu
2025-04-05 16:47:25,895 - BorderSurveillance - INFO - Loading model from /Users/subhayudas/Desktop/Border-Surveillance-System/models/yolov8n.pt
2025-04-05 16:47:25,982 - BorderSurveillance - INFO - Loading model from /Users/subhayudas/Desktop/Border-Surveillance-System/models/yolov8n.pt
2025-04-05 16:47:26,028 - BorderSurveillance - INFO - Using device: cpu
2025-04-05 16:47:26,046 - BorderSurveillance - INFO - Using device: cpu
2025-04-05 16:47:26,100 - BorderSurveillance - INFO - Using device: cpu
2025-04-05 16:47:26,115 - BorderSurveillance - INFO - Loading model from /Users/subhayudas/Desktop/Border-Surveillance-System/models/yolov8n.pt
2025-04-05 16:47:26,215 - BorderSurveillance - INFO - Using device: cpu
2025-04-05 16:47:26,277 - BorderSurveillance - INFO - Using device: cpu
2025-04-05 16:47:26,297 - BorderSurveillance - INFO - Loading model from /Users/subhayudas/Desktop/Border-Surveillance-System/models/yolov8n.pt
2025-04-05 16:47:26,310 - BorderSurveillance - INFO - Using device: cpu
2025-04-05 16:47:26,402 - BorderSurveillance - INFO - Loading model from /Users/subhayudas/Desktop/Border-Surveillance-System/models/yolov8n.pt
2025-04-05 16:47:26,417 - BorderSurveillance - INFO - Using device: cpu
2025-04-05 16:47:26,521 - BorderSurveillance - INFO - Loading model from /Users/subhayudas/Desktop/Border-Surveillance-System/models/yolov8n.pt
2025-04-05 16:47:26,582 - BorderSurveillance - INFO - Loading model from /Users/subhayudas/Desktop/Border-Surveillance-System/models/yolov8n.pt
2025-04-05 16:47:26,627 - BorderSurveillance - INFO - Using device: cpu
2025-04-05 16:47:26,648 - BorderSurveillance - INFO - Loading model from /Users/subhayudas/Desktop/Border-Surveillance-System/models/yolov8n.pt
2025-04-05 16:47:26,661 - BorderSurveillance - INFO - Using device: cpu
2025-04-05 16:47:26,683 - BorderSurveillance - INFO - Loading model from /Users/subhayudas/Desktop/Border-Surveillance-System/models/yolov8n.pt
2025-04-05 16:47:26,694 - BorderSurveillance - INFO - Using device: cpu
2025-04-05 16:47:26,719 - BorderSurveillance - INFO - Using device: cpu
2025-04-05 16:47:26,723 - BorderSurveillance - INFO - Loading model from /Users/subhayudas/Desktop/Border-Surveillance-System/models/yolov8n.pt
2025-04-05 16:47:26,775 - BorderSurveillance - INFO - Using device: cpu
2025-04-05 16:47:26,788 - BorderSurveillance - INFO - Using device: cpu
2025-04-05 16:47:26,810 - BorderSurveillance - INFO - Loading model from /Users/subhayudas/Desktop/Border-Surveillance-System/models/yolov8n.pt
2025-04-05 16:47:26,888 - BorderSurveillance - INFO - Loading model from /Users/subhayudas/Desktop/Border-Surveillance-System/models/yolov8n.pt
2025-04-05 16:47:26,899 - BorderSurveillance - INFO - Using device: cpu
2025-04-05 16:47:26,943 - BorderSurveillance - INFO - Loading model from /Users/subhayudas/Desktop/Border-Surveillance-System/models/yolov8n.pt
2025-04-05 16:47:27,749 - BorderSurveillance - INFO - Loading model from /Users/subhayudas/Desktop/Border-Surveillance-System/models/yolov8n.pt
2025-04-05 16:47:27,775 - BorderSurveillance - INFO - Using device: cpu
2025-04-05 16:47:27,780 - BorderSurveillance - INFO - Using device: cpu
2025-04-05 16:47:27,782 - BorderSurveillance - INFO - Using device: cpu
2025-04-05 16:47:27,800 - BorderSurveillance - INFO - Loading model from /Users/subhayudas/Desktop/Border-Surveillance-System/models/yolov8n.pt
2025-04-05 16:47:27,846 - BorderSurveillance - INFO - Using device: cpu
2025-04-05 16:47:27,904 - BorderSurveillance - INFO - Using device: cpu
2025-04-05 16:47:27,933 - BorderSurveillance - INFO - Using device: cpu
2025-04-05 16:47:27,976 - BorderSurveillance - INFO - Loading model from /Users/subhayudas/Desktop/Border-Surveillance-System/models/yolov8n.pt
2025-04-05 16:47:28,020 - BorderSurveillance - INFO - Loading model from /Users/subhayudas/Desktop/Border-Surveillance-System/models/yolov8n.pt
2025-04-05 16:47:28,110 - BorderSurveillance - INFO - Loading model from /Users/subhayudas/Desktop/Border-Surveillance-System/models/yolov8n.pt
2025-04-05 16:47:28,133 - BorderSurveillance - INFO - Using device: cpu
2025-04-05 16:47:28,140 - BorderSurveillance - INFO - Using device: cpu
2025-04-05 16:47:28,153 - BorderSurveillance - INFO - Loading model from /Users/subhayudas/Desktop/Border-Surveillance-System/models/yolov8n.pt
2025-04-05 16:47:28,288 - BorderSurveillance - INFO - Using device: cpu
2025-04-05 16:47:28,300 - BorderSurveillance - INFO - Using device: cpu
2025-04-05 16:47:28,330 - BorderSurveillance - INFO - Loading model from /Users/subhayudas/Desktop/Border-Surveillance-System/models/yolov8n.pt
2025-04-05 16:47:28,380 - BorderSurveillance - INFO - Using device: cpu
2025-04-05 16:47:28,394 - BorderSurveillance - INFO - Using device: cpu
2025-04-05 16:47:28,427 - BorderSurveillance - INFO - Loading model from /Users/subhayudas/Desktop/Border-Surveillance-System/models/yolov8n.pt
2025-04-05 16:47:28,456 - BorderSurveillance - INFO - Using device: cpu
2025-04-05 16:47:28,516 - BorderSurveillance - INFO - Loading model from /Users/subhayudas/Desktop/Border-Surveillance-System/models/yolov8n.pt
2025-04-05 16:47:28,647 - BorderSurveillance - INFO - Loading model from /Users/subhayudas/Desktop/Border-Surveillance-System/models/yolov8n.pt
2025-04-05 16:47:28,666 - BorderSurveillance - INFO - Using device: cpu
2025-04-05 16:47:28,756 - BorderSurveillance - INFO - Loading model from /Users/subhayudas/Desktop/Border-Surveillance-System/models/yolov8n.pt
2025-04-05 16:47:28,827 - BorderSurveillance - INFO - Loading model from /Users/subhayudas/Desktop/Border-Surveillance-System/models/yolov8n.pt
2025-04-05 16:47:28,840 - BorderSurveillance - INFO - Using device: cpu
2025-04-05 16:47:28,977 - BorderSurveillance - INFO - Using device: cpu
2025-04-05 16:47:29,032 - BorderSurveillance - INFO - Loading model from /Users/subhayudas/Desktop/Border-Surveillance-System/models/yolov8n.pt
2025-04-05 16:47:29,110 - BorderSurveillance - INFO - Loading model from /Users/subhayudas/Desktop/Border-Surveillance-System/models/yolov8n.pt
2025-04-05 16:47:29,164 - BorderSurveillance - INFO - Using device: cpu
2025-04-05 16:47:29,196 - BorderSurveillance - INFO - Loading model from /Users/subhayudas/Desktop/Border-Surveillance-System/models/yolov8n.pt
2025-04-05 16:47:29,412 - BorderSurveillance - INFO - Using device: cpu
2025-04-05 16:47:29,414 - BorderSurveillance - INFO - Loading model from /Users/subhayudas/Desktop/Border-Surveillance-System/models/yolov8n.pt
2025-04-05 16:47:29,492 - BorderSurveillance - INFO - Using device: cpu
2025-04-05 16:47:29,499 - BorderSurveillance - INFO - Loading model from /Users/subhayudas/Desktop/Border-Surveillance-System/models/yolov8n.pt
2025-04-05 16:47:29,506 - BorderSurveillance - INFO - Using device: cpu
2025-04-05 16:47:29,519 - BorderSurveillance - INFO - Using device: cpu
2025-04-05 16:47:29,562 - BorderSurveillance - INFO - Loading model from /Users/subhayudas/Desktop/Border-Surveillance-System/models/yolov8n.pt
2025-04-05 16:47:29,615 - BorderSurveillance - INFO - Using device: cpu
2025-04-05 16:47:29,647 - BorderSurveillance - INFO - Using device: cpu
2025-04-05 16:47:29,677 - BorderSurveillance - INFO - Using device: cpu
2025-04-05 16:47:29,679 - BorderSurveillance - INFO - Loading model from /Users/subhayudas/Desktop/Border-Surveillance-System/models/yolov8n.pt
2025-04-05 16:47:29,755 - BorderSurveillance - INFO - Loading model from /Users/subhayudas/Desktop/Border-Surveillance-System/models/yolov8n.pt
2025-04-05 16:47:29,830 - BorderSurveillance - INFO - Loading model from /Users/subhayudas/Desktop/Border-Surveillance-System/models/yolov8n.pt
2025-04-05 16:47:29,888 - BorderSurveillance - INFO - Loading model from /Users/subhayudas/Desktop/Border-Surveillance-System/models/yolov8n.pt
2025-04-05 16:47:30,006 - BorderSurveillance - INFO - Loading model from /Users/subhayudas/Desktop/Border-Surveillance-System/models/yolov8n.pt
2025-04-05 16:47:30,076 - BorderSurveillance - INFO - Using device: cpu
2025-04-05 16:47:30,134 - BorderSurveillance - INFO - Loading model from /Users/subhayudas/Desktop/Border-Surveillance-System/models/yolov8n.pt
2025-04-05 16:47:30,163 - BorderSurveillance - INFO - Using device: cpu
2025-04-05 16:47:30,227 - BorderSurveillance - INFO - Loading model from /Users/subhayudas/Desktop/Border-Surveillance-System/models/yolov8n.pt
2025-04-05 16:47:30,299 - BorderSurveillance - INFO - Loading model from /Users/subhayudas/Desktop/Border-Surveillance-System/models/yolov8n.pt
2025-04-05 16:47:30,485 - BorderSurveillance - INFO - Using device: cpu
2025-04-05 16:47:30,549 - BorderSurveillance - INFO - Using device: cpu
2025-04-05 16:47:30,705 - BorderSurveillance - INFO - Using device: cpu
2025-04-05 16:47:30,710 - BorderSurveillance - INFO - Using device: cpu
2025-04-05 16:47:30,731 - BorderSurveillance - INFO - Using device: cpu
2025-04-05 16:47:30,843 - BorderSurveillance - INFO - Loading model from /Users/subhayudas/Desktop/Border-Surveillance-System/models/yolov8n.pt
2025-04-05 16:47:30,911 - BorderSurveillance - INFO - Loading model from /Users/subhayudas/Desktop/Border-Surveillance-System/models/yolov8n.pt
2025-04-05 16:47:30,996 - BorderSurveillance - INFO - Loading model from /Users/subhayudas/Desktop/Border-Surveillance-System/models/yolov8n.pt
2025-04-05 16:47:31,003 - BorderSurveillance - INFO - Using device: cpu
2025-04-05 16:47:31,068 - BorderSurveillance - INFO - Using device: cpu
2025-04-05 16:47:31,078 - BorderSurveillance - INFO - Using device: cpu
2025-04-05 16:47:31,094 - BorderSurveillance - INFO - Loading model from /Users/subhayudas/Desktop/Border-Surveillance-System/models/yolov8n.pt
2025-04-05 16:47:31,152 - BorderSurveillance - INFO - Loading model from /Users/subhayudas/Desktop/Border-Surveillance-System/models/yolov8n.pt
2025-04-05 16:47:31,165 - BorderSurveillance - INFO - Using device: cpu
2025-04-05 16:47:31,273 - BorderSurveillance - INFO - Loading model from /Users/subhayudas/Desktop/Border-Surveillance-System/models/yolov8n.pt
2025-04-05 16:47:31,315 - BorderSurveillance - INFO - Loading model from /Users/subhayudas/Desktop/Border-Surveillance-System/models/yolov8n.pt
2025-04-05 16:47:31,344 - BorderSurveillance - INFO - Using device: cpu
2025-04-05 16:47:31,410 - BorderSurveillance - INFO - Loading model from /Users/subhayudas/Desktop/Border-Surveillance-System/models/yolov8n.pt
2025-04-05 16:47:31,486 - BorderSurveillance - INFO - Using device: cpu
2025-04-05 16:47:31,487 - BorderSurveillance - INFO - Loading model from /Users/subhayudas/Desktop/Border-Surveillance-System/models/yolov8n.pt
2025-04-05 16:47:31,557 - BorderSurveillance - INFO - Loading model from /Users/subhayudas/Desktop/Border-Surveillance-System/models/yolov8n.pt
2025-04-05 16:47:31,569 - BorderSurveillance - INFO - Using device: cpu
2025-04-05 16:47:31,577 - BorderSurveillance - INFO - Using device: cpu
2025-04-05 16:47:31,586 - BorderSurveillance - INFO - Using device: cpu
2025-04-05 16:47:31,628 - BorderSurveillance - INFO - Loading model from /Users/subhayudas/Desktop/Border-Surveillance-System/models/yolov8n.pt
2025-04-05 16:47:31,716 - BorderSurveillance - INFO - Loading model from /Users/subhayudas/Desktop/Border-Surveillance-System/models/yolov8n.pt
2025-04-05 16:47:31,800 - BorderSurveillance - INFO - Loading model from /Users/subhayudas/Desktop/Border-Surveillance-System/models/yolov8n.pt
2025-04-05 16:47:31,884 - BorderSurveillance - INFO - Loading model from /Users/subhayudas/Desktop/Border-Surveillance-System/models/yolov8n.pt
2025-04-05 16:47:31,926 - BorderSurveillance - INFO - Using device: cpu
2025-04-05 16:47:32,005 - BorderSurveillance - INFO - Loading model from /Users/subhayudas/Desktop/Border-Surveillance-System/models/yolov8n.pt
2025-04-05 16:47:32,010 - BorderSurveillance - INFO - Using device: cpu
2025-04-05 16:47:32,018 - BorderSurveillance - INFO - Using device: cpu
2025-04-05 16:47:32,050 - BorderSurveillance - INFO - Loading model from /Users/subhayudas/Desktop/Border-Surveillance-System/models/yolov8n.pt
2025-04-05 16:47:32,146 - BorderSurveillance - INFO - Loading model from /Users/subhayudas/Desktop/Border-Surveillance-System/models/yolov8n.pt
2025-04-05 16:47:32,226 - BorderSurveillance - INFO - Loading model from /Users/subhayudas/Desktop/Border-Surveillance-System/models/yolov8n.pt
2025-04-05 16:47:32,246 - BorderSurveillance - INFO - Using device: cpu
2025-04-05 16:47:32,254 - BorderSurveillance - INFO - Using device: cpu
2025-04-05 16:47:32,259 - BorderSurveillance - INFO - Using device: cpu
2025-04-05 16:47:32,268 - BorderSurveillance - INFO - Loading model from /Users/subhayudas/Desktop/Border-Surveillance-System/models/yolov8n.pt
2025-04-05 16:47:32,270 - BorderSurveillance - INFO - Using device: cpu
2025-04-05 16:47:32,308 - BorderSurveillance - INFO - Using device: cpu
2025-04-05 16:47:32,329 - BorderSurveillance - INFO - Using device: cpu
2025-04-05 16:47:32,334 - BorderSurveillance - INFO - Loading model from /Users/subhayudas/Desktop/Border-Surveillance-System/models/yolov8n.pt
2025-04-05 16:47:32,484 - BorderSurveillance - INFO - Loading model from /Users/subhayudas/Desktop/Border-Surveillance-System/models/yolov8n.pt
2025-04-05 16:47:32,550 - BorderSurveillance - INFO - Using device: cpu
2025-04-05 16:47:32,552 - BorderSurveillance - INFO - Using device: cpu
2025-04-05 16:47:32,583 - BorderSurveillance - INFO - Loading model from /Users/subhayudas/Desktop/Border-Surveillance-System/models/yolov8n.pt
2025-04-05 16:47:32,589 - BorderSurveillance - INFO - Using device: cpu
2025-04-05 16:47:32,654 - BorderSurveillance - INFO - Loading model from /Users/subhayudas/Desktop/Border-Surveillance-System/models/yolov8n.pt
2025-04-05 16:47:32,816 - BorderSurveillance - INFO - Loading model from /Users/subhayudas/Desktop/Border-Surveillance-System/models/yolov8n.pt
2025-04-05 16:47:33,025 - BorderSurveillance - INFO - Loading model from /Users/subhayudas/Desktop/Border-Surveillance-System/models/yolov8n.pt
2025-04-05 16:47:33,047 - BorderSurveillance - INFO - Loading model from /Users/subhayudas/Desktop/Border-Surveillance-System/models/yolov8n.pt
2025-04-05 16:47:33,152 - BorderSurveillance - INFO - Loading model from /Users/subhayudas/Desktop/Border-Surveillance-System/models/yolov8n.pt
2025-04-05 16:47:33,915 - BorderSurveillance - INFO - Loading model from /Users/subhayudas/Desktop/Border-Surveillance-System/models/yolov8n.pt
2025-04-05 16:47:34,521 - BorderSurveillance - INFO - Loading model from /Users/subhayudas/Desktop/Border-Surveillance-System/models/yolov8n.pt
2025-04-05 16:47:34,684 - BorderSurveillance - INFO - Loading model from /Users/subhayudas/Desktop/Border-Surveillance-System/models/yolov8n.pt
2025-04-05 16:47:34,819 - BorderSurveillance - INFO - Loading model from /Users/subhayudas/Desktop/Border-Surveillance-System/models/yolov8n.pt
2025-04-05 16:47:34,978 - BorderSurveillance - INFO - Loading model from /Users/subhayudas/Desktop/Border-Surveillance-System/models/yolov8n.pt
2025-04-05 16:47:35,025 - BorderSurveillance - INFO - Using device: cpu
2025-04-05 16:47:35,076 - BorderSurveillance - INFO - Using device: cpu
2025-04-05 16:47:35,152 - BorderSurveillance - INFO - Using device: cpu
2025-04-05 16:47:35,269 - BorderSurveillance - INFO - Loading model from /Users/subhayudas/Desktop/Border-Surveillance-System/models/yolov8n.pt
2025-04-05 16:47:35,612 - BorderSurveillance - INFO - Using device: cpu
2025-04-05 16:47:35,687 - BorderSurveillance - INFO - Loading model from /Users/subhayudas/Desktop/Border-Surveillance-System/models/yolov8n.pt
2025-04-05 16:47:35,770 - BorderSurveillance - INFO - Using device: cpu
2025-04-05 16:47:36,710 - BorderSurveillance - INFO - Loading model from /Users/subhayudas/Desktop/Border-Surveillance-System/models/yolov8n.pt
2025-04-05 16:47:36,750 - BorderSurveillance - INFO - Loading model from /Users/subhayudas/Desktop/Border-Surveillance-System/models/yolov8n.pt
2025-04-05 16:47:36,769 - BorderSurveillance - INFO - Using device: cpu
2025-04-05 16:47:36,825 - BorderSurveillance - INFO - Loading model from /Users/subhayudas/Desktop/Border-Surveillance-System/models/yolov8n.pt
2025-04-05 16:47:36,864 - BorderSurveillance - INFO - Using device: cpu
2025-04-05 16:47:36,903 - BorderSurveillance - INFO - Using device: cpu
2025-04-05 16:47:36,924 - BorderSurveillance - INFO - Loading model from /Users/subhayudas/Desktop/Border-Surveillance-System/models/yolov8n.pt
2025-04-05 16:47:37,003 - BorderSurveillance - INFO - Loading model from /Users/subhayudas/Desktop/Border-Surveillance-System/models/yolov8n.pt
2025-04-05 16:47:37,058 - BorderSurveillance - INFO - Using device: cpu
2025-04-05 16:47:37,117 - BorderSurveillance - INFO - Loading model from /Users/subhayudas/Desktop/Border-Surveillance-System/models/yolov8n.pt
2025-04-05 16:47:37,213 - BorderSurveillance - INFO - Using device: cpu
2025-04-05 16:47:37,237 - BorderSurveillance - INFO - Loading model from /Users/subhayudas/Desktop/Border-Surveillance-System/models/yolov8n.pt
2025-04-05 16:47:37,252 - BorderSurveillance - INFO - Using device: cpu
2025-04-05 16:47:37,294 - BorderSurveillance - INFO - Using device: cpu
2025-04-05 16:47:37,354 - BorderSurveillance - INFO - Loading model from /Users/subhayudas/Desktop/Border-Surveillance-System/models/yolov8n.pt
2025-04-05 16:47:37,382 - BorderSurveillance - INFO - Loading model from /Users/subhayudas/Desktop/Border-Surveillance-System/models/yolov8n.pt
2025-04-05 16:47:37,528 - BorderSurveillance - INFO - Using device: cpu
2025-04-05 16:47:37,561 - BorderSurveillance - INFO - Loading model from /Users/subhayudas/Desktop/Border-Surveillance-System/models/yolov8n.pt
2025-04-05 16:47:37,711 - BorderSurveillance - INFO - Loading model from /Users/subhayudas/Desktop/Border-Surveillance-System/models/yolov8n.pt
2025-04-05 16:47:37,827 - BorderSurveillance - INFO - Loading model from /Users/subhayudas/Desktop/Border-Surveillance-System/models/yolov8n.pt
2025-04-05 16:47:37,856 - BorderSurveillance - INFO - Using device: cpu
2025-04-05 16:47:37,876 - BorderSurveillance - INFO - Using device: cpu
2025-04-05 16:47:37,908 - BorderSurveillance - INFO - Loading model from /Users/subhayudas/Desktop/Border-Surveillance-System/models/yolov8n.pt
2025-04-05 16:47:37,963 - BorderSurveillance - INFO - Using device: cpu
2025-04-05 16:47:37,981 - BorderSurveillance - INFO - Using device: cpu
2025-04-05 16:47:38,019 - BorderSurveillance - INFO - Loading model from /Users/subhayudas/Desktop/Border-Surveillance-System/models/yolov8n.pt
2025-04-05 16:47:38,105 - BorderSurveillance - INFO - Loading model from /Users/subhayudas/Desktop/Border-Surveillance-System/models/yolov8n.pt
2025-04-05 16:47:38,275 - BorderSurveillance - INFO - Loading model from /Users/subhayudas/Desktop/Border-Surveillance-System/models/yolov8n.pt
2025-04-05 16:47:38,359 - BorderSurveillance - INFO - Loading model from /Users/subhayudas/Desktop/Border-Surveillance-System/models/yolov8n.pt
2025-04-05 16:47:38,388 - BorderSurveillance - INFO - Using device: cpu
2025-04-05 16:47:38,507 - BorderSurveillance - INFO - Loading model from /Users/subhayudas/Desktop/Border-Surveillance-System/models/yolov8n.pt
2025-04-05 16:47:38,716 - BorderSurveillance - INFO - Loading model from /Users/subhayudas/Desktop/Border-Surveillance-System/models/yolov8n.pt
2025-04-05 16:47:38,830 - BorderSurveillance - INFO - Loading model from /Users/subhayudas/Desktop/Border-Surveillance-System/models/yolov8n.pt
2025-04-05 16:47:38,971 - BorderSurveillance - INFO - Loading model from /Users/subhayudas/Desktop/Border-Surveillance-System/models/yolov8n.pt
2025-04-05 16:47:39,103 - BorderSurveillance - INFO - Loading model from /Users/subhayudas/Desktop/Border-Surveillance-System/models/yolov8n.pt
2025-04-05 16:47:39,271 - BorderSurveillance - INFO - Loading model from /Users/subhayudas/Desktop/Border-Surveillance-System/models/yolov8n.pt
2025-04-05 16:47:39,407 - BorderSurveillance - INFO - Using device: cpu
2025-04-05 16:47:39,417 - BorderSurveillance - INFO - Using device: cpu
2025-04-05 16:47:39,592 - BorderSurveillance - INFO - Loading model from /Users/subhayudas/Desktop/Border-Surveillance-System/models/yolov8n.pt
2025-04-05 16:47:39,611 - BorderSurveillance - INFO - Using device: cpu
2025-04-05 16:47:39,619 - BorderSurveillance - INFO - Using device: cpu
2025-04-05 16:47:39,704 - BorderSurveillance - INFO - Using device: cpu
2025-04-05 16:47:39,707 - BorderSurveillance - INFO - Loading model from /Users/subhayudas/Desktop/Border-Surveillance-System/models/yolov8n.pt
2025-04-05 16:47:39,751 - BorderSurveillance - INFO - Using device: cpu
2025-04-05 16:47:39,841 - BorderSurveillance - INFO - Loading model from /Users/subhayudas/Desktop/Border-Surveillance-System/models/yolov8n.pt
2025-04-05 16:47:39,962 - BorderSurveillance - INFO - Loading model from /Users/subhayudas/Desktop/Border-Surveillance-System/models/yolov8n.pt
2025-04-05 16:47:40,034 - BorderSurveillance - INFO - Using device: cpu
2025-04-05 16:47:40,065 - BorderSurveillance - INFO - Loading model from /Users/subhayudas/Desktop/Border-Surveillance-System/models/yolov8n.pt
2025-04-05 16:47:40,101 - BorderSurveillance - INFO - Using device: cpu
2025-04-05 16:47:40,151 - BorderSurveillance - INFO - Using device: cpu
2025-04-05 16:47:40,157 - BorderSurveillance - INFO - Loading model from /Users/subhayudas/Desktop/Border-Surveillance-System/models/yolov8n.pt
2025-04-05 16:47:40,247 - BorderSurveillance - INFO - Loading model from /Users/subhayudas/Desktop/Border-Surveillance-System/models/yolov8n.pt
2025-04-05 16:47:40,394 - BorderSurveillance - INFO - Loading model from /Users/subhayudas/Desktop/Border-Surveillance-System/models/yolov8n.pt
2025-04-05 16:47:40,454 - BorderSurveillance - INFO - Using device: cpu
2025-04-05 16:47:40,507 - BorderSurveillance - INFO - Loading model from /Users/subhayudas/Desktop/Border-Surveillance-System/models/yolov8n.pt
2025-04-05 16:47:40,598 - BorderSurveillance - INFO - Loading model from /Users/subhayudas/Desktop/Border-Surveillance-System/models/yolov8n.pt
2025-04-05 16:47:40,692 - BorderSurveillance - INFO - Using device: cpu
2025-04-05 16:47:40,737 - BorderSurveillance - INFO - Loading model from /Users/subhayudas/Desktop/Border-Surveillance-System/models/yolov8n.pt
2025-04-05 16:47:40,838 - BorderSurveillance - INFO - Loading model from /Users/subhayudas/Desktop/Border-Surveillance-System/models/yolov8n.pt
2025-04-05 16:47:40,964 - BorderSurveillance - INFO - Loading model from /Users/subhayudas/Desktop/Border-Surveillance-System/models/yolov8n.pt
2025-04-05 16:47:40,972 - BorderSurveillance - INFO - Using device: cpu
2025-04-05 16:47:41,166 - BorderSurveillance - INFO - Using device: cpu
2025-04-05 16:47:41,198 - BorderSurveillance - INFO - Loading model from /Users/subhayudas/Desktop/Border-Surveillance-System/models/yolov8n.pt
2025-04-05 16:47:41,342 - BorderSurveillance - INFO - Loading model from /Users/subhayudas/Desktop/Border-Surveillance-System/models/yolov8n.pt
2025-04-05 16:47:41,361 - BorderSurveillance - INFO - Using device: cpu
2025-04-05 16:47:41,368 - BorderSurveillance - INFO - Using device: cpu
2025-04-05 16:47:41,482 - BorderSurveillance - INFO - Using device: cpu
2025-04-05 16:47:41,548 - BorderSurveillance - INFO - Loading model from /Users/subhayudas/Desktop/Border-Surveillance-System/models/yolov8n.pt
2025-04-05 16:47:41,642 - BorderSurveillance - INFO - Loading model from /Users/subhayudas/Desktop/Border-Surveillance-System/models/yolov8n.pt
2025-04-05 16:47:41,859 - BorderSurveillance - INFO - Loading model from /Users/subhayudas/Desktop/Border-Surveillance-System/models/yolov8n.pt
2025-04-05 16:47:41,953 - BorderSurveillance - INFO - Using device: cpu
2025-04-05 16:47:42,085 - BorderSurveillance - INFO - Loading model from /Users/subhayudas/Desktop/Border-Surveillance-System/models/yolov8n.pt
2025-04-05 16:47:42,262 - BorderSurveillance - INFO - Loading model from /Users/subhayudas/Desktop/Border-Surveillance-System/models/yolov8n.pt
2025-04-05 16:47:42,778 - BorderSurveillance - INFO - Using device: cpu
2025-04-05 16:47:42,874 - BorderSurveillance - INFO - Loading model from /Users/subhayudas/Desktop/Border-Surveillance-System/models/yolov8n.pt
2025-04-05 16:47:42,932 - BorderSurveillance - INFO - Loading model from /Users/subhayudas/Desktop/Border-Surveillance-System/models/yolov8n.pt
2025-04-05 16:47:42,953 - BorderSurveillance - INFO - Using device: cpu
2025-04-05 16:47:42,957 - BorderSurveillance - INFO - Using device: cpu
2025-04-05 16:47:42,998 - BorderSurveillance - INFO - Using device: cpu
2025-04-05 16:47:43,034 - BorderSurveillance - INFO - Loading model from /Users/subhayudas/Desktop/Border-Surveillance-System/models/yolov8n.pt
2025-04-05 16:47:43,159 - BorderSurveillance - INFO - Loading model from /Users/subhayudas/Desktop/Border-Surveillance-System/models/yolov8n.pt
2025-04-05 16:47:43,275 - BorderSurveillance - INFO - Using device: cpu
2025-04-05 16:47:43,335 - BorderSurveillance - INFO - Using device: cpu
2025-04-05 16:47:43,348 - BorderSurveillance - INFO - Loading model from /Users/subhayudas/Desktop/Border-Surveillance-System/models/yolov8n.pt
2025-04-05 16:47:43,463 - BorderSurveillance - INFO - Using device: cpu
2025-04-05 16:47:43,504 - BorderSurveillance - INFO - Loading model from /Users/subhayudas/Desktop/Border-Surveillance-System/models/yolov8n.pt
2025-04-05 16:47:43,712 - BorderSurveillance - INFO - Loading model from /Users/subhayudas/Desktop/Border-Surveillance-System/models/yolov8n.pt
2025-04-05 16:47:43,807 - BorderSurveillance - INFO - Loading model from /Users/subhayudas/Desktop/Border-Surveillance-System/models/yolov8n.pt
2025-04-05 16:47:43,830 - BorderSurveillance - INFO - Using device: cpu
2025-04-05 16:47:43,893 - BorderSurveillance - INFO - Loading model from /Users/subhayudas/Desktop/Border-Surveillance-System/models/yolov8n.pt
2025-04-05 16:47:44,008 - BorderSurveillance - INFO - Loading model from /Users/subhayudas/Desktop/Border-Surveillance-System/models/yolov8n.pt
2025-04-05 16:47:44,086 - BorderSurveillance - INFO - Loading model from /Users/subhayudas/Desktop/Border-Surveillance-System/models/yolov8n.pt
2025-04-05 16:47:44,137 - BorderSurveillance - INFO - Using device: cpu
2025-04-05 16:47:44,326 - BorderSurveillance - INFO - Loading model from /Users/subhayudas/Desktop/Border-Surveillance-System/models/yolov8n.pt
2025-04-05 16:47:44,559 - BorderSurveillance - INFO - Loading model from /Users/subhayudas/Desktop/Border-Surveillance-System/models/yolov8n.pt
2025-04-05 16:47:44,640 - BorderSurveillance - INFO - Loading model from /Users/subhayudas/Desktop/Border-Surveillance-System/models/yolov8n.pt
2025-04-05 16:47:44,781 - BorderSurveillance - INFO - Loading model from /Users/subhayudas/Desktop/Border-Surveillance-System/models/yolov8n.pt
2025-04-05 16:47:44,797 - BorderSurveillance - INFO - Using device: cpu
2025-04-05 16:47:45,853 - BorderSurveillance - INFO - Using device: cpu
2025-04-05 16:47:45,858 - BorderSurveillance - INFO - Loading model from /Users/subhayudas/Desktop/Border-Surveillance-System/models/yolov8n.pt
2025-04-05 16:47:45,954 - BorderSurveillance - INFO - Using device: cpu
2025-04-05 16:47:46,021 - BorderSurveillance - INFO - Loading model from /Users/subhayudas/Desktop/Border-Surveillance-System/models/yolov8n.pt
2025-04-05 16:47:46,108 - BorderSurveillance - INFO - Loading model from /Users/subhayudas/Desktop/Border-Surveillance-System/models/yolov8n.pt
2025-04-05 16:47:46,124 - BorderSurveillance - INFO - Using device: cpu
2025-04-05 16:47:46,159 - BorderSurveillance - INFO - Using device: cpu
2025-04-05 16:47:46,165 - BorderSurveillance - INFO - Using device: cpu
2025-04-05 16:47:46,197 - BorderSurveillance - INFO - Loading model from /Users/subhayudas/Desktop/Border-Surveillance-System/models/yolov8n.pt
2025-04-05 16:47:46,298 - BorderSurveillance - INFO - Loading model from /Users/subhayudas/Desktop/Border-Surveillance-System/models/yolov8n.pt
2025-04-05 16:47:46,438 - BorderSurveillance - INFO - Loading model from /Users/subhayudas/Desktop/Border-Surveillance-System/models/yolov8n.pt
2025-04-05 16:47:46,493 - BorderSurveillance - INFO - Using device: cpu
2025-04-05 16:47:46,552 - BorderSurveillance - INFO - Loading model from /Users/subhayudas/Desktop/Border-Surveillance-System/models/yolov8n.pt
2025-04-05 16:47:46,678 - BorderSurveillance - INFO - Loading model from /Users/subhayudas/Desktop/Border-Surveillance-System/models/yolov8n.pt
2025-04-05 16:47:46,718 - BorderSurveillance - INFO - Using device: cpu
2025-04-05 16:47:46,747 - BorderSurveillance - INFO - Loading model from /Users/subhayudas/Desktop/Border-Surveillance-System/models/yolov8n.pt
2025-04-05 16:47:46,805 - BorderSurveillance - INFO - Using device: cpu
2025-04-05 16:47:46,819 - BorderSurveillance - INFO - Using device: cpu
2025-04-05 16:47:46,914 - BorderSurveillance - INFO - Loading model from /Users/subhayudas/Desktop/Border-Surveillance-System/models/yolov8n.pt
2025-04-05 16:47:46,965 - BorderSurveillance - INFO - Loading model from /Users/subhayudas/Desktop/Border-Surveillance-System/models/yolov8n.pt
2025-04-05 16:47:47,043 - BorderSurveillance - INFO - Using device: cpu
2025-04-05 16:47:47,048 - BorderSurveillance - INFO - Using device: cpu
2025-04-05 16:47:47,082 - BorderSurveillance - INFO - Loading model from /Users/subhayudas/Desktop/Border-Surveillance-System/models/yolov8n.pt
2025-04-05 16:47:47,200 - BorderSurveillance - INFO - Loading model from /Users/subhayudas/Desktop/Border-Surveillance-System/models/yolov8n.pt
2025-04-05 16:47:47,268 - BorderSurveillance - INFO - Using device: cpu
2025-04-05 16:47:47,345 - BorderSurveillance - INFO - Loading model from /Users/subhayudas/Desktop/Border-Surveillance-System/models/yolov8n.pt
2025-04-05 16:47:47,481 - BorderSurveillance - INFO - Loading model from /Users/subhayudas/Desktop/Border-Surveillance-System/models/yolov8n.pt
2025-04-05 16:47:47,574 - BorderSurveillance - INFO - Using device: cpu
2025-04-05 16:47:47,575 - BorderSurveillance - INFO - Loading model from /Users/subhayudas/Desktop/Border-Surveillance-System/models/yolov8n.pt
2025-04-05 16:47:47,587 - BorderSurveillance - INFO - Using device: cpu
2025-04-05 16:47:47,684 - BorderSurveillance - INFO - Loading model from /Users/subhayudas/Desktop/Border-Surveillance-System/models/yolov8n.pt
2025-04-05 16:47:47,752 - BorderSurveillance - INFO - Loading model from /Users/subhayudas/Desktop/Border-Surveillance-System/models/yolov8n.pt
2025-04-05 16:47:47,957 - BorderSurveillance - INFO - Loading model from /Users/subhayudas/Desktop/Border-Surveillance-System/models/yolov8n.pt
2025-04-05 16:47:48,089 - BorderSurveillance - INFO - Loading model from /Users/subhayudas/Desktop/Border-Surveillance-System/models/yolov8n.pt
2025-04-05 16:47:48,095 - BorderSurveillance - INFO - Using device: cpu
2025-04-05 16:47:48,105 - BorderSurveillance - INFO - Using device: cpu
2025-04-05 16:47:48,142 - BorderSurveillance - INFO - Using device: cpu
2025-04-05 16:47:48,157 - BorderSurveillance - INFO - Using device: cpu
2025-04-05 16:47:48,225 - BorderSurveillance - INFO - Loading model from /Users/subhayudas/Desktop/Border-Surveillance-System/models/yolov8n.pt
2025-04-05 16:47:48,229 - BorderSurveillance - INFO - Using device: cpu
2025-04-05 16:47:48,391 - BorderSurveillance - INFO - Using device: cpu
2025-04-05 16:47:48,398 - BorderSurveillance - INFO - Using device: cpu
2025-04-05 16:47:48,439 - BorderSurveillance - INFO - Loading model from /Users/subhayudas/Desktop/Border-Surveillance-System/models/yolov8n.pt
2025-04-05 16:47:48,446 - BorderSurveillance - INFO - Using device: cpu
2025-04-05 16:47:48,562 - BorderSurveillance - INFO - Loading model from /Users/subhayudas/Desktop/Border-Surveillance-System/models/yolov8n.pt
2025-04-05 16:47:48,647 - BorderSurveillance - INFO - Loading model from /Users/subhayudas/Desktop/Border-Surveillance-System/models/yolov8n.pt
2025-04-05 16:47:48,692 - BorderSurveillance - INFO - Using device: cpu
2025-04-05 16:47:48,856 - BorderSurveillance - INFO - Using device: cpu
2025-04-05 16:47:48,911 - BorderSurveillance - INFO - Using device: cpu
2025-04-05 16:47:48,936 - BorderSurveillance - INFO - Using device: cpu
2025-04-05 16:47:49,007 - BorderSurveillance - INFO - Using device: cpu
2025-04-05 16:47:49,036 - BorderSurveillance - INFO - Using device: cpu
2025-04-05 16:47:49,221 - BorderSurveillance - INFO - Using device: cpu
2025-04-05 16:47:49,296 - BorderSurveillance - INFO - Using device: cpu
2025-04-05 16:47:49,371 - BorderSurveillance - INFO - Using device: cpu
2025-04-05 16:47:49,416 - BorderSurveillance - INFO - Using device: cpu
2025-04-05 16:47:49,453 - BorderSurveillance - INFO - Using device: cpu
2025-04-05 16:47:49,587 - BorderSurveillance - INFO - Using device: cpu
2025-04-05 16:47:49,610 - BorderSurveillance - INFO - Using device: cpu
2025-04-05 16:47:49,668 - BorderSurveillance - INFO - Using device: cpu
2025-04-05 16:47:49,752 - BorderSurveillance - INFO - Using device: cpu
2025-04-05 16:47:49,832 - BorderSurveillance - INFO - Using device: cpu
2025-04-05 16:47:49,952 - BorderSurveillance - INFO - Using device: cpu
2025-04-05 16:47:50,052 - BorderSurveillance - INFO - Using device: cpu
2025-04-05 16:47:50,171 - BorderSurveillance - INFO - Using device: cpu
2025-04-05 16:47:50,511 - BorderSurveillance - INFO - Using device: cpu
2025-04-05 16:47:50,576 - BorderSurveillance - INFO - Using device: cpu
2025-04-05 16:47:50,644 - BorderSurveillance - INFO - Using device: cpu
2025-04-05 16:47:50,910 - BorderSurveillance - INFO - Using device: cpu
2025-04-05 16:47:51,133 - BorderSurveillance - INFO - Using device: cpu
2025-04-05 16:47:51,155 - BorderSurveillance - INFO - Using device: cpu
2025-04-05 16:47:51,255 - BorderSurveillance - INFO - Using device: cpu
2025-04-05 16:47:51,300 - BorderSurveillance - INFO - Using device: cpu
2025-04-05 16:47:52,044 - BorderSurveillance - INFO - Using device: cpu
2025-04-05 16:47:52,096 - BorderSurveillance - INFO - Using device: cpu
2025-04-05 16:47:52,139 - BorderSurveillance - INFO - Using device: cpu
2025-04-05 16:47:52,172 - BorderSurveillance - INFO - Using device: cpu
2025-04-05 16:47:52,306 - BorderSurveillance - INFO - Using device: cpu
2025-04-05 16:47:52,321 - BorderSurveillance - INFO - Using device: cpu
2025-04-05 16:47:52,398 - BorderSurveillance - INFO - Using device: cpu
2025-04-05 16:47:52,442 - BorderSurveillance - INFO - Using device: cpu
2025-04-05 16:47:52,450 - BorderSurveillance - INFO - Using device: cpu
2025-04-05 16:47:52,482 - BorderSurveillance - INFO - Using device: cpu
2025-04-05 16:47:52,557 - BorderSurveillance - INFO - Using device: cpu
2025-04-05 16:47:52,609 - BorderSurveillance - INFO - Using device: cpu
2025-04-05 16:47:52,623 - BorderSurveillance - INFO - Using device: cpu
2025-04-05 16:47:52,635 - BorderSurveillance - INFO - Using device: cpu
2025-04-05 16:47:52,637 - BorderSurveillance - INFO - Using device: cpu
2025-04-05 16:47:52,672 - BorderSurveillance - INFO - Using device: cpu
2025-04-05 16:47:52,833 - BorderSurveillance - INFO - Using device: cpu
2025-04-05 16:47:52,995 - BorderSurveillance - INFO - Using device: cpu
2025-04-05 16:47:53,042 - BorderSurveillance - INFO - Using device: cpu
2025-04-05 16:51:12,283 - BorderSurveillance - ERROR - Failed to connect to MQTT broker: [Errno 61] Connection refused
2025-04-05 16:51:13,236 - BorderSurveillance - ERROR - Failed to connect to MQTT broker: [Errno 61] Connection refused
2025-04-06 13:28:59,529 - BorderSurveillance - ERROR - Failed to connect to MQTT broker: [Errno 61] Connection refused
2025-04-06 13:29:01,608 - BorderSurveillance - ERROR - Failed to connect to MQTT broker: [Errno 61] Connection refused
2026-08-31 19:39:27,838 - BorderSurveillance - ERROR - Failed to connect to MQTT broker: [WinError 10061] No connection could be made because the target machine actively refused it
2026-08-31 19:39:45,132 - BorderSurveillance - ERROR - Failed to connect to MQTT broker: [WinError 10061] No connection could be made because the target machine actively refused it
2026-08-31 20:09:35,247 - BorderSurveillance - INFO - Loading model from e:\SIH\Border-Surveillance-System-main\models\yolov8n.pt
2026-08-31 20:09:35,548 - BorderSurveillance - INFO - Using device: cpu
2026-08-31 20:09:35,556 - BorderSurveillance - INFO - Loading model from e:\SIH\Border-Surveillance-System-main\models\yolov8n.pt
2026-08-31 20:09:35,737 - BorderSurveillance - INFO - Item detector initialized for cell phones and bags detection
2026-08-31 20:09:35,738 - BorderSurveillance - INFO - Border crossing detector initialized with 2 border lines
2026-08-31 20:10:48,807 - BorderSurveillance - INFO - Loading model from e:\SIH\Border-Surveillance-System-main\models\yolov8n.pt
2026-08-31 20:10:48,853 - BorderSurveillance - INFO - Using device: cpu
2026-08-31 20:10:48,856 - BorderSurveillance - INFO - Loading model from e:\SIH\Border-Surveillance-System-main\models\yolov8n.pt
2026-08-31 20:10:48,889 - BorderSurveillance - INFO - Item detector initialized for cell phones and bags detection
2026-08-31 20:10:48,890 - BorderSurveillance - INFO - Border crossing detector initialized with 2 border lines
2026-08-31 20:11:03,534 - BorderSurveillance - INFO - Loading model from e:\SIH\Border-Surveillance-System-main\models\yolov8n.pt
2026-08-31 20:11:03,581 - BorderSurveillance - INFO - Using device: cpu
2026-08-31 20:11:03,585 - BorderSurveillance - INFO - Loading model from e:\SIH\Border-Surveillance-System-main\models\yolov8n.pt
2026-08-31 20:11:03,621 - BorderSurveillance - INFO - Item detector initialized for cell phones and bags detection
2026-08-31 20:11:03,621 - BorderSurveillance - INFO - Border crossing detector initialized with 2 border lines
2026-08-31 20:37:15,174 - BorderSurveillance - ERROR - Failed to connect to MQTT broker: [WinError 10061] No connection could be made because the target machine actively refused it
2026-08-31 20:37:21,674 - BorderSurveillance - INFO - Initializing Object Detector (YOLOv8)...
2026-08-31 20:37:21,674 - BorderSurveillance - INFO - Loading model from E:\SIH\Border-Surveillance-System-main\models\yolov8n.pt
2026-08-31 20:37:21,832 - BorderSurveillance - INFO - Using device: cpu
2026-08-31 20:37:21,836 - BorderSurveillance - INFO - Border crossing detector initialized with 2 border lines
2026-08-31 20:37:21,836 - BorderSurveillance - INFO - Loading model from E:\SIH\Border-Surveillance-System-main\models\yolov8n.pt
2026-08-31 20:37:21,884 - BorderSurveillance - INFO - Item detector initialized for cell phones and bags detection
2026-08-31 20:37:23,324 - BorderSurveillance - INFO - Video capture initialized with source: 0
2026-08-31 20:37:23,325 - BorderSurveillance - INFO - Surveillance processing thread started.
2026-08-31 20:37:23,325 - BorderSurveillance - INFO - Web Command Center backend initialized.
2026-08-31 20:38:19,387 - BorderSurveillance - INFO - Video capture initialized with source: 0
2026-09-01 12:20:33,872 - BorderSurveillance - ERROR - Failed to connect to MQTT broker: [WinError 10061] No connection could be made because the target machine actively refused it
2026-09-01 12:20:42,578 - BorderSurveillance - ERROR - Failed to connect to MQTT broker: [WinError 10061] No connection could be made because the target machine actively refused it
2026-09-01 14:09:00,128 - BorderSurveillance - ERROR - Failed to connect to MQTT broker: [WinError 10061] No connection could be made because the target machine actively refused it
2026-09-01 14:09:10,573 - BorderSurveillance - ERROR - Failed to connect to MQTT broker: [WinError 10061] No connection could be made because the target machine actively refused it
2026-09-01 14:09:54,102 - BorderSurveillance - INFO - Loading model from E:\SIH\Border-Surveillance-System\models\yolov8n.pt
2026-09-01 14:09:54,121 - BorderSurveillance - INFO - Loading model from E:\SIH\Border-Surveillance-System\models\yolov8n.pt
2026-09-01 14:09:54,140 - BorderSurveillance - INFO - Loading model from E:\SIH\Border-Surveillance-System\models\yolov8n.pt
2026-09-01 14:09:54,171 - BorderSurveillance - INFO - Loading model from E:\SIH\Border-Surveillance-System\models\yolov8n.pt
2026-09-01 14:09:54,189 - BorderSurveillance - INFO - Loading model from E:\SIH\Border-Surveillance-System\models\yolov8n.pt
2026-09-01 14:09:54,290 - BorderSurveillance - INFO - Loading model from E:\SIH\Border-Surveillance-System\models\yolov8n.pt
2026-09-01 14:09:54,313 - BorderSurveillance - INFO - Loading model from E:\SIH\Border-Surveillance-System\models\yolov8n.pt
2026-09-01 14:09:54,345 - BorderSurveillance - INFO - Loading model from E:\SIH\Border-Surveillance-System\models\yolov8n.pt
2026-09-01 14:09:54,379 - BorderSurveillance - INFO - Loading model from E:\SIH\Border-Surveillance-System\models\yolov8n.pt
2026-09-01 14:09:54,420 - BorderSurveillance - INFO - Loading model from E:\SIH\Border-Surveillance-System\models\yolov8n.pt
2026-09-01 14:09:54,454 - BorderSurveillance - INFO - Loading model from E:\SIH\Border-Surveillance-System\models\yolov8n.pt
2026-09-01 14:09:54,495 - BorderSurveillance - INFO - Loading model from E:\SIH\Border-Surveillance-System\models\yolov8n.pt
2026-09-01 14:09:54,556 - BorderSurveillance - INFO - Loading model from E:\SIH\Border-Surveillance-System\models\yolov8n.pt
2026-09-01 14:09:54,573 - BorderSurveillance - INFO - Loading model from E:\SIH\Border-Surveillance-System\models\yolov8n.pt
2026-09-01 14:09:54,621 - BorderSurveillance - INFO - Loading model from E:\SIH\Border-Surveillance-System\models\yolov8n.pt
2026-09-01 14:09:54,641 - BorderSurveillance - INFO - Loading model from E:\SIH\Border-Surveillance-System\models\yolov8n.pt
2026-09-01 14:09:54,686 - BorderSurveillance - INFO - Loading model from E:\SIH\Border-Surveillance-System\models\yolov8n.pt
2026-09-01 14:09:54,738 - BorderSurveillance - INFO - Loading model from E:\SIH\Border-Surveillance-System\models\yolov8n.pt
2026-09-01 14:09:54,771 - BorderSurveillance - INFO - Loading model from E:\SIH\Border-Surveillance-System\models\yolov8n.pt
2026-09-01 14:09:54,804 - BorderSurveillance - INFO - Loading model from E:\SIH\Border-Surveillance-System\models\yolov8n.pt
2026-09-01 14:09:54,844 - BorderSurveillance - INFO - Loading model from E:\SIH\Border-Surveillance-System\models\yolov8n.pt
2026-09-01 14:09:54,885 - BorderSurveillance - INFO - Loading model from E:\SIH\Border-Surveillance-System\models\yolov8n.pt
2026-09-01 14:09:54,920 - BorderSurveillance - INFO - Loading model from E:\SIH\Border-Surveillance-System\models\yolov8n.pt
2026-09-01 14:09:54,938 - BorderSurveillance - INFO - Loading model from E:\SIH\Border-Surveillance-System\models\yolov8n.pt
2026-09-01 14:09:55,001 - BorderSurveillance - INFO - Loading model from E:\SIH\Border-Surveillance-System\models\yolov8n.pt
2026-09-01 14:09:55,038 - BorderSurveillance - INFO - Loading model from E:\SIH\Border-Surveillance-System\models\yolov8n.pt
2026-09-01 14:09:55,071 - BorderSurveillance - INFO - Loading model from E:\SIH\Border-Surveillance-System\models\yolov8n.pt
2026-09-01 14:09:55,085 - BorderSurveillance - INFO - Loading model from E:\SIH\Border-Surveillance-System\models\yolov8n.pt
2026-09-01 14:09:55,132 - BorderSurveillance - INFO - Loading model from E:\SIH\Border-Surveillance-System\models\yolov8n.pt
2026-09-01 14:09:55,177 - BorderSurveillance - INFO - Loading model from E:\SIH\Border-Surveillance-System\models\yolov8n.pt
2026-09-01 14:09:55,212 - BorderSurveillance - INFO - Loading model from E:\SIH\Border-Surveillance-System\models\yolov8n.pt
2026-09-01 14:09:55,256 - BorderSurveillance - INFO - Loading model from E:\SIH\Border-Surveillance-System\models\yolov8n.pt
2026-09-01 14:09:55,288 - BorderSurveillance - INFO - Loading model from E:\SIH\Border-Surveillance-System\models\yolov8n.pt
2026-09-01 14:09:55,383 - BorderSurveillance - INFO - Loading model from E:\SIH\Border-Surveillance-System\models\yolov8n.pt
2026-09-01 14:09:55,437 - BorderSurveillance - INFO - Loading model from E:\SIH\Border-Surveillance-System\models\yolov8n.pt
2026-09-01 14:09:55,461 - BorderSurveillance - INFO - Loading model from E:\SIH\Border-Surveillance-System\models\yolov8n.pt
2026-09-01 14:09:55,485 - BorderSurveillance - INFO - Loading model from E:\SIH\Border-Surveillance-System\models\yolov8n.pt
2026-09-01 14:09:55,556 - BorderSurveillance - INFO - Loading model from E:\SIH\Border-Surveillance-System\models\yolov8n.pt
2026-09-01 14:09:55,612 - BorderSurveillance - INFO - Loading model from E:\SIH\Border-Surveillance-System\models\yolov8n.pt
2026-09-01 14:09:55,652 - BorderSurveillance - INFO - Loading model from E:\SIH\Border-Surveillance-System\models\yolov8n.pt
2026-09-01 14:09:55,689 - BorderSurveillance - INFO - Loading model from E:\SIH\Border-Surveillance-System\models\yolov8n.pt
2026-09-01 14:09:55,776 - BorderSurveillance - INFO - Loading model from E:\SIH\Border-Surveillance-System\models\yolov8n.pt
2026-09-01 14:09:55,817 - BorderSurveillance - INFO - Loading model from E:\SIH\Border-Surveillance-System\models\yolov8n.pt
2026-09-01 14:09:55,869 - BorderSurveillance - INFO - Loading model from E:\SIH\Border-Surveillance-System\models\yolov8n.pt
2026-09-01 14:09:55,945 - BorderSurveillance - INFO - Loading model from E:\SIH\Border-Surveillance-System\models\yolov8n.pt
2026-09-01 14:09:56,021 - BorderSurveillance - INFO - Loading model from E:\SIH\Border-Surveillance-System\models\yolov8n.pt
2026-09-01 14:09:56,060 - BorderSurveillance - INFO - Loading model from E:\SIH\Border-Surveillance-System\models\yolov8n.pt
2026-09-01 14:09:56,128 - BorderSurveillance - INFO - Loading model from E:\SIH\Border-Surveillance-System\models\yolov8n.pt
2026-09-01 14:09:56,187 - BorderSurveillance - INFO - Loading model from E:\SIH\Border-Surveillance-System\models\yolov8n.pt
2026-09-01 14:09:56,251 - BorderSurveillance - INFO - Loading model from E:\SIH\Border-Surveillance-System\models\yolov8n.pt
2026-09-01 14:09:56,337 - BorderSurveillance - INFO - Loading model from E:\SIH\Border-Surveillance-System\models\yolov8n.pt
2026-09-01 14:09:56,450 - BorderSurveillance - INFO - Loading model from E:\SIH\Border-Surveillance-System\models\yolov8n.pt
2026-09-01 14:09:56,535 - BorderSurveillance - INFO - Loading model from E:\SIH\Border-Surveillance-System\models\yolov8n.pt
2026-09-01 14:09:56,652 - BorderSurveillance - INFO - Loading model from E:\SIH\Border-Surveillance-System\models\yolov8n.pt
2026-09-01 14:09:56,699 - BorderSurveillance - INFO - Loading model from E:\SIH\Border-Surveillance-System\models\yolov8n.pt
2026-09-01 14:09:56,769 - BorderSurveillance - INFO - Loading model from E:\SIH\Border-Surveillance-System\models\yolov8n.pt
2026-09-01 14:09:56,833 - BorderSurveillance - INFO - Loading model from E:\SIH\Border-Surveillance-System\models\yolov8n.pt
2026-09-01 14:09:57,001 - BorderSurveillance - INFO - Loading model from E:\SIH\Border-Surveillance-System\models\yolov8n.pt
2026-09-01 14:09:57,039 - BorderSurveillance - INFO - Loading model from E:\SIH\Border-Surveillance-System\models\yolov8n.pt
2026-09-01 14:09:57,102 - BorderSurveillance - INFO - Loading model from E:\SIH\Border-Surveillance-System\models\yolov8n.pt
2026-09-01 14:09:57,170 - BorderSurveillance - INFO - Loading model from E:\SIH\Border-Surveillance-System\models\yolov8n.pt
2026-09-01 14:09:57,237 - BorderSurveillance - INFO - Loading model from E:\SIH\Border-Surveillance-System\models\yolov8n.pt
2026-09-01 14:09:57,323 - BorderSurveillance - INFO - Loading model from E:\SIH\Border-Surveillance-System\models\yolov8n.pt
2026-09-01 14:09:57,393 - BorderSurveillance - INFO - Loading model from E:\SIH\Border-Surveillance-System\models\yolov8n.pt
2026-09-01 14:09:57,485 - BorderSurveillance - INFO - Loading model from E:\SIH\Border-Surveillance-System\models\yolov8n.pt
2026-09-01 14:09:57,554 - BorderSurveillance - INFO - Loading model from E:\SIH\Border-Surveillance-System\models\yolov8n.pt
2026-09-01 14:09:57,602 - BorderSurveillance - INFO - Loading model from E:\SIH\Border-Surveillance-System\models\yolov8n.pt
2026-09-01 14:09:57,652 - BorderSurveillance - INFO - Loading model from E:\SIH\Border-Surveillance-System\models\yolov8n.pt
2026-09-01 14:09:57,703 - BorderSurveillance - INFO - Loading model from E:\SIH\Border-Surveillance-System\models\yolov8n.pt
2026-09-01 14:09:57,785 - BorderSurveillance - INFO - Loading model from E:\SIH\Border-Surveillance-System\models\yolov8n.pt
2026-09-01 14:09:57,819 - BorderSurveillance - INFO - Loading model from E:\SIH\Border-Surveillance-System\models\yolov8n.pt
2026-09-01 14:09:57,904 - BorderSurveillance - INFO - Loading model from E:\SIH\Border-Surveillance-System\models\yolov8n.pt
2026-09-01 14:09:57,978 - BorderSurveillance - INFO - Loading model from E:\SIH\Border-Surveillance-System\models\yolov8n.pt
2026-09-01 14:09:58,011 - BorderSurveillance - INFO - Loading model from E:\SIH\Border-Surveillance-System\models\yolov8n.pt
2026-09-01 14:09:58,093 - BorderSurveillance - INFO - Loading model from E:\SIH\Border-Surveillance-System\models\yolov8n.pt
2026-09-01 14:09:58,212 - BorderSurveillance - INFO - Loading model from E:\SIH\Border-Surveillance-System\models\yolov8n.pt
2026-09-01 14:09:58,252 - BorderSurveillance - INFO - Loading model from E:\SIH\Border-Surveillance-System\models\yolov8n.pt
2026-09-01 14:09:58,385 - BorderSurveillance - INFO - Loading model from E:\SIH\Border-Surveillance-System\models\yolov8n.pt
2026-09-01 14:09:58,650 - BorderSurveillance - INFO - Loading model from E:\SIH\Border-Surveillance-System\models\yolov8n.pt
2026-09-01 14:09:58,779 - BorderSurveillance - INFO - Loading model from E:\SIH\Border-Surveillance-System\models\yolov8n.pt
2026-09-01 14:09:58,827 - BorderSurveillance - INFO - Loading model from E:\SIH\Border-Surveillance-System\models\yolov8n.pt
2026-09-01 14:09:58,869 - BorderSurveillance - INFO - Loading model from E:\SIH\Border-Surveillance-System\models\yolov8n.pt
2026-09-01 14:09:58,920 - BorderSurveillance - INFO - Loading model from E:\SIH\Border-Surveillance-System\models\yolov8n.pt
2026-09-01 14:09:58,961 - BorderSurveillance - INFO - Loading model from E:\SIH\Border-Surveillance-System\models\yolov8n.pt
2026-09-01 14:09:58,986 - BorderSurveillance - INFO - Loading model from E:\SIH\Border-Surveillance-System\models\yolov8n.pt
2026-09-01 14:09:59,053 - BorderSurveillance - INFO - Loading model from E:\SIH\Border-Surveillance-System\models\yolov8n.pt
2026-09-01 14:09:59,120 - BorderSurveillance - INFO - Loading model from E:\SIH\Border-Surveillance-System\models\yolov8n.pt
2026-09-01 14:09:59,154 - BorderSurveillance - INFO - Loading model from E:\SIH\Border-Surveillance-System\models\yolov8n.pt
2026-09-01 14:09:59,201 - BorderSurveillance - INFO - Loading model from E:\SIH\Border-Surveillance-System\models\yolov8n.pt
2026-09-01 14:09:59,238 - BorderSurveillance - INFO - Loading model from E:\SIH\Border-Surveillance-System\models\yolov8n.pt
2026-09-01 14:09:59,291 - BorderSurveillance - INFO - Loading model from E:\SIH\Border-Surveillance-System\models\yolov8n.pt
2026-09-01 14:09:59,344 - BorderSurveillance - INFO - Loading model from E:\SIH\Border-Surveillance-System\models\yolov8n.pt
2026-09-01 14:09:59,403 - BorderSurveillance - INFO - Loading model from E:\SIH\Border-Surveillance-System\models\yolov8n.pt
2026-09-01 14:09:59,455 - BorderSurveillance - INFO - Loading model from E:\SIH\Border-Surveillance-System\models\yolov8n.pt
2026-09-01 14:09:59,528 - BorderSurveillance - INFO - Loading model from E:\SIH\Border-Surveillance-System\models\yolov8n.pt
2026-09-01 14:09:59,570 - BorderSurveillance - INFO - Loading model from E:\SIH\Border-Surveillance-System\models\yolov8n.pt
2026-09-01 14:09:59,787 - BorderSurveillance - INFO - Loading model from E:\SIH\Border-Surveillance-System\models\yolov8n.pt
2026-09-01 14:09:59,845 - BorderSurveillance - INFO - Loading model from E:\SIH\Border-Surveillance-System\models\yolov8n.pt
2026-09-01 14:09:59,915 - BorderSurveillance - INFO - Loading model from E:\SIH\Border-Surveillance-System\models\yolov8n.pt
2026-09-01 14:10:00,009 - BorderSurveillance - INFO - Loading model from E:\SIH\Border-Surveillance-System\models\yolov8n.pt
2026-09-01 14:10:00,108 - BorderSurveillance - INFO - Loading model from E:\SIH\Border-Surveillance-System\models\yolov8n.pt
2026-09-01 14:10:00,203 - BorderSurveillance - INFO - Loading model from E:\SIH\Border-Surveillance-System\models\yolov8n.pt
2026-09-01 14:10:00,282 - BorderSurveillance - INFO - Loading model from E:\SIH\Border-Surveillance-System\models\yolov8n.pt
2026-09-01 14:10:00,367 - BorderSurveillance - INFO - Loading model from E:\SIH\Border-Surveillance-System\models\yolov8n.pt
2026-09-01 14:10:00,418 - BorderSurveillance - INFO - Loading model from E:\SIH\Border-Surveillance-System\models\yolov8n.pt
2026-09-01 14:10:00,505 - BorderSurveillance - INFO - Loading model from E:\SIH\Border-Surveillance-System\models\yolov8n.pt
2026-09-01 14:10:00,595 - BorderSurveillance - INFO - Loading model from E:\SIH\Border-Surveillance-System\models\yolov8n.pt
2026-09-01 14:10:00,684 - BorderSurveillance - INFO - Loading model from E:\SIH\Border-Surveillance-System\models\yolov8n.pt
2026-09-01 14:10:00,811 - BorderSurveillance - INFO - Loading model from E:\SIH\Border-Surveillance-System\models\yolov8n.pt
2026-09-01 14:10:00,956 - BorderSurveillance - INFO - Loading model from E:\SIH\Border-Surveillance-System\models\yolov8n.pt
2026-09-01 14:10:01,039 - BorderSurveillance - INFO - Loading model from E:\SIH\Border-Surveillance-System\models\yolov8n.pt
2026-09-01 14:10:01,164 - BorderSurveillance - INFO - Loading model from E:\SIH\Border-Surveillance-System\models\yolov8n.pt
2026-09-01 14:10:01,262 - BorderSurveillance - INFO - Loading model from E:\SIH\Border-Surveillance-System\models\yolov8n.pt
2026-09-01 14:10:01,339 - BorderSurveillance - INFO - Loading model from E:\SIH\Border-Surveillance-System\models\yolov8n.pt
2026-09-01 14:10:01,420 - BorderSurveillance - INFO - Loading model from E:\SIH\Border-Surveillance-System\models\yolov8n.pt
2026-09-01 14:10:01,497 - BorderSurveillance - INFO - Loading model from E:\SIH\Border-Surveillance-System\models\yolov8n.pt
2026-09-01 14:10:01,616 - BorderSurveillance - INFO - Loading model from E:\SIH\Border-Surveillance-System\models\yolov8n.pt
2026-09-01 14:10:01,740 - BorderSurveillance - INFO - Loading model from E:\SIH\Border-Surveillance-System\models\yolov8n.pt
2026-09-01 14:10:01,817 - BorderSurveillance - INFO - Loading model from E:\SIH\Border-Surveillance-System\models\yolov8n.pt
2026-09-01 14:10:01,932 - BorderSurveillance - INFO - Loading model from E:\SIH\Border-Surveillance-System\models\yolov8n.pt
2026-09-01 14:10:01,980 - BorderSurveillance - INFO - Loading model from E:\SIH\Border-Surveillance-System\models\yolov8n.pt
2026-09-01 14:10:02,303 - BorderSurveillance - INFO - Loading model from E:\SIH\Border-Surveillance-System\models\yolov8n.pt
2026-09-01 14:10:02,387 - BorderSurveillance - INFO - Loading model from E:\SIH\Border-Surveillance-System\models\yolov8n.pt
2026-09-01 14:10:02,475 - BorderSurveillance - INFO - Loading model from E:\SIH\Border-Surveillance-System\models\yolov8n.pt
2026-09-01 14:10:02,541 - BorderSurveillance - INFO - Loading model from E:\SIH\Border-Surveillance-System\models\yolov8n.pt
2026-09-01 14:10:02,586 - BorderSurveillance - INFO - Loading model from E:\SIH\Border-Surveillance-System\models\yolov8n.pt
2026-09-01 14:10:02,650 - BorderSurveillance - INFO - Loading model from E:\SIH\Border-Surveillance-System\models\yolov8n.pt
2026-09-01 14:10:02,703 - BorderSurveillance - INFO - Loading model from E:\SIH\Border-Surveillance-System\models\yolov8n.pt
2026-09-01 14:10:02,762 - BorderSurveillance - INFO - Loading model from E:\SIH\Border-Surveillance-System\models\yolov8n.pt
2026-09-01 14:10:02,817 - BorderSurveillance - INFO - Loading model from E:\SIH\Border-Surveillance-System\models\yolov8n.pt
2026-09-01 14:10:02,859 - BorderSurveillance - INFO - Loading model from E:\SIH\Border-Surveillance-System\models\yolov8n.pt
2026-09-01 14:10:02,924 - BorderSurveillance - INFO - Loading model from E:\SIH\Border-Surveillance-System\models\yolov8n.pt
2026-09-01 14:10:02,970 - BorderSurveillance - INFO - Loading model from E:\SIH\Border-Surveillance-System\models\yolov8n.pt
2026-09-01 14:10:03,017 - BorderSurveillance - INFO - Loading model from E:\SIH\Border-Surveillance-System\models\yolov8n.pt
2026-09-01 14:10:03,098 - BorderSurveillance - INFO - Loading model from E:\SIH\Border-Surveillance-System\models\yolov8n.pt
2026-09-01 14:10:03,163 - BorderSurveillance - INFO - Loading model from E:\SIH\Border-Surveillance-System\models\yolov8n.pt
2026-09-01 14:10:03,253 - BorderSurveillance - INFO - Loading model from E:\SIH\Border-Surveillance-System\models\yolov8n.pt
2026-09-01 14:10:03,320 - BorderSurveillance - INFO - Loading model from E:\SIH\Border-Surveillance-System\models\yolov8n.pt
2026-09-01 14:10:03,372 - BorderSurveillance - INFO - Loading model from E:\SIH\Border-Surveillance-System\models\yolov8n.pt
2026-09-01 14:10:03,482 - BorderSurveillance - INFO - Loading model from E:\SIH\Border-Surveillance-System\models\yolov8n.pt
2026-09-01 14:10:03,579 - BorderSurveillance - INFO - Loading model from E:\SIH\Border-Surveillance-System\models\yolov8n.pt
2026-09-01 14:10:03,980 - BorderSurveillance - INFO - Loading model from E:\SIH\Border-Surveillance-System\models\yolov8n.pt
2026-09-01 14:10:04,266 - BorderSurveillance - INFO - Loading model from E:\SIH\Border-Surveillance-System\models\yolov8n.pt
2026-09-01 14:10:04,454 - BorderSurveillance - INFO - Loading model from E:\SIH\Border-Surveillance-System\models\yolov8n.pt
2026-09-01 14:10:04,651 - BorderSurveillance - INFO - Loading model from E:\SIH\Border-Surveillance-System\models\yolov8n.pt
2026-09-01 14:10:04,734 - BorderSurveillance - INFO - Using device: cpu
2026-09-01 14:10:04,759 - BorderSurveillance - INFO - Loading model from E:\SIH\Border-Surveillance-System\models\yolov8n.pt
2026-09-01 14:10:04,906 - BorderSurveillance - INFO - Loading model from E:\SIH\Border-Surveillance-System\models\yolov8n.pt
2026-09-01 14:10:05,050 - BorderSurveillance - INFO - Loading model from E:\SIH\Border-Surveillance-System\models\yolov8n.pt
2026-09-01 14:10:05,245 - BorderSurveillance - INFO - Loading model from E:\SIH\Border-Surveillance-System\models\yolov8n.pt
2026-09-01 14:10:05,356 - BorderSurveillance - INFO - Loading model from E:\SIH\Border-Surveillance-System\models\yolov8n.pt
2026-09-01 14:10:05,531 - BorderSurveillance - INFO - Loading model from E:\SIH\Border-Surveillance-System\models\yolov8n.pt
2026-09-01 14:10:05,679 - BorderSurveillance - INFO - Loading model from E:\SIH\Border-Surveillance-System\models\yolov8n.pt
2026-09-01 14:10:05,718 - BorderSurveillance - INFO - Loading model from E:\SIH\Border-Surveillance-System\models\yolov8n.pt
2026-09-01 14:10:05,785 - BorderSurveillance - INFO - Loading model from E:\SIH\Border-Surveillance-System\models\yolov8n.pt
2026-09-01 14:10:05,818 - BorderSurveillance - INFO - Loading model from E:\SIH\Border-Surveillance-System\models\yolov8n.pt
2026-09-01 14:10:05,869 - BorderSurveillance - INFO - Using device: cpu
2026-09-01 14:10:05,904 - BorderSurveillance - INFO - Loading model from E:\SIH\Border-Surveillance-System\models\yolov8n.pt
2026-09-01 14:10:06,035 - BorderSurveillance - INFO - Loading model from E:\SIH\Border-Surveillance-System\models\yolov8n.pt
2026-09-01 14:10:06,103 - BorderSurveillance - INFO - Using device: cpu
2026-09-01 14:10:06,236 - BorderSurveillance - INFO - Loading model from E:\SIH\Border-Surveillance-System\models\yolov8n.pt
2026-09-01 14:10:06,361 - BorderSurveillance - INFO - Loading model from E:\SIH\Border-Surveillance-System\models\yolov8n.pt
2026-09-01 14:10:06,525 - BorderSurveillance - INFO - Loading model from E:\SIH\Border-Surveillance-System\models\yolov8n.pt
2026-09-01 14:10:06,620 - BorderSurveillance - INFO - Loading model from E:\SIH\Border-Surveillance-System\models\yolov8n.pt
2026-09-01 14:10:06,701 - BorderSurveillance - INFO - Loading model from E:\SIH\Border-Surveillance-System\models\yolov8n.pt
2026-09-01 14:10:06,752 - BorderSurveillance - INFO - Loading model from E:\SIH\Border-Surveillance-System\models\yolov8n.pt
2026-09-01 14:10:06,752 - BorderSurveillance - INFO - Using device: cpu
2026-09-01 14:10:06,876 - BorderSurveillance - INFO - Loading model from E:\SIH\Border-Surveillance-System\models\yolov8n.pt
2026-09-01 14:10:07,052 - BorderSurveillance - INFO - Loading model from E:\SIH\Border-Surveillance-System\models\yolov8n.pt
2026-09-01 14:10:07,250 - BorderSurveillance - INFO - Loading model from E:\SIH\Border-Surveillance-System\models\yolov8n.pt
2026-09-01 14:10:07,451 - BorderSurveillance - INFO - Loading model from E:\SIH\Border-Surveillance-System\models\yolov8n.pt
2026-09-01 14:10:08,100 - BorderSurveillance - INFO - Loading model from E:\SIH\Border-Surveillance-System\models\yolov8n.pt
2026-09-01 14:10:08,195 - BorderSurveillance - INFO - Using device: cpu
2026-09-01 14:10:08,203 - BorderSurveillance - INFO - Using device: cpu
2026-09-01 14:10:08,234 - BorderSurveillance - INFO - Loading model from E:\SIH\Border-Surveillance-System\models\yolov8n.pt
2026-09-01 14:10:08,286 - BorderSurveillance - INFO - Loading model from E:\SIH\Border-Surveillance-System\models\yolov8n.pt
2026-09-01 14:10:08,367 - BorderSurveillance - INFO - Loading model from E:\SIH\Border-Surveillance-System\models\yolov8n.pt
2026-09-01 14:10:08,475 - BorderSurveillance - INFO - Loading model from E:\SIH\Border-Surveillance-System\models\yolov8n.pt
2026-09-01 14:10:08,555 - BorderSurveillance - INFO - Loading model from E:\SIH\Border-Surveillance-System\models\yolov8n.pt
2026-09-01 14:10:08,639 - BorderSurveillance - INFO - Loading model from E:\SIH\Border-Surveillance-System\models\yolov8n.pt
2026-09-01 14:10:08,705 - BorderSurveillance - INFO - Loading model from E:\SIH\Border-Surveillance-System\models\yolov8n.pt
2026-09-01 14:10:08,774 - BorderSurveillance - INFO - Loading model from E:\SIH\Border-Surveillance-System\models\yolov8n.pt
2026-09-01 14:10:08,815 - BorderSurveillance - INFO - Loading model from E:\SIH\Border-Surveillance-System\models\yolov8n.pt
2026-09-01 14:10:08,835 - BorderSurveillance - INFO - Using device: cpu
2026-09-01 14:10:08,891 - BorderSurveillance - INFO - Loading model from E:\SIH\Border-Surveillance-System\models\yolov8n.pt
2026-09-01 14:10:08,933 - BorderSurveillance - INFO - Using device: cpu
2026-09-01 14:10:08,961 - BorderSurveillance - INFO - Using device: cpu
2026-09-01 14:10:08,970 - BorderSurveillance - INFO - Loading model from E:\SIH\Border-Surveillance-System\models\yolov8n.pt
2026-09-01 14:10:09,037 - BorderSurveillance - INFO - Loading model from E:\SIH\Border-Surveillance-System\models\yolov8n.pt
2026-09-01 14:10:09,197 - BorderSurveillance - INFO - Loading model from E:\SIH\Border-Surveillance-System\models\yolov8n.pt
2026-09-01 14:10:09,285 - BorderSurveillance - INFO - Loading model from E:\SIH\Border-Surveillance-System\models\yolov8n.pt
2026-09-01 14:10:09,450 - BorderSurveillance - INFO - Loading model from E:\SIH\Border-Surveillance-System\models\yolov8n.pt
2026-09-01 14:10:09,584 - BorderSurveillance - INFO - Loading model from E:\SIH\Border-Surveillance-System\models\yolov8n.pt
2026-09-01 14:10:09,700 - BorderSurveillance - INFO - Loading model from E:\SIH\Border-Surveillance-System\models\yolov8n.pt
2026-09-01 14:10:09,884 - BorderSurveillance - INFO - Loading model from E:\SIH\Border-Surveillance-System\models\yolov8n.pt
2026-09-01 14:10:10,067 - BorderSurveillance - INFO - Loading model from E:\SIH\Border-Surveillance-System\models\yolov8n.pt
2026-09-01 14:10:10,235 - BorderSurveillance - INFO - Loading model from E:\SIH\Border-Surveillance-System\models\yolov8n.pt
2026-09-01 14:10:10,347 - BorderSurveillance - INFO - Loading model from E:\SIH\Border-Surveillance-System\models\yolov8n.pt
2026-09-01 14:10:10,438 - BorderSurveillance - INFO - Loading model from E:\SIH\Border-Surveillance-System\models\yolov8n.pt
2026-09-01 14:10:10,635 - BorderSurveillance - INFO - Loading model from E:\SIH\Border-Surveillance-System\models\yolov8n.pt
2026-09-01 14:10:10,843 - BorderSurveillance - INFO - Loading model from E:\SIH\Border-Surveillance-System\models\yolov8n.pt
2026-09-01 14:10:10,967 - BorderSurveillance - INFO - Loading model from E:\SIH\Border-Surveillance-System\models\yolov8n.pt
2026-09-01 14:10:11,318 - BorderSurveillance - INFO - Loading model from E:\SIH\Border-Surveillance-System\models\yolov8n.pt
2026-09-01 14:10:11,419 - BorderSurveillance - INFO - Using device: cpu
2026-09-01 14:10:11,433 - BorderSurveillance - INFO - Loading model from E:\SIH\Border-Surveillance-System\models\yolov8n.pt
2026-09-01 14:10:11,549 - BorderSurveillance - INFO - Loading model from E:\SIH\Border-Surveillance-System\models\yolov8n.pt
2026-09-01 14:10:11,691 - BorderSurveillance - INFO - Loading model from E:\SIH\Border-Surveillance-System\models\yolov8n.pt
2026-09-01 14:10:12,333 - BorderSurveillance - INFO - Using device: cpu
2026-09-01 14:10:12,350 - BorderSurveillance - INFO - Loading model from E:\SIH\Border-Surveillance-System\models\yolov8n.pt
2026-09-01 14:10:12,419 - BorderSurveillance - INFO - Loading model from E:\SIH\Border-Surveillance-System\models\yolov8n.pt
2026-09-01 14:10:12,612 - BorderSurveillance - INFO - Loading model from E:\SIH\Border-Surveillance-System\models\yolov8n.pt
2026-09-01 14:10:12,955 - BorderSurveillance - INFO - Loading model from E:\SIH\Border-Surveillance-System\models\yolov8n.pt
2026-09-01 14:10:13,440 - BorderSurveillance - INFO - Loading model from E:\SIH\Border-Surveillance-System\models\yolov8n.pt
2026-09-01 14:10:13,564 - BorderSurveillance - INFO - Loading model from E:\SIH\Border-Surveillance-System\models\yolov8n.pt
2026-09-01 14:10:13,756 - BorderSurveillance - INFO - Loading model from E:\SIH\Border-Surveillance-System\models\yolov8n.pt
2026-09-01 14:10:13,788 - BorderSurveillance - INFO - Using device: cpu
2026-09-01 14:10:13,979 - BorderSurveillance - INFO - Loading model from E:\SIH\Border-Surveillance-System\models\yolov8n.pt
2026-09-01 14:10:14,132 - BorderSurveillance - INFO - Using device: cpu
2026-09-01 14:10:14,270 - BorderSurveillance - INFO - Loading model from E:\SIH\Border-Surveillance-System\models\yolov8n.pt
2026-09-01 14:10:14,494 - BorderSurveillance - INFO - Loading model from E:\SIH\Border-Surveillance-System\models\yolov8n.pt
2026-09-01 14:10:14,891 - BorderSurveillance - INFO - Loading model from E:\SIH\Border-Surveillance-System\models\yolov8n.pt
2026-09-01 14:10:14,958 - BorderSurveillance - INFO - Loading model from E:\SIH\Border-Surveillance-System\models\yolov8n.pt
2026-09-01 14:10:14,983 - BorderSurveillance - INFO - Using device: cpu
2026-09-01 14:10:15,016 - BorderSurveillance - INFO - Using device: cpu
2026-09-01 14:10:15,058 - BorderSurveillance - INFO - Loading model from E:\SIH\Border-Surveillance-System\models\yolov8n.pt
2026-09-01 14:10:15,098 - BorderSurveillance - INFO - Using device: cpu
2026-09-01 14:10:15,100 - BorderSurveillance - INFO - Using device: cpu
2026-09-01 14:10:15,135 - BorderSurveillance - INFO - Loading model from E:\SIH\Border-Surveillance-System\models\yolov8n.pt
2026-09-01 14:10:15,298 - BorderSurveillance - INFO - Loading model from E:\SIH\Border-Surveillance-System\models\yolov8n.pt
2026-09-01 14:10:15,371 - BorderSurveillance - INFO - Loading model from E:\SIH\Border-Surveillance-System\models\yolov8n.pt
2026-09-01 14:10:15,452 - BorderSurveillance - INFO - Loading model from E:\SIH\Border-Surveillance-System\models\yolov8n.pt
2026-09-01 14:10:15,466 - BorderSurveillance - INFO - Using device: cpu
2026-09-01 14:10:15,534 - BorderSurveillance - INFO - Loading model from E:\SIH\Border-Surveillance-System\models\yolov8n.pt
2026-09-01 14:10:15,618 - BorderSurveillance - INFO - Loading model from E:\SIH\Border-Surveillance-System\models\yolov8n.pt
2026-09-01 14:10:15,632 - BorderSurveillance - INFO - Using device: cpu
2026-09-01 14:10:15,697 - BorderSurveillance - INFO - Loading model from E:\SIH\Border-Surveillance-System\models\yolov8n.pt
2026-09-01 14:10:15,811 - BorderSurveillance - INFO - Loading model from E:\SIH\Border-Surveillance-System\models\yolov8n.pt
2026-09-01 14:10:15,904 - BorderSurveillance - INFO - Loading model from E:\SIH\Border-Surveillance-System\models\yolov8n.pt
2026-09-01 14:10:15,985 - BorderSurveillance - INFO - Using device: cpu
2026-09-01 14:10:16,176 - BorderSurveillance - INFO - Loading model from E:\SIH\Border-Surveillance-System\models\yolov8n.pt
2026-09-01 14:10:16,331 - BorderSurveillance - INFO - Loading model from E:\SIH\Border-Surveillance-System\models\yolov8n.pt
2026-09-01 14:10:16,660 - BorderSurveillance - INFO - Using device: cpu
2026-09-01 14:10:16,730 - BorderSurveillance - INFO - Using device: cpu
2026-09-01 14:10:16,745 - BorderSurveillance - INFO - Using device: cpu
2026-09-01 14:10:17,549 - BorderSurveillance - INFO - Loading model from E:\SIH\Border-Surveillance-System\models\yolov8n.pt
2026-09-01 14:10:17,612 - BorderSurveillance - INFO - Loading model from E:\SIH\Border-Surveillance-System\models\yolov8n.pt
2026-09-01 14:10:17,670 - BorderSurveillance - INFO - Loading model from E:\SIH\Border-Surveillance-System\models\yolov8n.pt
2026-09-01 14:10:17,819 - BorderSurveillance - INFO - Loading model from E:\SIH\Border-Surveillance-System\models\yolov8n.pt
2026-09-01 14:10:17,931 - BorderSurveillance - INFO - Using device: cpu
2026-09-01 14:10:17,947 - BorderSurveillance - INFO - Using device: cpu
2026-09-01 14:10:17,983 - BorderSurveillance - INFO - Using device: cpu
2026-09-01 14:10:17,999 - BorderSurveillance - INFO - Loading model from E:\SIH\Border-Surveillance-System\models\yolov8n.pt
2026-09-01 14:10:18,188 - BorderSurveillance - INFO - Loading model from E:\SIH\Border-Surveillance-System\models\yolov8n.pt
2026-09-01 14:10:18,302 - BorderSurveillance - INFO - Loading model from E:\SIH\Border-Surveillance-System\models\yolov8n.pt
2026-09-01 14:10:18,443 - BorderSurveillance - INFO - Using device: cpu
2026-09-01 14:10:18,453 - BorderSurveillance - INFO - Using device: cpu
2026-09-01 14:10:18,508 - BorderSurveillance - INFO - Using device: cpu
2026-09-01 14:10:18,653 - BorderSurveillance - INFO - Loading model from E:\SIH\Border-Surveillance-System\models\yolov8n.pt
2026-09-01 14:10:18,844 - BorderSurveillance - INFO - Using device: cpu
2026-09-01 14:10:18,908 - BorderSurveillance - INFO - Loading model from E:\SIH\Border-Surveillance-System\models\yolov8n.pt
2026-09-01 14:10:18,949 - BorderSurveillance - INFO - Using device: cpu
2026-09-01 14:10:19,060 - BorderSurveillance - INFO - Using device: cpu
2026-09-01 14:10:19,152 - BorderSurveillance - INFO - Using device: cpu
2026-09-01 14:10:19,165 - BorderSurveillance - INFO - Loading model from E:\SIH\Border-Surveillance-System\models\yolov8n.pt
2026-09-01 14:10:19,244 - BorderSurveillance - INFO - Using device: cpu
2026-09-01 14:10:19,308 - BorderSurveillance - INFO - Using device: cpu
2026-09-01 14:10:19,324 - BorderSurveillance - INFO - Loading model from E:\SIH\Border-Surveillance-System\models\yolov8n.pt
2026-09-01 14:10:19,423 - BorderSurveillance - INFO - Using device: cpu
2026-09-01 14:10:19,468 - BorderSurveillance - INFO - Using device: cpu
2026-09-01 14:10:19,739 - BorderSurveillance - INFO - Loading model from E:\SIH\Border-Surveillance-System\models\yolov8n.pt
2026-09-01 14:10:19,756 - BorderSurveillance - INFO - Using device: cpu
2026-09-01 14:10:20,046 - BorderSurveillance - INFO - Loading model from E:\SIH\Border-Surveillance-System\models\yolov8n.pt
2026-09-01 14:10:20,166 - BorderSurveillance - INFO - Loading model from E:\SIH\Border-Surveillance-System\models\yolov8n.pt
2026-09-01 14:10:20,366 - BorderSurveillance - INFO - Loading model from E:\SIH\Border-Surveillance-System\models\yolov8n.pt
2026-09-01 14:10:20,466 - BorderSurveillance - INFO - Using device: cpu
2026-09-01 14:10:20,499 - BorderSurveillance - INFO - Loading model from E:\SIH\Border-Surveillance-System\models\yolov8n.pt
2026-09-01 14:10:20,587 - BorderSurveillance - INFO - Using device: cpu
2026-09-01 14:10:20,732 - BorderSurveillance - INFO - Loading model from E:\SIH\Border-Surveillance-System\models\yolov8n.pt
2026-09-01 14:10:20,905 - BorderSurveillance - INFO - Loading model from E:\SIH\Border-Surveillance-System\models\yolov8n.pt
2026-09-01 14:10:20,955 - BorderSurveillance - INFO - Using device: cpu
2026-09-01 14:10:20,998 - BorderSurveillance - INFO - Loading model from E:\SIH\Border-Surveillance-System\models\yolov8n.pt
2026-09-01 14:10:21,066 - BorderSurveillance - INFO - Loading model from E:\SIH\Border-Surveillance-System\models\yolov8n.pt
2026-09-01 14:10:21,116 - BorderSurveillance - INFO - Using device: cpu
2026-09-01 14:10:21,140 - BorderSurveillance - INFO - Loading model from E:\SIH\Border-Surveillance-System\models\yolov8n.pt
2026-09-01 14:10:21,199 - BorderSurveillance - INFO - Loading model from E:\SIH\Border-Surveillance-System\models\yolov8n.pt
2026-09-01 14:10:21,271 - BorderSurveillance - INFO - Using device: cpu
2026-09-01 14:10:21,281 - BorderSurveillance - INFO - Using device: cpu
2026-09-01 14:10:21,309 - BorderSurveillance - INFO - Loading model from E:\SIH\Border-Surveillance-System\models\yolov8n.pt
2026-09-01 14:10:21,365 - BorderSurveillance - INFO - Using device: cpu
2026-09-01 14:10:21,408 - BorderSurveillance - INFO - Loading model from E:\SIH\Border-Surveillance-System\models\yolov8n.pt
2026-09-01 14:10:21,451 - BorderSurveillance - INFO - Using device: cpu
2026-09-01 14:10:21,503 - BorderSurveillance - INFO - Loading model from E:\SIH\Border-Surveillance-System\models\yolov8n.pt
2026-09-01 14:10:21,621 - BorderSurveillance - INFO - Loading model from E:\SIH\Border-Surveillance-System\models\yolov8n.pt
2026-09-01 14:10:21,698 - BorderSurveillance - INFO - Loading model from E:\SIH\Border-Surveillance-System\models\yolov8n.pt
2026-09-01 14:10:21,722 - BorderSurveillance - INFO - Using device: cpu
2026-09-01 14:10:21,778 - BorderSurveillance - INFO - Loading model from E:\SIH\Border-Surveillance-System\models\yolov8n.pt
2026-09-01 14:10:21,866 - BorderSurveillance - INFO - Using device: cpu
2026-09-01 14:10:21,893 - BorderSurveillance - INFO - Loading model from E:\SIH\Border-Surveillance-System\models\yolov8n.pt
2026-09-01 14:10:21,953 - BorderSurveillance - INFO - Loading model from E:\SIH\Border-Surveillance-System\models\yolov8n.pt
2026-09-01 14:10:21,995 - BorderSurveillance - INFO - Using device: cpu
2026-09-01 14:10:22,000 - BorderSurveillance - INFO - Using device: cpu
2026-09-01 14:10:22,035 - BorderSurveillance - INFO - Using device: cpu
2026-09-01 14:10:22,036 - BorderSurveillance - INFO - Loading model from E:\SIH\Border-Surveillance-System\models\yolov8n.pt
2026-09-01 14:10:22,100 - BorderSurveillance - INFO - Using device: cpu
2026-09-01 14:10:22,123 - BorderSurveillance - INFO - Loading model from E:\SIH\Border-Surveillance-System\models\yolov8n.pt
2026-09-01 14:10:22,226 - BorderSurveillance - INFO - Loading model from E:\SIH\Border-Surveillance-System\models\yolov8n.pt
2026-09-01 14:10:22,236 - BorderSurveillance - INFO - Using device: cpu
2026-09-01 14:10:22,269 - BorderSurveillance - INFO - Using device: cpu
2026-09-01 14:10:22,285 - BorderSurveillance - INFO - Loading model from E:\SIH\Border-Surveillance-System\models\yolov8n.pt
2026-09-01 14:10:22,363 - BorderSurveillance - INFO - Loading model from E:\SIH\Border-Surveillance-System\models\yolov8n.pt
2026-09-01 14:10:23,101 - BorderSurveillance - INFO - Using device: cpu
2026-09-01 14:10:23,149 - BorderSurveillance - INFO - Loading model from E:\SIH\Border-Surveillance-System\models\yolov8n.pt
2026-09-01 14:10:23,260 - BorderSurveillance - INFO - Loading model from E:\SIH\Border-Surveillance-System\models\yolov8n.pt
2026-09-01 14:10:23,435 - BorderSurveillance - INFO - Loading model from E:\SIH\Border-Surveillance-System\models\yolov8n.pt
2026-09-01 14:10:23,562 - BorderSurveillance - INFO - Loading model from E:\SIH\Border-Surveillance-System\models\yolov8n.pt
2026-09-01 14:10:23,709 - BorderSurveillance - INFO - Using device: cpu
2026-09-01 14:10:23,788 - BorderSurveillance - INFO - Using device: cpu
2026-09-01 14:10:23,849 - BorderSurveillance - INFO - Loading model from E:\SIH\Border-Surveillance-System\models\yolov8n.pt
2026-09-01 14:10:24,172 - BorderSurveillance - INFO - Loading model from E:\SIH\Border-Surveillance-System\models\yolov8n.pt
2026-09-01 14:10:24,251 - BorderSurveillance - INFO - Loading model from E:\SIH\Border-Surveillance-System\models\yolov8n.pt
2026-09-01 14:10:24,267 - BorderSurveillance - INFO - Using device: cpu
2026-09-01 14:10:24,651 - BorderSurveillance - INFO - Using device: cpu
2026-09-01 14:10:24,667 - BorderSurveillance - INFO - Loading model from E:\SIH\Border-Surveillance-System\models\yolov8n.pt
2026-09-01 14:10:24,764 - BorderSurveillance - INFO - Loading model from E:\SIH\Border-Surveillance-System\models\yolov8n.pt
2026-09-01 14:10:25,024 - BorderSurveillance - INFO - Loading model from E:\SIH\Border-Surveillance-System\models\yolov8n.pt
2026-09-01 14:10:25,145 - BorderSurveillance - INFO - Loading model from E:\SIH\Border-Surveillance-System\models\yolov8n.pt
2026-09-01 14:10:25,404 - BorderSurveillance - INFO - Loading model from E:\SIH\Border-Surveillance-System\models\yolov8n.pt
2026-09-01 14:10:25,435 - BorderSurveillance - INFO - Using device: cpu
2026-09-01 14:10:25,547 - BorderSurveillance - INFO - Loading model from E:\SIH\Border-Surveillance-System\models\yolov8n.pt
2026-09-01 14:10:25,576 - BorderSurveillance - INFO - Using device: cpu
2026-09-01 14:10:25,651 - BorderSurveillance - INFO - Using device: cpu
2026-09-01 14:10:25,665 - BorderSurveillance - INFO - Using device: cpu
2026-09-01 14:10:25,970 - BorderSurveillance - INFO - Loading model from E:\SIH\Border-Surveillance-System\models\yolov8n.pt
2026-09-01 14:10:26,129 - BorderSurveillance - INFO - Loading model from E:\SIH\Border-Surveillance-System\models\yolov8n.pt
2026-09-01 14:10:26,140 - BorderSurveillance - INFO - Using device: cpu
2026-09-01 14:10:26,287 - BorderSurveillance - INFO - Using device: cpu
2026-09-01 14:10:26,411 - BorderSurveillance - INFO - Loading model from E:\SIH\Border-Surveillance-System\models\yolov8n.pt
2026-09-01 14:10:26,411 - BorderSurveillance - INFO - Using device: cpu
2026-09-01 14:10:26,466 - BorderSurveillance - INFO - Loading model from E:\SIH\Border-Surveillance-System\models\yolov8n.pt
2026-09-01 14:10:26,571 - BorderSurveillance - INFO - Loading model from E:\SIH\Border-Surveillance-System\models\yolov8n.pt
2026-09-01 14:10:26,604 - BorderSurveillance - INFO - Using device: cpu
2026-09-01 14:10:26,638 - BorderSurveillance - INFO - Using device: cpu
2026-09-01 14:10:26,716 - BorderSurveillance - INFO - Loading model from E:\SIH\Border-Surveillance-System\models\yolov8n.pt
2026-09-01 14:10:26,781 - BorderSurveillance - INFO - Using device: cpu
2026-09-01 14:10:26,781 - BorderSurveillance - INFO - Using device: cpu
2026-09-01 14:10:26,797 - BorderSurveillance - INFO - Loading model from E:\SIH\Border-Surveillance-System\models\yolov8n.pt
2026-09-01 14:10:26,797 - BorderSurveillance - INFO - Using device: cpu
2026-09-01 14:10:26,898 - BorderSurveillance - INFO - Loading model from E:\SIH\Border-Surveillance-System\models\yolov8n.pt
2026-09-01 14:10:26,974 - BorderSurveillance - INFO - Loading model from E:\SIH\Border-Surveillance-System\models\yolov8n.pt
2026-09-01 14:10:27,252 - BorderSurveillance - INFO - Using device: cpu
2026-09-01 14:10:27,262 - BorderSurveillance - INFO - Loading model from E:\SIH\Border-Surveillance-System\models\yolov8n.pt
2026-09-01 14:10:27,403 - BorderSurveillance - INFO - Loading model from E:\SIH\Border-Surveillance-System\models\yolov8n.pt
2026-09-01 14:10:27,417 - BorderSurveillance - INFO - Using device: cpu
2026-09-01 14:10:27,417 - BorderSurveillance - INFO - Using device: cpu
2026-09-01 14:10:27,451 - BorderSurveillance - INFO - Using device: cpu
2026-09-01 14:10:27,454 - BorderSurveillance - INFO - Using device: cpu
2026-09-01 14:10:27,612 - BorderSurveillance - INFO - Loading model from E:\SIH\Border-Surveillance-System\models\yolov8n.pt
2026-09-01 14:10:27,738 - BorderSurveillance - INFO - Loading model from E:\SIH\Border-Surveillance-System\models\yolov8n.pt
2026-09-01 14:10:27,881 - BorderSurveillance - INFO - Using device: cpu
2026-09-01 14:10:28,045 - BorderSurveillance - INFO - Loading model from E:\SIH\Border-Surveillance-System\models\yolov8n.pt
2026-09-01 14:10:28,181 - BorderSurveillance - INFO - Loading model from E:\SIH\Border-Surveillance-System\models\yolov8n.pt
2026-09-01 14:10:28,300 - BorderSurveillance - INFO - Using device: cpu
2026-09-01 14:10:28,365 - BorderSurveillance - INFO - Loading model from E:\SIH\Border-Surveillance-System\models\yolov8n.pt
2026-09-01 14:10:28,568 - BorderSurveillance - INFO - Using device: cpu
2026-09-01 14:10:28,581 - BorderSurveillance - INFO - Using device: cpu
2026-09-01 14:10:28,698 - BorderSurveillance - INFO - Loading model from E:\SIH\Border-Surveillance-System\models\yolov8n.pt
2026-09-01 14:10:28,908 - BorderSurveillance - INFO - Loading model from E:\SIH\Border-Surveillance-System\models\yolov8n.pt
2026-09-01 14:10:29,212 - BorderSurveillance - INFO - Loading model from E:\SIH\Border-Surveillance-System\models\yolov8n.pt
2026-09-01 14:10:29,281 - BorderSurveillance - INFO - Using device: cpu
2026-09-01 14:10:29,468 - BorderSurveillance - INFO - Loading model from E:\SIH\Border-Surveillance-System\models\yolov8n.pt
2026-09-01 14:10:29,691 - BorderSurveillance - INFO - Loading model from E:\SIH\Border-Surveillance-System\models\yolov8n.pt
2026-09-01 14:10:29,788 - BorderSurveillance - INFO - Using device: cpu
2026-09-01 14:10:29,866 - BorderSurveillance - INFO - Using device: cpu
2026-09-01 14:10:29,994 - BorderSurveillance - INFO - Loading model from E:\SIH\Border-Surveillance-System\models\yolov8n.pt
2026-09-01 14:10:30,031 - BorderSurveillance - INFO - Using device: cpu
2026-09-01 14:10:30,220 - BorderSurveillance - INFO - Using device: cpu
2026-09-01 14:10:30,293 - BorderSurveillance - INFO - Loading model from E:\SIH\Border-Surveillance-System\models\yolov8n.pt
2026-09-01 14:10:30,634 - BorderSurveillance - INFO - Loading model from E:\SIH\Border-Surveillance-System\models\yolov8n.pt
2026-09-01 14:10:30,634 - BorderSurveillance - INFO - Using device: cpu
2026-09-01 14:10:30,697 - BorderSurveillance - INFO - Using device: cpu
2026-09-01 14:10:30,923 - BorderSurveillance - INFO - Using device: cpu
2026-09-01 14:10:31,307 - BorderSurveillance - INFO - Loading model from E:\SIH\Border-Surveillance-System\models\yolov8n.pt
2026-09-01 14:10:31,376 - BorderSurveillance - INFO - Using device: cpu
2026-09-01 14:10:32,315 - BorderSurveillance - INFO - Loading model from E:\SIH\Border-Surveillance-System\models\yolov8n.pt
2026-09-01 14:10:32,315 - BorderSurveillance - INFO - Using device: cpu
2026-09-01 14:10:32,483 - BorderSurveillance - INFO - Loading model from E:\SIH\Border-Surveillance-System\models\yolov8n.pt
2026-09-01 14:10:32,499 - BorderSurveillance - INFO - Using device: cpu
2026-09-01 14:10:32,565 - BorderSurveillance - INFO - Loading model from E:\SIH\Border-Surveillance-System\models\yolov8n.pt
2026-09-01 14:10:32,899 - BorderSurveillance - INFO - Loading model from E:\SIH\Border-Surveillance-System\models\yolov8n.pt
2026-09-01 14:10:33,035 - BorderSurveillance - INFO - Loading model from E:\SIH\Border-Surveillance-System\models\yolov8n.pt
2026-09-01 14:10:33,150 - BorderSurveillance - INFO - Using device: cpu
2026-09-01 14:10:33,197 - BorderSurveillance - INFO - Loading model from E:\SIH\Border-Surveillance-System\models\yolov8n.pt
2026-09-01 14:10:33,330 - BorderSurveillance - INFO - Using device: cpu
2026-09-01 14:10:33,413 - BorderSurveillance - INFO - Loading model from E:\SIH\Border-Surveillance-System\models\yolov8n.pt
2026-09-01 14:10:33,500 - BorderSurveillance - INFO - Loading model from E:\SIH\Border-Surveillance-System\models\yolov8n.pt
2026-09-01 14:10:33,563 - BorderSurveillance - INFO - Using device: cpu
2026-09-01 14:10:33,740 - BorderSurveillance - INFO - Loading model from E:\SIH\Border-Surveillance-System\models\yolov8n.pt
2026-09-01 14:10:33,781 - BorderSurveillance - INFO - Using device: cpu
2026-09-01 14:10:34,113 - BorderSurveillance - INFO - Loading model from E:\SIH\Border-Surveillance-System\models\yolov8n.pt
2026-09-01 14:10:34,124 - BorderSurveillance - INFO - Using device: cpu
2026-09-01 14:10:34,124 - BorderSurveillance - INFO - Using device: cpu
2026-09-01 14:10:34,415 - BorderSurveillance - INFO - Loading model from E:\SIH\Border-Surveillance-System\models\yolov8n.pt
2026-09-01 14:10:34,486 - BorderSurveillance - INFO - Using device: cpu
2026-09-01 14:10:34,555 - BorderSurveillance - INFO - Loading model from E:\SIH\Border-Surveillance-System\models\yolov8n.pt
2026-09-01 14:10:34,597 - BorderSurveillance - INFO - Using device: cpu
2026-09-01 14:10:34,635 - BorderSurveillance - INFO - Using device: cpu
2026-09-01 14:10:34,653 - BorderSurveillance - INFO - Loading model from E:\SIH\Border-Surveillance-System\models\yolov8n.pt
2026-09-01 14:10:34,801 - BorderSurveillance - INFO - Loading model from E:\SIH\Border-Surveillance-System\models\yolov8n.pt
2026-09-01 14:10:34,848 - BorderSurveillance - INFO - Loading model from E:\SIH\Border-Surveillance-System\models\yolov8n.pt
2026-09-01 14:10:35,028 - BorderSurveillance - INFO - Loading model from E:\SIH\Border-Surveillance-System\models\yolov8n.pt
2026-09-01 14:10:35,184 - BorderSurveillance - INFO - Loading model from E:\SIH\Border-Surveillance-System\models\yolov8n.pt
2026-09-01 14:10:35,259 - BorderSurveillance - INFO - Loading model from E:\SIH\Border-Surveillance-System\models\yolov8n.pt
2026-09-01 14:10:35,494 - BorderSurveillance - INFO - Loading model from E:\SIH\Border-Surveillance-System\models\yolov8n.pt
2026-09-01 14:10:35,628 - BorderSurveillance - INFO - Loading model from E:\SIH\Border-Surveillance-System\models\yolov8n.pt
2026-09-01 14:10:35,683 - BorderSurveillance - INFO - Using device: cpu
2026-09-01 14:10:35,835 - BorderSurveillance - INFO - Loading model from E:\SIH\Border-Surveillance-System\models\yolov8n.pt
2026-09-01 14:10:35,981 - BorderSurveillance - INFO - Using device: cpu
2026-09-01 14:10:36,004 - BorderSurveillance - INFO - Loading model from E:\SIH\Border-Surveillance-System\models\yolov8n.pt
2026-09-01 14:10:36,020 - BorderSurveillance - INFO - Using device: cpu
2026-09-01 14:10:36,183 - BorderSurveillance - INFO - Loading model from E:\SIH\Border-Surveillance-System\models\yolov8n.pt
2026-09-01 14:10:36,223 - BorderSurveillance - INFO - Using device: cpu
2026-09-01 14:10:36,293 - BorderSurveillance - INFO - Loading model from E:\SIH\Border-Surveillance-System\models\yolov8n.pt
2026-09-01 14:10:36,390 - BorderSurveillance - INFO - Using device: cpu
2026-09-01 14:10:36,492 - BorderSurveillance - INFO - Using device: cpu
2026-09-01 14:10:36,559 - BorderSurveillance - INFO - Loading model from E:\SIH\Border-Surveillance-System\models\yolov8n.pt
2026-09-01 14:10:36,687 - BorderSurveillance - INFO - Loading model from E:\SIH\Border-Surveillance-System\models\yolov8n.pt
2026-09-01 14:10:36,863 - BorderSurveillance - INFO - Loading model from E:\SIH\Border-Surveillance-System\models\yolov8n.pt
2026-09-01 14:10:37,118 - BorderSurveillance - INFO - Using device: cpu
2026-09-01 14:10:37,212 - BorderSurveillance - INFO - Loading model from E:\SIH\Border-Surveillance-System\models\yolov8n.pt
2026-09-01 14:10:37,259 - BorderSurveillance - INFO - Using device: cpu
2026-09-01 14:10:37,409 - BorderSurveillance - INFO - Loading model from E:\SIH\Border-Surveillance-System\models\yolov8n.pt
2026-09-01 14:10:37,654 - BorderSurveillance - INFO - Loading model from E:\SIH\Border-Surveillance-System\models\yolov8n.pt
2026-09-01 14:10:37,692 - BorderSurveillance - INFO - Using device: cpu
2026-09-01 14:10:37,807 - BorderSurveillance - INFO - Using device: cpu
2026-09-01 14:10:37,978 - BorderSurveillance - INFO - Loading model from E:\SIH\Border-Surveillance-System\models\yolov8n.pt
2026-09-01 14:10:38,063 - BorderSurveillance - INFO - Loading model from E:\SIH\Border-Surveillance-System\models\yolov8n.pt
2026-09-01 14:10:38,106 - BorderSurveillance - INFO - Using device: cpu
2026-09-01 14:10:38,171 - BorderSurveillance - INFO - Using device: cpu
2026-09-01 14:10:38,181 - BorderSurveillance - INFO - Using device: cpu
2026-09-01 14:10:38,185 - BorderSurveillance - INFO - Loading model from E:\SIH\Border-Surveillance-System\models\yolov8n.pt
2026-09-01 14:10:38,202 - BorderSurveillance - INFO - Using device: cpu
2026-09-01 14:10:38,249 - BorderSurveillance - INFO - Using device: cpu
2026-09-01 14:10:38,317 - BorderSurveillance - INFO - Using device: cpu
2026-09-01 14:10:38,380 - BorderSurveillance - INFO - Loading model from E:\SIH\Border-Surveillance-System\models\yolov8n.pt
2026-09-01 14:10:38,475 - BorderSurveillance - INFO - Loading model from E:\SIH\Border-Surveillance-System\models\yolov8n.pt
2026-09-01 14:10:38,500 - BorderSurveillance - INFO - Using device: cpu
2026-09-01 14:10:38,549 - BorderSurveillance - INFO - Loading model from E:\SIH\Border-Surveillance-System\models\yolov8n.pt
2026-09-01 14:10:38,562 - BorderSurveillance - INFO - Using device: cpu
2026-09-01 14:10:38,568 - BorderSurveillance - INFO - Using device: cpu
2026-09-01 14:10:38,708 - BorderSurveillance - INFO - Loading model from E:\SIH\Border-Surveillance-System\models\yolov8n.pt
2026-09-01 14:10:38,822 - BorderSurveillance - INFO - Using device: cpu
2026-09-01 14:10:38,829 - BorderSurveillance - INFO - Loading model from E:\SIH\Border-Surveillance-System\models\yolov8n.pt
2026-09-01 14:10:38,846 - BorderSurveillance - INFO - Using device: cpu
2026-09-01 14:10:38,939 - BorderSurveillance - INFO - Using device: cpu
2026-09-01 14:10:38,971 - BorderSurveillance - INFO - Loading model from E:\SIH\Border-Surveillance-System\models\yolov8n.pt
2026-09-01 14:10:39,182 - BorderSurveillance - INFO - Loading model from E:\SIH\Border-Surveillance-System\models\yolov8n.pt
2026-09-01 14:10:39,246 - BorderSurveillance - INFO - Using device: cpu
2026-09-01 14:10:39,264 - BorderSurveillance - INFO - Using device: cpu
2026-09-01 14:10:39,280 - BorderSurveillance - INFO - Using device: cpu
2026-09-01 14:10:39,314 - BorderSurveillance - INFO - Loading model from E:\SIH\Border-Surveillance-System\models\yolov8n.pt
2026-09-01 14:10:40,587 - BorderSurveillance - INFO - Using device: cpu
2026-09-01 14:10:40,745 - BorderSurveillance - INFO - Using device: cpu
2026-09-01 14:10:40,875 - BorderSurveillance - INFO - Using device: cpu
2026-09-01 14:10:41,515 - BorderSurveillance - INFO - Using device: cpu
2026-09-01 14:10:41,648 - BorderSurveillance - INFO - Using device: cpu
2026-09-01 14:10:41,903 - BorderSurveillance - INFO - Using device: cpu
2026-09-01 14:10:42,716 - BorderSurveillance - INFO - Using device: cpu
2026-09-01 14:10:42,901 - BorderSurveillance - INFO - Using device: cpu
2026-09-01 14:10:42,904 - BorderSurveillance - INFO - Using device: cpu
2026-09-01 14:10:43,029 - BorderSurveillance - INFO - Using device: cpu
2026-09-01 14:10:43,044 - BorderSurveillance - INFO - Using device: cpu
2026-09-01 14:10:44,069 - BorderSurveillance - INFO - Using device: cpu
2026-09-01 14:10:44,117 - BorderSurveillance - INFO - Using device: cpu
2026-09-01 14:10:44,183 - BorderSurveillance - INFO - Using device: cpu
2026-09-01 14:10:44,252 - BorderSurveillance - INFO - Using device: cpu
2026-09-01 14:10:44,426 - BorderSurveillance - INFO - Using device: cpu
2026-09-01 14:10:44,474 - BorderSurveillance - INFO - Using device: cpu
2026-09-01 14:10:44,564 - BorderSurveillance - INFO - Using device: cpu
2026-09-01 14:10:44,712 - BorderSurveillance - INFO - Using device: cpu
2026-09-01 14:10:44,860 - BorderSurveillance - INFO - Using device: cpu
2026-09-01 14:10:45,223 - BorderSurveillance - INFO - Using device: cpu
2026-09-01 14:10:45,225 - BorderSurveillance - INFO - Using device: cpu
2026-09-01 14:11:25,433 - BorderSurveillance - ERROR - Failed to connect to MQTT broker: [WinError 10061] No connection could be made because the target machine actively refused it
2026-09-01 14:11:28,000 - BorderSurveillance - INFO - Initializing Object Detector (YOLOv8)...
2026-09-01 14:11:28,000 - BorderSurveillance - INFO - Loading model from E:\SIH\Border-Surveillance-System\models\yolov8n.pt
2026-09-01 14:11:28,349 - BorderSurveillance - INFO - Using device: cpu
2026-09-01 14:11:28,365 - BorderSurveillance - INFO - Border crossing detector initialized with 2 border lines
2026-09-01 14:11:28,365 - BorderSurveillance - INFO - Loading model from E:\SIH\Border-Surveillance-System\models\yolov8n.pt
2026-09-01 14:11:28,552 - BorderSurveillance - INFO - Item detector initialized for cell phones and bags detection
2026-09-01 14:11:31,358 - BorderSurveillance - INFO - Video capture initialized with source: 0
2026-09-01 14:11:31,362 - BorderSurveillance - INFO - Surveillance processing thread started.
2026-09-01 14:11:31,363 - BorderSurveillance - INFO - Web Command Center backend initialized.
2026-09-02 10:42:15,078 - BorderSurveillance - WARNING - Database modules not available: No module named 'sqlalchemy'
2026-09-02 10:42:20,104 - BorderSurveillance - WARNING - MQTT not available: [WinError 10061] No connection could be made because the target machine actively refused it
2026-09-02 10:44:53,865 - BorderSurveillance - ERROR - Failed to connect to MQTT broker: [WinError 10061] No connection could be made because the target machine actively refused it
2026-09-02 10:44:59,477 - BorderSurveillance - INFO - Initializing Object Detector (YOLOv8)...
2026-09-02 10:44:59,483 - BorderSurveillance - INFO - Loading model from E:\SIH\Border-Surveillance-System\models\yolov8n.pt
2026-09-02 10:44:59,684 - BorderSurveillance - INFO - Using device: cpu
2026-09-02 10:44:59,690 - BorderSurveillance - INFO - FrameConditionClassifier initialised.
2026-09-02 10:44:59,691 - BorderSurveillance - INFO - BYTETracker initialised.
2026-09-02 10:44:59,691 - BorderSurveillance - INFO - Border crossing detector initialized with 2 border lines
2026-09-02 10:44:59,693 - BorderSurveillance - INFO - Loading model from E:\SIH\Border-Surveillance-System\models\yolov8n.pt
2026-09-02 10:44:59,743 - BorderSurveillance - INFO - Item detector initialized for cell phones and bags detection
2026-09-02 10:45:00,520 - BorderSurveillance - INFO - Video capture initialized with source: 0
2026-09-02 10:45:00,520 - BorderSurveillance - INFO - Surveillance processing thread started.
2026-09-02 10:45:00,520 - BorderSurveillance - INFO - Web Command Center backend initialized.
2026-09-02 12:00:29,739 - BorderSurveillance - INFO - Blockchain evidence ledger initialised
2026-09-02 12:00:29,943 - BorderSurveillance - WARNING - Blockchain audit record failed: Instance <Alert at 0x2b66ba0e000> is not bound to a Session; attribute refresh operation cannot proceed (Background on this error at: https://sqlalche.me/e/20/bhk3)
2026-09-02 12:07:46,161 - BorderSurveillance - INFO - Blockchain evidence ledger initialised
2026-09-02 12:07:46,406 - BorderSurveillance - ERROR - Assistant query error: 'Alert' object has no attribute 'get_contributing_factors'
2026-09-02 12:22:36,943 - BorderSurveillance - INFO - Blockchain evidence ledger initialised
2026-09-02 14:55:18,853 - BorderSurveillance - WARNING - Detection modules not available: No module named 'ultralytics'
2026-09-02 14:55:19,482 - BorderSurveillance - INFO - Blockchain evidence ledger initialised
2026-09-02 15:05:45,061 - BorderSurveillance - WARNING - Detection modules not available: No module named 'paho'
2026-09-02 15:05:45,534 - BorderSurveillance - INFO - Blockchain evidence ledger initialised
2026-09-02 15:08:50,920 - BorderSurveillance - ERROR - Failed to connect to MQTT broker: [WinError 10061] No connection could be made because the target machine actively refused it
2026-09-02 15:08:50,967 - BorderSurveillance - WARNING - Detection modules not available: No module named 'folium'
2026-09-02 15:08:51,569 - BorderSurveillance - INFO - Blockchain evidence ledger initialised
2026-09-02 15:11:15,923 - BorderSurveillance - ERROR - Failed to connect to MQTT broker: [WinError 10061] No connection could be made because the target machine actively refused it
2026-09-02 15:11:19,150 - BorderSurveillance - INFO - Blockchain evidence ledger initialised
2026-09-02 15:11:19,152 - BorderSurveillance - INFO - Initializing Object Detector (YOLOv8)...
2026-09-02 15:11:19,152 - BorderSurveillance - INFO - Loading model from E:\SIH\Border-Surveillance-System\models\yolov8n.pt
2026-09-02 15:11:21,195 - BorderSurveillance - INFO - Using device: cuda
2026-09-02 15:11:21,606 - BorderSurveillance - INFO - FrameConditionClassifier initialised.
2026-09-02 15:11:21,607 - BorderSurveillance - INFO - BYTETracker initialised.
2026-09-02 15:11:21,608 - BorderSurveillance - INFO - Border crossing detector initialized with 2 border lines
2026-09-02 15:11:21,609 - BorderSurveillance - INFO - Loading model from E:\SIH\Border-Surveillance-System\models\yolov8n.pt
2026-09-02 15:11:21,718 - BorderSurveillance - INFO - Item detector initialized for cell phones and bags detection
2026-09-02 15:12:08,554 - BorderSurveillance - ERROR - Failed to connect to MQTT broker: [WinError 10061] No connection could be made because the target machine actively refused it
2026-09-02 15:12:34,853 - BorderSurveillance - INFO - Blockchain evidence ledger initialised
2026-09-02 15:12:34,859 - BorderSurveillance - INFO - Initializing Object Detector (YOLOv8)...
2026-09-02 15:12:34,859 - BorderSurveillance - INFO - Loading model from E:\SIH\Border-Surveillance-System\models\yolov8n.pt
2026-09-02 15:12:35,703 - BorderSurveillance - INFO - Using device: cuda
2026-09-02 15:12:35,894 - BorderSurveillance - INFO - FrameConditionClassifier initialised.
2026-09-02 15:12:35,894 - BorderSurveillance - INFO - BYTETracker initialised.
2026-09-02 15:12:35,897 - BorderSurveillance - INFO - Border crossing detector initialized with 2 border lines
2026-09-02 15:12:35,898 - BorderSurveillance - INFO - Loading model from E:\SIH\Border-Surveillance-System\models\yolov8n.pt
2026-09-02 15:12:36,091 - BorderSurveillance - INFO - Item detector initialized for cell phones and bags detection
2026-09-02 15:13:58,133 - BorderSurveillance - ERROR - Failed to connect to MQTT broker: [WinError 10061] No connection could be made because the target machine actively refused it
2026-09-02 15:14:13,814 - BorderSurveillance - INFO - Blockchain evidence ledger initialised
2026-09-02 15:14:13,817 - BorderSurveillance - INFO - Initializing Object Detector (YOLOv8)...
2026-09-02 15:14:13,817 - BorderSurveillance - INFO - Loading model from E:\SIH\Border-Surveillance-System\models\yolov8n.pt
2026-09-02 15:14:15,616 - BorderSurveillance - INFO - Using device: cuda
2026-09-02 15:14:15,771 - BorderSurveillance - INFO - FrameConditionClassifier initialised.
2026-09-02 15:14:15,771 - BorderSurveillance - INFO - BYTETracker initialised.
2026-09-02 15:14:15,772 - BorderSurveillance - INFO - Border crossing detector initialized with 2 border lines
2026-09-02 15:14:15,772 - BorderSurveillance - INFO - Loading model from E:\SIH\Border-Surveillance-System\models\yolov8n.pt
2026-09-02 15:14:15,834 - BorderSurveillance - INFO - Item detector initialized for cell phones and bags detection
2026-09-02 15:14:16,623 - BorderSurveillance - INFO - Database initialised.
2026-09-02 15:14:17,496 - BorderSurveillance - INFO - Video capture initialized with source: 0
2026-09-02 15:14:17,506 - BorderSurveillance - INFO - Surveillance processing thread started.
2026-09-02 15:14:21,603 - BorderSurveillance - WARNING - MQTT not available: [WinError 10061] No connection could be made because the target machine actively refused it
2026-09-02 15:14:35,049 - BorderSurveillance - INFO - Video capture initialized with source: E:\SIH\Border-Surveillance-System\gettyimages-1215957003-640_adpp.mp4
2026-09-02 15:15:35,445 - BorderSurveillance - ERROR - Failed to connect to MQTT broker: [WinError 10061] No connection could be made because the target machine actively refused it
2026-09-02 15:15:50,558 - BorderSurveillance - INFO - Blockchain evidence ledger initialised
2026-09-02 15:15:50,560 - BorderSurveillance - INFO - Initializing Object Detector (YOLOv8)...
2026-09-02 15:15:50,560 - BorderSurveillance - INFO - Loading model from E:\SIH\Border-Surveillance-System\models\yolov8n.pt
2026-09-02 15:15:52,320 - BorderSurveillance - INFO - Using device: cuda
2026-09-02 15:15:52,448 - BorderSurveillance - INFO - FrameConditionClassifier initialised.
2026-09-02 15:15:52,450 - BorderSurveillance - INFO - BYTETracker initialised.
2026-09-02 15:15:52,450 - BorderSurveillance - INFO - Border crossing detector initialized with 2 border lines
2026-09-02 15:15:52,451 - BorderSurveillance - INFO - Loading model from E:\SIH\Border-Surveillance-System\models\yolov8n.pt
2026-09-02 15:15:52,498 - BorderSurveillance - INFO - Item detector initialized for cell phones and bags detection
2026-09-02 15:15:52,624 - BorderSurveillance - INFO - Database initialised.
2026-09-02 15:15:53,460 - BorderSurveillance - INFO - Video capture initialized with source: 0
2026-09-02 15:15:53,464 - BorderSurveillance - INFO - Surveillance processing thread started.
2026-09-02 15:15:57,556 - BorderSurveillance - WARNING - MQTT not available: [WinError 10061] No connection could be made because the target machine actively refused it
2026-09-02 15:16:08,300 - BorderSurveillance - INFO - Video capture initialized with source: E:\SIH\Border-Surveillance-System\gettyimages-1215957003-640_adpp.mp4
2026-09-02 15:18:48,266 - BorderSurveillance - ERROR - Failed to connect to MQTT broker: [WinError 10061] No connection could be made because the target machine actively refused it
2026-09-02 15:19:03,316 - BorderSurveillance - INFO - Blockchain evidence ledger initialised
2026-09-02 15:19:03,319 - BorderSurveillance - INFO - Initializing Object Detector (YOLOv8)...
2026-09-02 15:19:03,319 - BorderSurveillance - INFO - Loading model from E:\SIH\Border-Surveillance-System\models\yolov8n.pt
2026-09-02 15:19:05,080 - BorderSurveillance - INFO - Using device: cuda
2026-09-02 15:19:05,205 - BorderSurveillance - INFO - FrameConditionClassifier initialised.
2026-09-02 15:19:05,205 - BorderSurveillance - INFO - BYTETracker initialised.
2026-09-02 15:19:05,205 - BorderSurveillance - INFO - Border crossing detector initialized with 2 border lines
2026-09-02 15:19:05,209 - BorderSurveillance - INFO - Loading model from E:\SIH\Border-Surveillance-System\models\yolov8n.pt
2026-09-02 15:19:05,262 - BorderSurveillance - INFO - Item detector initialized for cell phones and bags detection
2026-09-02 15:19:05,391 - BorderSurveillance - INFO - Database initialised.
2026-09-02 15:19:06,235 - BorderSurveillance - INFO - Video capture initialized with source: 0
2026-09-02 15:19:06,241 - BorderSurveillance - INFO - Surveillance processing thread started.
2026-09-02 15:19:10,333 - BorderSurveillance - WARNING - MQTT not available: [WinError 10061] No connection could be made because the target machine actively refused it
2026-09-02 15:19:11,335 - BorderSurveillance - INFO - Video capture initialized with source: E:\SIH\Border-Surveillance-System\gettyimages-1215957003-640_adpp.mp4
2026-09-02 15:44:00,654 - BorderSurveillance - ERROR - Failed to connect to MQTT broker: [WinError 10061] No connection could be made because the target machine actively refused it
2026-09-02 15:44:27,280 - BorderSurveillance - INFO - Blockchain evidence ledger initialised
2026-09-02 15:44:27,282 - BorderSurveillance - INFO - Initializing Object Detector (YOLOv8)...
2026-09-02 15:44:27,282 - BorderSurveillance - INFO - Loading model from E:\SIH\Border-Surveillance-System\models\yolov8n.pt
2026-09-02 15:44:29,005 - BorderSurveillance - INFO - Using device: cuda
2026-09-02 15:44:29,111 - BorderSurveillance - INFO - FrameConditionClassifier initialised.
2026-09-02 15:44:29,112 - BorderSurveillance - INFO - BYTETracker initialised.
2026-09-02 15:44:29,112 - BorderSurveillance - INFO - Border crossing detector initialized with 2 border lines
2026-09-02 15:44:29,112 - BorderSurveillance - INFO - Loading model from E:\SIH\Border-Surveillance-System\models\yolov8n.pt
2026-09-02 15:44:29,152 - BorderSurveillance - INFO - Item detector initialized for cell phones and bags detection
2026-09-02 15:44:29,298 - BorderSurveillance - INFO - Database initialised.
2026-09-02 15:44:30,319 - BorderSurveillance - INFO - Video capture initialized with source: 0
2026-09-02 15:44:30,321 - BorderSurveillance - INFO - Surveillance processing thread started.
2026-09-02 15:44:34,382 - BorderSurveillance - WARNING - MQTT not available: [WinError 10061] No connection could be made because the target machine actively refused it
2026-09-02 15:44:49,611 - BorderSurveillance - INFO - Video capture initialized with source: E:\SIH\Border-Surveillance-System\gettyimages-1215957003-640_adpp.mp4
2026-09-02 15:50:38,658 - BorderSurveillance - WARNING - Database modules not available: No module named 'sqlalchemy'
2026-09-02 15:50:46,285 - BorderSurveillance - ERROR - Failed to connect to MQTT broker: [WinError 10061] No connection could be made because the target machine actively refused it
2026-09-02 15:50:46,787 - BorderSurveillance - INFO - Blockchain evidence ledger initialised
2026-09-02 15:50:46,787 - BorderSurveillance - INFO - Initializing Object Detector (YOLOv8)...
2026-09-02 15:50:46,787 - BorderSurveillance - INFO - Loading model from E:\SIH\Border-Surveillance-System\models\yolov8n.pt
2026-09-02 15:50:46,950 - BorderSurveillance - INFO - Using device: cpu
2026-09-02 15:50:46,954 - BorderSurveillance - INFO - FrameConditionClassifier initialised.
2026-09-02 15:50:46,956 - BorderSurveillance - INFO - BYTETracker initialised.
2026-09-02 15:50:46,958 - BorderSurveillance - INFO - Border crossing detector initialized with 2 border lines
2026-09-02 15:50:46,960 - BorderSurveillance - INFO - Loading model from E:\SIH\Border-Surveillance-System\models\yolov8n.pt
2026-09-02 15:50:47,033 - BorderSurveillance - INFO - Item detector initialized for cell phones and bags detection
2026-09-02 15:50:48,378 - BorderSurveillance - INFO - Video capture initialized with source: 0
2026-09-02 15:50:48,387 - BorderSurveillance - INFO - Surveillance processing thread started.
2026-09-02 15:50:52,441 - BorderSurveillance - WARNING - MQTT not available: [WinError 10061] No connection could be made because the target machine actively refused it
2026-09-02 20:13:40,219 - BorderSurveillance - ERROR - Failed to connect to MQTT broker: [WinError 10061] No connection could be made because the target machine actively refused it
2026-09-02 20:14:11,800 - BorderSurveillance - INFO - Blockchain evidence ledger initialised
2026-09-02 20:14:11,823 - BorderSurveillance - INFO - Initializing Object Detector (YOLOv8)...
2026-09-02 20:14:11,825 - BorderSurveillance - INFO - Loading model from E:\SIH\Border-Surveillance-System\models\yolov8n.pt
2026-09-02 20:14:13,748 - BorderSurveillance - INFO - Using device: cuda
2026-09-02 20:14:13,972 - BorderSurveillance - INFO - FrameConditionClassifier initialised.
2026-09-02 20:14:13,972 - BorderSurveillance - INFO - BYTETracker initialised.
2026-09-02 20:14:13,972 - BorderSurveillance - INFO - Border crossing detector initialized with 2 border lines
2026-09-02 20:14:13,976 - BorderSurveillance - INFO - Loading model from E:\SIH\Border-Surveillance-System\models\yolov8n.pt
2026-09-02 20:14:14,073 - BorderSurveillance - INFO - Item detector initialized for cell phones and bags detection
2026-09-02 20:14:14,697 - BorderSurveillance - INFO - Database initialised.
2026-09-02 20:14:16,039 - BorderSurveillance - INFO - Video capture initialized with source: 0
2026-09-02 20:14:16,043 - BorderSurveillance - INFO - Surveillance processing thread started.
2026-09-02 20:14:20,126 - BorderSurveillance - WARNING - MQTT not available: [WinError 10061] No connection could be made because the target machine actively refused it
2026-09-02 20:15:20,823 - BorderSurveillance - ERROR - Failed to connect to MQTT broker: [WinError 10061] No connection could be made because the target machine actively refused it
2026-09-02 20:16:55,001 - BorderSurveillance - ERROR - Failed to connect to MQTT broker: [WinError 10061] No connection could be made because the target machine actively refused it
2026-09-02 20:17:32,038 - BorderSurveillance - INFO - Blockchain evidence ledger initialised
2026-09-02 20:17:32,042 - BorderSurveillance - INFO - Initializing Object Detector (YOLOv8)...
2026-09-02 20:17:32,042 - BorderSurveillance - INFO - Loading model from E:\SIH\Border-Surveillance-System\models\yolov8n.pt
2026-09-02 20:17:33,837 - BorderSurveillance - INFO - Using device: cuda
2026-09-02 20:17:34,004 - BorderSurveillance - INFO - FrameConditionClassifier initialised.
2026-09-02 20:17:34,004 - BorderSurveillance - INFO - BYTETracker initialised.
2026-09-02 20:17:34,005 - BorderSurveillance - INFO - Border crossing detector initialized with 2 border lines
2026-09-02 20:17:34,005 - BorderSurveillance - INFO - Loading model from E:\SIH\Border-Surveillance-System\models\yolov8n.pt
2026-09-02 20:17:34,098 - BorderSurveillance - INFO - Item detector initialized for cell phones and bags detection
2026-09-02 20:17:34,489 - BorderSurveillance - INFO - Database initialised.
2026-09-02 20:17:35,760 - BorderSurveillance - INFO - Video capture initialized with source: 0
2026-09-02 20:17:35,767 - BorderSurveillance - INFO - Surveillance processing thread started.
2026-09-02 20:17:39,838 - BorderSurveillance - WARNING - MQTT not available: [WinError 10061] No connection could be made because the target machine actively refused it
2026-09-02 20:17:54,557 - BorderSurveillance - INFO - Video capture initialized with source: E:\SIH\Border-Surveillance-System\gettyimages-1215957003-640_adpp.mp4
2026-09-02 20:18:44,874 - BorderSurveillance - WARNING - Database modules not available: No module named 'sqlalchemy'
2026-09-02 20:18:54,941 - BorderSurveillance - ERROR - Failed to connect to MQTT broker: [WinError 10061] No connection could be made because the target machine actively refused it
2026-09-02 20:18:57,200 - BorderSurveillance - INFO - Blockchain evidence ledger initialised
2026-09-02 20:18:57,204 - BorderSurveillance - INFO - Initializing Object Detector (YOLOv8)...
2026-09-02 20:18:57,204 - BorderSurveillance - INFO - Loading model from E:\SIH\Border-Surveillance-System\models\yolov8n.pt
2026-09-02 20:18:57,501 - BorderSurveillance - INFO - Using device: cpu
2026-09-02 20:18:57,509 - BorderSurveillance - INFO - FrameConditionClassifier initialised.
2026-09-02 20:18:57,509 - BorderSurveillance - INFO - BYTETracker initialised.
2026-09-02 20:18:57,514 - BorderSurveillance - INFO - Border crossing detector initialized with 2 border lines
2026-09-02 20:18:57,518 - BorderSurveillance - INFO - Loading model from E:\SIH\Border-Surveillance-System\models\yolov8n.pt
2026-09-02 20:18:57,677 - BorderSurveillance - INFO - Item detector initialized for cell phones and bags detection
2026-09-02 20:18:58,916 - BorderSurveillance - INFO - Video capture initialized with source: 0
2026-09-02 20:18:58,916 - BorderSurveillance - INFO - Surveillance processing thread started.
2026-09-02 20:19:02,997 - BorderSurveillance - WARNING - MQTT not available: [WinError 10061] No connection could be made because the target machine actively refused it
2026-09-02 21:19:13,835 - BorderSurveillance - ERROR - Failed to connect to MQTT broker: [WinError 10061] No connection could be made because the target machine actively refused it
2026-09-02 21:19:31,996 - BorderSurveillance - INFO - Blockchain evidence ledger initialised
2026-09-02 21:19:31,998 - BorderSurveillance - INFO - Initializing Object Detector (YOLOv8)...
2026-09-02 21:19:31,998 - BorderSurveillance - INFO - Loading model from E:\SIH\Border-Surveillance-System\models\yolov8n.pt
2026-09-02 21:19:33,747 - BorderSurveillance - INFO - Using device: cuda
2026-09-02 21:19:33,844 - BorderSurveillance - INFO - FrameConditionClassifier initialised.
2026-09-02 21:19:33,844 - BorderSurveillance - INFO - BYTETracker initialised.
2026-09-02 21:19:33,851 - BorderSurveillance - INFO - Border crossing detector initialized with 2 border lines
2026-09-02 21:19:33,851 - BorderSurveillance - INFO - Loading model from E:\SIH\Border-Surveillance-System\models\yolov8n.pt
2026-09-02 21:19:33,896 - BorderSurveillance - INFO - Item detector initialized for cell phones and bags detection
2026-09-02 21:19:34,259 - BorderSurveillance - INFO - Database initialised.
2026-09-02 21:19:35,141 - BorderSurveillance - INFO - Video capture initialized with source: 0
2026-09-02 21:19:35,143 - BorderSurveillance - INFO - Surveillance processing thread started.
2026-09-02 21:19:39,240 - BorderSurveillance - WARNING - MQTT not available: [WinError 10061] No connection could be made because the target machine actively refused it
2026-09-02 21:20:08,917 - BorderSurveillance - INFO - Video capture initialized with source: E:\SIH\Border-Surveillance-System\gettyimages-1215957003-640_adpp.mp4
2026-09-02 21:20:40,744 - BorderSurveillance - WARNING - Database modules not available: No module named 'sqlalchemy'
2026-09-02 21:20:46,828 - BorderSurveillance - ERROR - Failed to connect to MQTT broker: [WinError 10061] No connection could be made because the target machine actively refused it
2026-09-02 21:20:48,346 - BorderSurveillance - INFO - Blockchain evidence ledger initialised
2026-09-02 21:20:48,352 - BorderSurveillance - INFO - Initializing Object Detector (YOLOv8)...
2026-09-02 21:20:48,352 - BorderSurveillance - INFO - Loading model from E:\SIH\Border-Surveillance-System\models\yolov8n.pt
2026-09-02 21:20:48,558 - BorderSurveillance - INFO - Using device: cpu
2026-09-02 21:20:48,565 - BorderSurveillance - INFO - FrameConditionClassifier initialised.
2026-09-02 21:20:48,567 - BorderSurveillance - INFO - BYTETracker initialised.
2026-09-02 21:20:48,589 - BorderSurveillance - INFO - Border crossing detector initialized with 2 border lines
2026-09-02 21:20:48,591 - BorderSurveillance - INFO - Loading model from E:\SIH\Border-Surveillance-System\models\yolov8n.pt
2026-09-02 21:20:48,670 - BorderSurveillance - INFO - Item detector initialized for cell phones and bags detection
2026-09-02 21:20:49,591 - BorderSurveillance - INFO - Video capture initialized with source: 0
2026-09-02 21:20:49,591 - BorderSurveillance - INFO - Surveillance processing thread started.
2026-09-02 21:20:53,696 - BorderSurveillance - WARNING - MQTT not available: [WinError 10061] No connection could be made because the target machine actively refused it
2026-09-03 20:05:43,101 - BorderSurveillance - ERROR - Failed to connect to MQTT broker: [WinError 10061] No connection could be made because the target machine actively refused it
2026-09-03 20:05:43,789 - BorderSurveillance - INFO - Loading model from E:\SIH\Border-Surveillance-System\models\yolov8n.pt
2026-09-03 20:05:43,869 - BorderSurveillance - INFO - Using device: cuda
2026-09-03 20:05:44,061 - BorderSurveillance - INFO - FrameConditionClassifier initialised.
2026-09-03 20:05:44,062 - BorderSurveillance - INFO - BYTETracker initialised.
2026-09-03 20:06:28,622 - BorderSurveillance - ERROR - Failed to connect to MQTT broker: [WinError 10061] No connection could be made because the target machine actively refused it
2026-09-03 20:06:28,627 - BorderSurveillance - INFO - Loading model from E:\SIH\Border-Surveillance-System\models\yolov8n.pt
2026-09-03 20:06:30,344 - BorderSurveillance - INFO - Using device: cuda
2026-09-03 20:06:30,497 - BorderSurveillance - INFO - FrameConditionClassifier initialised.
2026-09-03 20:06:30,498 - BorderSurveillance - INFO - BYTETracker initialised.
2026-09-03 20:07:35,286 - BorderSurveillance - WARNING - Database modules not available: No module named 'sqlalchemy'
2026-09-03 20:08:02,219 - BorderSurveillance - ERROR - Failed to connect to MQTT broker: [WinError 10061] No connection could be made because the target machine actively refused it
2026-09-03 20:08:07,715 - BorderSurveillance - INFO - Blockchain evidence ledger initialised
2026-09-03 20:08:07,715 - BorderSurveillance - INFO - Initializing Object Detector (YOLOv8)...
2026-09-03 20:08:07,730 - BorderSurveillance - INFO - Loading model from E:\SIH\Border-Surveillance-System\models\yolov8n.pt
2026-09-03 20:08:07,949 - BorderSurveillance - INFO - Using device: cpu
2026-09-03 20:08:07,949 - BorderSurveillance - INFO - FrameConditionClassifier initialised.
2026-09-03 20:08:07,949 - BorderSurveillance - INFO - BYTETracker initialised.
2026-09-03 20:08:07,949 - BorderSurveillance - INFO - Border crossing detector initialized with 2 border lines
2026-09-03 20:08:07,965 - BorderSurveillance - INFO - Loading model from E:\SIH\Border-Surveillance-System\models\yolov8n.pt
2026-09-03 20:08:08,054 - BorderSurveillance - INFO - Item detector initialized for cell phones and bags detection
2026-09-03 20:08:09,601 - BorderSurveillance - INFO - Video capture initialized with source: 0
2026-09-03 20:08:09,601 - BorderSurveillance - INFO - Surveillance processing thread started.
2026-09-03 20:08:13,684 - BorderSurveillance - WARNING - MQTT not available: [WinError 10061] No connection could be made because the target machine actively refused it
2026-09-03 20:09:00,927 - BorderSurveillance - INFO - Surveillance processing thread stopped.
2026-09-03 20:12:03,878 - BorderSurveillance - ERROR - Failed to connect to MQTT broker: [WinError 10061] No connection could be made because the target machine actively refused it
2026-09-03 20:12:40,323 - BorderSurveillance - ERROR - Failed to connect to MQTT broker: [WinError 10061] No connection could be made because the target machine actively refused it
2026-09-03 20:13:10,962 - BorderSurveillance - INFO - Blockchain evidence ledger initialised
2026-09-03 20:13:10,970 - BorderSurveillance - INFO - Initializing Object Detector (YOLOv8)...
2026-09-03 20:13:10,970 - BorderSurveillance - INFO - Loading model from E:\SIH\Border-Surveillance-System\models\yolov8n.pt
2026-09-03 20:13:12,741 - BorderSurveillance - INFO - Using device: cuda
2026-09-03 20:13:12,861 - BorderSurveillance - INFO - FrameConditionClassifier initialised.
2026-09-03 20:13:12,861 - BorderSurveillance - INFO - BYTETracker initialised.
2026-09-03 20:13:12,864 - BorderSurveillance - INFO - Border crossing detector initialized with 2 border lines
2026-09-03 20:13:13,387 - BorderSurveillance - INFO - Database initialised.
2026-09-03 20:13:14,220 - BorderSurveillance - INFO - Video capture initialized with source: 0
2026-09-03 20:13:14,223 - BorderSurveillance - INFO - Surveillance processing and alert worker threads started.
2026-09-03 20:13:18,155 - BorderSurveillance - ERROR - Alert worker error: 'BaselineStat' object has no attribute 'to_dict'
2026-09-03 20:13:18,293 - BorderSurveillance - WARNING - MQTT not available: [WinError 10061] No connection could be made because the target machine actively refused it
2026-09-03 20:13:20,230 - BorderSurveillance - ERROR - Alert worker error: 'BaselineStat' object has no attribute 'to_dict'
2026-09-03 20:13:22,023 - BorderSurveillance - INFO - Video capture initialized with source: E:\SIH\Border-Surveillance-System\gettyimages-1215957003-640_adpp.mp4
2026-09-03 20:13:22,944 - BorderSurveillance - ERROR - Alert worker error: 'BaselineStat' object has no attribute 'to_dict'
2026-09-03 20:13:25,739 - BorderSurveillance - ERROR - Alert worker error: 'BaselineStat' object has no attribute 'to_dict'
2026-09-03 20:13:27,814 - BorderSurveillance - ERROR - Alert worker error: 'BaselineStat' object has no attribute 'to_dict'
2026-09-03 20:13:30,200 - BorderSurveillance - ERROR - Alert worker error: 'BaselineStat' object has no attribute 'to_dict'
2026-09-03 20:13:35,617 - BorderSurveillance - ERROR - Alert worker error: 'BaselineStat' object has no attribute 'to_dict'
2026-09-03 20:13:37,626 - BorderSurveillance - ERROR - Alert worker error: 'BaselineStat' object has no attribute 'to_dict'
2026-09-03 20:13:41,315 - BorderSurveillance - ERROR - Alert worker error: 'BaselineStat' object has no attribute 'to_dict'
2026-09-03 20:13:44,060 - BorderSurveillance - ERROR - Alert worker error: 'BaselineStat' object has no attribute 'to_dict'
2026-09-03 20:13:46,149 - BorderSurveillance - ERROR - Alert worker error: 'BaselineStat' object has no attribute 'to_dict'
2026-09-03 20:13:48,495 - BorderSurveillance - ERROR - Alert worker error: 'BaselineStat' object has no attribute 'to_dict'
2026-09-03 20:14:30,818 - BorderSurveillance - WARNING - Database modules not available: No module named 'sqlalchemy'
2026-09-03 20:14:36,677 - BorderSurveillance - ERROR - Failed to connect to MQTT broker: [WinError 10061] No connection could be made because the target machine actively refused it
2026-09-03 20:14:38,170 - BorderSurveillance - INFO - Blockchain evidence ledger initialised
2026-09-03 20:14:38,176 - BorderSurveillance - INFO - Initializing Object Detector (YOLOv8)...
2026-09-03 20:14:38,178 - BorderSurveillance - INFO - Loading model from E:\SIH\Border-Surveillance-System\models\yolov8n.pt
2026-09-03 20:14:38,402 - BorderSurveillance - INFO - Using device: cpu
2026-09-03 20:14:38,411 - BorderSurveillance - INFO - FrameConditionClassifier initialised.
2026-09-03 20:14:38,413 - BorderSurveillance - INFO - BYTETracker initialised.
2026-09-03 20:14:38,428 - BorderSurveillance - INFO - Border crossing detector initialized with 2 border lines
2026-09-03 20:14:39,435 - BorderSurveillance - INFO - Video capture initialized with source: 0
2026-09-03 20:14:39,438 - BorderSurveillance - INFO - Surveillance processing and alert worker threads started.
2026-09-03 20:14:43,562 - BorderSurveillance - WARNING - MQTT not available: [WinError 10061] No connection could be made because the target machine actively refused it
2026-09-03 20:16:13,279 - BorderSurveillance - INFO - Surveillance processing thread stopped.
2026-09-03 20:18:46,633 - BorderSurveillance - ERROR - Failed to connect to MQTT broker: [WinError 10061] No connection could be made because the target machine actively refused it
2026-09-03 20:19:26,348 - BorderSurveillance - ERROR - Failed to connect to MQTT broker: [WinError 10061] No connection could be made because the target machine actively refused it
2026-09-03 20:19:51,766 - BorderSurveillance - INFO - Blockchain evidence ledger initialised
2026-09-03 20:19:51,770 - BorderSurveillance - INFO - Initializing Object Detector (YOLOv8)...
2026-09-03 20:19:51,770 - BorderSurveillance - INFO - Loading model from E:\SIH\Border-Surveillance-System\models\yolov8n.pt
2026-09-03 20:19:53,564 - BorderSurveillance - INFO - Using device: cuda
2026-09-03 20:19:53,678 - BorderSurveillance - INFO - FrameConditionClassifier initialised.
2026-09-03 20:19:53,679 - BorderSurveillance - INFO - BYTETracker initialised.
2026-09-03 20:19:53,679 - BorderSurveillance - INFO - Border crossing detector initialized with 2 border lines
2026-09-03 20:19:53,936 - BorderSurveillance - INFO - Database initialised.
2026-09-03 20:19:59,614 - BorderSurveillance - INFO - Video capture initialized with high-speed async source: 0
2026-09-03 20:19:59,679 - BorderSurveillance - INFO - Surveillance processing and alert worker threads started.
2026-09-03 20:20:03,751 - BorderSurveillance - WARNING - MQTT not available: [WinError 10061] No connection could be made because the target machine actively refused it
2026-09-03 20:20:36,955 - BorderSurveillance - INFO - Video capture initialized with high-speed async source: E:\SIH\Border-Surveillance-System\gettyimages-1215957003-640_adpp.mp4
2026-09-03 20:20:39,084 - BorderSurveillance - ERROR - Alert worker error: 'BaselineStat' object has no attribute 'to_dict'
2026-09-03 20:20:41,120 - BorderSurveillance - ERROR - Alert worker error: 'BaselineStat' object has no attribute 'to_dict'
2026-09-03 20:20:43,160 - BorderSurveillance - ERROR - Alert worker error: 'BaselineStat' object has no attribute 'to_dict'
2026-09-03 20:20:45,389 - BorderSurveillance - ERROR - Alert worker error: 'BaselineStat' object has no attribute 'to_dict'
2026-09-03 20:20:50,694 - BorderSurveillance - INFO - Video capture initialized with high-speed async source: 0
2026-09-03 20:28:02,361 - BorderSurveillance - ERROR - Failed to connect to MQTT broker: [WinError 10061] No connection could be made because the target machine actively refused it
2026-09-03 20:28:06,642 - BorderSurveillance - INFO - Loading model from E:\SIH\Border-Surveillance-System\models\yolov8n.pt
2026-09-03 20:28:08,537 - BorderSurveillance - INFO - Using device: cuda
2026-09-03 20:28:09,023 - BorderSurveillance - INFO - FrameConditionClassifier initialised.
2026-09-03 20:28:09,023 - BorderSurveillance - INFO - BYTETracker initialised.
2026-09-03 20:29:24,919 - BorderSurveillance - ERROR - Failed to connect to MQTT broker: [WinError 10061] No connection could be made because the target machine actively refused it
2026-09-03 20:29:28,413 - BorderSurveillance - INFO - Loading model from E:\SIH\Border-Surveillance-System\models\yolov8n.pt
2026-09-03 20:29:28,677 - BorderSurveillance - INFO - Using device: cuda
2026-09-03 20:29:29,136 - BorderSurveillance - INFO - FrameConditionClassifier initialised.
2026-09-03 20:29:29,136 - BorderSurveillance - INFO - BYTETracker initialised.
2026-09-03 20:31:18,755 - BorderSurveillance - ERROR - Failed to connect to MQTT broker: [WinError 10061] No connection could be made because the target machine actively refused it
2026-09-03 20:31:18,780 - BorderSurveillance - INFO - Loading model from E:\SIH\Border-Surveillance-System\models\yolov8n.pt
2026-09-03 20:31:20,596 - BorderSurveillance - INFO - Using device: cuda
2026-09-03 20:31:20,785 - BorderSurveillance - INFO - FrameConditionClassifier initialised.
2026-09-03 20:31:20,786 - BorderSurveillance - INFO - BYTETracker initialised.
2026-09-03 20:32:00,516 - BorderSurveillance - ERROR - Failed to connect to MQTT broker: [WinError 10061] No connection could be made because the target machine actively refused it
2026-09-03 20:32:33,467 - BorderSurveillance - INFO - Blockchain evidence ledger initialised
2026-09-03 20:32:33,470 - BorderSurveillance - INFO - Initializing Object Detector (YOLOv8)...
2026-09-03 20:32:33,471 - BorderSurveillance - INFO - Loading model from E:\SIH\Border-Surveillance-System\models\yolov8n.pt
2026-09-03 20:32:35,219 - BorderSurveillance - INFO - Using device: cuda
2026-09-03 20:32:35,325 - BorderSurveillance - INFO - FrameConditionClassifier initialised.
2026-09-03 20:32:35,325 - BorderSurveillance - INFO - BYTETracker initialised.
2026-09-03 20:32:35,325 - BorderSurveillance - INFO - Border crossing detector initialized with 2 border lines
2026-09-03 20:32:35,659 - BorderSurveillance - INFO - Database initialised.
2026-09-03 20:32:40,336 - BorderSurveillance - INFO - Video capture initialized with high-speed async source: 0
2026-09-03 20:32:40,357 - BorderSurveillance - INFO - Surveillance processing and alert worker threads started.
2026-09-03 20:32:44,426 - BorderSurveillance - WARNING - MQTT not available: [WinError 10061] No connection could be made because the target machine actively refused it
2026-09-03 20:32:46,400 - BorderSurveillance - INFO - Video capture initialized with high-speed async source: E:\SIH\Border-Surveillance-System\gettyimages-1215957003-640_adpp.mp4
2026-09-03 20:32:46,590 - BorderSurveillance - ERROR - Alert worker error: 'BaselineStat' object has no attribute 'to_dict'
2026-09-03 20:32:48,607 - BorderSurveillance - ERROR - Alert worker error: 'BaselineStat' object has no attribute 'to_dict'
2026-09-03 20:32:50,782 - BorderSurveillance - ERROR - Alert worker error: 'BaselineStat' object has no attribute 'to_dict'
2026-09-03 20:32:52,776 - BorderSurveillance - ERROR - Alert worker error: 'BaselineStat' object has no attribute 'to_dict'
2026-09-03 20:32:54,855 - BorderSurveillance - ERROR - Alert worker error: 'BaselineStat' object has no attribute 'to_dict'
2026-09-03 20:33:00,071 - BorderSurveillance - INFO - Video capture initialized with high-speed async source: 0
2026-09-03 20:33:00,207 - BorderSurveillance - ERROR - Alert worker error: 'BaselineStat' object has no attribute 'to_dict'
2026-09-03 20:34:02,654 - BorderSurveillance - WARNING - Database modules not available: No module named 'sqlalchemy'
2026-09-03 20:34:08,550 - BorderSurveillance - ERROR - Failed to connect to MQTT broker: [WinError 10061] No connection could be made because the target machine actively refused it
2026-09-03 20:34:10,233 - BorderSurveillance - INFO - Blockchain evidence ledger initialised
2026-09-03 20:34:10,238 - BorderSurveillance - INFO - Initializing Object Detector (YOLOv8)...
2026-09-03 20:34:10,240 - BorderSurveillance - INFO - Loading model from E:\SIH\Border-Surveillance-System\models\yolov8n.pt
2026-09-03 20:34:10,467 - BorderSurveillance - INFO - Using device: cpu
2026-09-03 20:34:10,483 - BorderSurveillance - INFO - FrameConditionClassifier initialised.
2026-09-03 20:34:10,483 - BorderSurveillance - INFO - BYTETracker initialised.
2026-09-03 20:34:10,486 - BorderSurveillance - INFO - Border crossing detector initialized with 2 border lines
2026-09-03 20:34:14,839 - BorderSurveillance - INFO - Video capture initialized with high-speed async source: 0
2026-09-03 20:34:14,904 - BorderSurveillance - INFO - Surveillance processing and alert worker threads started.
2026-09-03 20:34:18,973 - BorderSurveillance - WARNING - MQTT not available: [WinError 10061] No connection could be made because the target machine actively refused it
2026-09-03 20:36:41,750 - BorderSurveillance - INFO - Surveillance processing thread stopped.
2026-09-03 20:42:53,774 - BorderSurveillance - ERROR - Failed to connect to MQTT broker: [WinError 10061] No connection could be made because the target machine actively refused it
2026-09-03 20:43:22,075 - BorderSurveillance - INFO - Blockchain evidence ledger initialised
2026-09-03 20:43:22,082 - BorderSurveillance - INFO - Initializing Object Detector (YOLOv8)...
2026-09-03 20:43:22,085 - BorderSurveillance - INFO - Loading model from E:\SIH\Border-Surveillance-System\models\yolov8n.pt
2026-09-03 20:43:48,750 - BorderSurveillance - ERROR - Failed to connect to MQTT broker: [WinError 10061] No connection could be made because the target machine actively refused it
2026-09-03 20:44:16,864 - BorderSurveillance - INFO - Blockchain evidence ledger initialised
2026-09-03 20:44:16,870 - BorderSurveillance - INFO - Initializing Object Detector (YOLOv8)...
2026-09-03 20:44:16,871 - BorderSurveillance - INFO - Loading model from E:\SIH\Border-Surveillance-System\models\yolov8n.pt
2026-09-03 20:44:18,700 - BorderSurveillance - INFO - Using device: cuda
2026-09-03 20:44:18,857 - BorderSurveillance - INFO - FrameConditionClassifier initialised.
2026-09-03 20:44:18,857 - BorderSurveillance - INFO - BYTETracker initialised.
2026-09-03 20:44:18,859 - BorderSurveillance - INFO - Border crossing detector initialized with 2 border lines
2026-09-03 20:44:19,258 - BorderSurveillance - INFO - Database initialised.
2026-09-03 20:44:24,201 - BorderSurveillance - INFO - Video capture initialized with high-speed async source: 0
2026-09-03 20:44:24,211 - BorderSurveillance - INFO - Surveillance processing and alert worker threads started.
2026-09-03 20:44:28,283 - BorderSurveillance - WARNING - MQTT not available: [WinError 10061] No connection could be made because the target machine actively refused it
2026-09-03 20:44:31,263 - BorderSurveillance - ERROR - Alert worker error: 'BaselineStat' object has no attribute 'to_dict'
2026-09-03 20:44:34,993 - BorderSurveillance - ERROR - Alert worker error: 'BaselineStat' object has no attribute 'to_dict'
2026-09-03 20:44:47,775 - BorderSurveillance - ERROR - Alert worker error: 'BaselineStat' object has no attribute 'to_dict'
2026-09-03 20:44:49,777 - BorderSurveillance - ERROR - Alert worker error: 'BaselineStat' object has no attribute 'to_dict'
2026-09-03 20:44:58,766 - BorderSurveillance - ERROR - Alert worker error: 'BaselineStat' object has no attribute 'to_dict'
2026-09-03 20:45:15,478 - BorderSurveillance - ERROR - Alert worker error: 'BaselineStat' object has no attribute 'to_dict'
2026-09-03 20:45:21,675 - BorderSurveillance - ERROR - Alert worker error: 'BaselineStat' object has no attribute 'to_dict'
2026-09-03 20:45:23,707 - BorderSurveillance - ERROR - Alert worker error: 'BaselineStat' object has no attribute 'to_dict'
2026-09-03 20:45:27,511 - BorderSurveillance - ERROR - Alert worker error: 'BaselineStat' object has no attribute 'to_dict'
2026-09-03 20:45:29,541 - BorderSurveillance - ERROR - Alert worker error: 'BaselineStat' object has no attribute 'to_dict'
2026-09-03 20:46:03,771 - BorderSurveillance - ERROR - Alert worker error: 'BaselineStat' object has no attribute 'to_dict'
2026-09-03 20:46:56,854 - BorderSurveillance - ERROR - Alert worker error: 'BaselineStat' object has no attribute 'to_dict'
2026-09-03 20:46:59,127 - BorderSurveillance - ERROR - Alert worker error: 'BaselineStat' object has no attribute 'to_dict'
2026-09-03 20:47:03,959 - BorderSurveillance - ERROR - Alert worker error: 'BaselineStat' object has no attribute 'to_dict'
2026-09-03 20:47:10,197 - BorderSurveillance - ERROR - Alert worker error: 'BaselineStat' object has no attribute 'to_dict'
2026-09-03 20:47:12,388 - BorderSurveillance - ERROR - Alert worker error: 'BaselineStat' object has no attribute 'to_dict'
2026-09-03 20:47:15,303 - BorderSurveillance - ERROR - Alert worker error: 'BaselineStat' object has no attribute 'to_dict'
2026-09-03 20:47:17,384 - BorderSurveillance - ERROR - Alert worker error: 'BaselineStat' object has no attribute 'to_dict'
2026-09-03 20:47:21,321 - BorderSurveillance - ERROR - Alert worker error: 'BaselineStat' object has no attribute 'to_dict'
2026-09-03 20:47:43,656 - BorderSurveillance - ERROR - Alert worker error: 'BaselineStat' object has no attribute 'to_dict'
2026-09-03 20:47:47,753 - BorderSurveillance - ERROR - Alert worker error: 'BaselineStat' object has no attribute 'to_dict'
2026-09-03 20:47:56,041 - BorderSurveillance - ERROR - Alert worker error: 'BaselineStat' object has no attribute 'to_dict'
2026-09-03 20:47:57,775 - BorderSurveillance - ERROR - Alert worker error: 'BaselineStat' object has no attribute 'to_dict'
2026-09-03 20:48:05,097 - BorderSurveillance - ERROR - Alert worker error: 'BaselineStat' object has no attribute 'to_dict'
2026-09-03 20:48:07,667 - BorderSurveillance - ERROR - Alert worker error: 'BaselineStat' object has no attribute 'to_dict'
2026-09-03 20:48:36,321 - BorderSurveillance - ERROR - Failed to connect to MQTT broker: [WinError 10061] No connection could be made because the target machine actively refused it
2026-09-03 20:49:20,498 - BorderSurveillance - INFO - Blockchain evidence ledger initialised
2026-09-03 20:49:20,505 - BorderSurveillance - INFO - Initializing Object Detector (YOLOv8)...
2026-09-03 20:49:20,506 - BorderSurveillance - INFO - Loading model from E:\SIH\Border-Surveillance-System\models\yolov8n.pt
2026-09-03 20:49:22,373 - BorderSurveillance - INFO - Using device: cuda
2026-09-03 20:49:22,688 - BorderSurveillance - INFO - FrameConditionClassifier initialised.
2026-09-03 20:49:22,689 - BorderSurveillance - INFO - BYTETracker initialised.
2026-09-03 20:49:22,690 - BorderSurveillance - INFO - Border crossing detector initialized with 2 border lines
2026-09-03 20:50:20,055 - BorderSurveillance - ERROR - Failed to connect to MQTT broker: [WinError 10061] No connection could be made because the target machine actively refused it
2026-09-03 20:50:59,991 - BorderSurveillance - INFO - Blockchain evidence ledger initialised
2026-09-03 20:51:00,000 - BorderSurveillance - INFO - Initializing Object Detector (YOLOv8)...
2026-09-03 20:51:00,001 - BorderSurveillance - INFO - Loading model from E:\SIH\Border-Surveillance-System\models\yolov8n.pt
2026-09-03 20:51:00,897 - BorderSurveillance - INFO - Using device: cuda
2026-09-03 20:51:01,210 - BorderSurveillance - INFO - FrameConditionClassifier initialised.
2026-09-03 20:51:01,213 - BorderSurveillance - INFO - BYTETracker initialised.
2026-09-03 20:51:01,213 - BorderSurveillance - INFO - Border crossing detector initialized with 2 border lines
2026-09-03 20:51:01,711 - BorderSurveillance - INFO - Database initialised.
2026-09-03 20:51:07,210 - BorderSurveillance - INFO - Video capture initialized with high-speed async source: 0
2026-09-03 20:51:07,215 - BorderSurveillance - INFO - Surveillance processing and alert worker threads started.
2026-09-03 20:51:11,321 - BorderSurveillance - WARNING - MQTT not available: [WinError 10061] No connection could be made because the target machine actively refused it
2026-09-03 20:51:44,158 - BorderSurveillance - ERROR - Failed to connect to MQTT broker: [WinError 10061] No connection could be made because the target machine actively refused it
2026-09-03 20:51:51,919 - BorderSurveillance - ERROR - Error persisting live threat: (sqlite3.OperationalError) database is locked
[SQL: INSERT INTO evidence (event_id, alert_id, camera_id, snapshot_path, clip_path, thumbnail_path, sync_status, created_at) VALUES (?, ?, ?, ?, ?, ?, ?, ?)]
[parameters: (1, 4, 'cam_0', 'E:\\SIH\\Border-Surveillance-System\\output\\snapshots\\crawling_20260903-205146.jpg', None, 'E:\\SIH\\Border-Surveillance-System\\output\\snapshots\\crawling_20260903-205146.jpg', 'metadata_only', '2026-09-03 15:21:46.432984')]
(Background on this error at: https://sqlalche.me/e/20/e3q8)
2026-09-03 20:52:01,140 - BorderSurveillance - ERROR - Error persisting live threat: (sqlite3.OperationalError) database is locked
[SQL: INSERT INTO evidence (event_id, alert_id, camera_id, snapshot_path, clip_path, thumbnail_path, sync_status, created_at) VALUES (?, ?, ?, ?, ?, ?, ?, ?)]
[parameters: (1, 4, 'cam_0', 'E:\\SIH\\Border-Surveillance-System\\output\\snapshots\\crawling_20260903-205155.jpg', None, 'E:\\SIH\\Border-Surveillance-System\\output\\snapshots\\crawling_20260903-205155.jpg', 'metadata_only', '2026-09-03 15:21:55.607099')]
(Background on this error at: https://sqlalche.me/e/20/e3q8)
2026-09-03 20:52:06,688 - BorderSurveillance - ERROR - Error persisting live threat: (sqlite3.OperationalError) database is locked
[SQL: INSERT INTO evidence (event_id, alert_id, camera_id, snapshot_path, clip_path, thumbnail_path, sync_status, created_at) VALUES (?, ?, ?, ?, ?, ?, ?, ?)]
[parameters: (1, 4, 'cam_0', 'E:\\SIH\\Border-Surveillance-System\\output\\snapshots\\crawling_20260903-205201.jpg', None, 'E:\\SIH\\Border-Surveillance-System\\output\\snapshots\\crawling_20260903-205201.jpg', 'metadata_only', '2026-09-03 15:22:01.176349')]
(Background on this error at: https://sqlalche.me/e/20/e3q8)
2026-09-03 20:52:12,258 - BorderSurveillance - ERROR - Error persisting live threat: (sqlite3.OperationalError) database is locked
[SQL: INSERT INTO evidence (event_id, alert_id, camera_id, snapshot_path, clip_path, thumbnail_path, sync_status, created_at) VALUES (?, ?, ?, ?, ?, ?, ?, ?)]
[parameters: (1, 4, 'cam_0', 'E:\\SIH\\Border-Surveillance-System\\output\\snapshots\\crawling_20260903-205206.jpg', None, 'E:\\SIH\\Border-Surveillance-System\\output\\snapshots\\crawling_20260903-205206.jpg', 'metadata_only', '2026-09-03 15:22:06.786767')]
(Background on this error at: https://sqlalche.me/e/20/e3q8)
2026-09-03 20:52:17,820 - BorderSurveillance - ERROR - Error persisting live threat: (sqlite3.OperationalError) database is locked
[SQL: INSERT INTO evidence (event_id, alert_id, camera_id, snapshot_path, clip_path, thumbnail_path, sync_status, created_at) VALUES (?, ?, ?, ?, ?, ?, ?, ?)]
[parameters: (1, 4, 'cam_0', 'E:\\SIH\\Border-Surveillance-System\\output\\snapshots\\crawling_20260903-205212.jpg', None, 'E:\\SIH\\Border-Surveillance-System\\output\\snapshots\\crawling_20260903-205212.jpg', 'metadata_only', '2026-09-03 15:22:12.291859')]
(Background on this error at: https://sqlalche.me/e/20/e3q8)
2026-09-03 20:52:23,403 - BorderSurveillance - ERROR - Error persisting live threat: (sqlite3.OperationalError) database is locked
[SQL: INSERT INTO evidence (event_id, alert_id, camera_id, snapshot_path, clip_path, thumbnail_path, sync_status, created_at) VALUES (?, ?, ?, ?, ?, ?, ?, ?)]
[parameters: (1, 4, 'cam_0', 'E:\\SIH\\Border-Surveillance-System\\output\\snapshots\\crawling_20260903-205217.jpg', None, 'E:\\SIH\\Border-Surveillance-System\\output\\snapshots\\crawling_20260903-205217.jpg', 'metadata_only', '2026-09-03 15:22:17.853745')]
(Background on this error at: https://sqlalche.me/e/20/e3q8)
2026-09-03 20:52:29,024 - BorderSurveillance - ERROR - Error persisting live threat: (sqlite3.OperationalError) database is locked
[SQL: INSERT INTO evidence (event_id, alert_id, camera_id, snapshot_path, clip_path, thumbnail_path, sync_status, created_at) VALUES (?, ?, ?, ?, ?, ?, ?, ?)]
[parameters: (1, 4, 'cam_0', 'E:\\SIH\\Border-Surveillance-System\\output\\snapshots\\crawling_20260903-205223.jpg', None, 'E:\\SIH\\Border-Surveillance-System\\output\\snapshots\\crawling_20260903-205223.jpg', 'metadata_only', '2026-09-03 15:22:23.436628')]
(Background on this error at: https://sqlalche.me/e/20/e3q8)
2026-09-03 20:52:36,932 - BorderSurveillance - INFO - Blockchain evidence ledger initialised
2026-09-03 20:52:36,935 - BorderSurveillance - INFO - Initializing Object Detector (YOLOv8)...
2026-09-03 20:52:36,935 - BorderSurveillance - INFO - Loading model from E:\SIH\Border-Surveillance-System\models\yolov8n.pt
2026-09-03 20:52:36,980 - BorderSurveillance - INFO - Using device: cuda
2026-09-03 20:52:37,072 - BorderSurveillance - INFO - FrameConditionClassifier initialised.
2026-09-03 20:52:37,072 - BorderSurveillance - INFO - BYTETracker initialised.
2026-09-03 20:52:37,073 - BorderSurveillance - INFO - Border crossing detector initialized with 2 border lines
2026-09-03 20:53:08,308 - BorderSurveillance - ERROR - Error persisting live threat: (sqlite3.OperationalError) database is locked
[SQL: INSERT INTO evidence (event_id, alert_id, camera_id, snapshot_path, clip_path, thumbnail_path, sync_status, created_at) VALUES (?, ?, ?, ?, ?, ?, ?, ?)]
[parameters: (1, 4, 'cam_0', 'E:\\SIH\\Border-Surveillance-System\\output\\snapshots\\loitering_20260903-205302.jpg', None, 'E:\\SIH\\Border-Surveillance-System\\output\\snapshots\\loitering_20260903-205302.jpg', 'metadata_only', '2026-09-03 15:23:02.902462')]
(Background on this error at: https://sqlalche.me/e/20/e3q8)
2026-09-03 20:53:48,646 - BorderSurveillance - ERROR - Error persisting live threat: (sqlite3.OperationalError) database is locked
[SQL: INSERT INTO evidence (event_id, alert_id, camera_id, snapshot_path, clip_path, thumbnail_path, sync_status, created_at) VALUES (?, ?, ?, ?, ?, ?, ?, ?)]
[parameters: (1, 4, 'cam_0', 'E:\\SIH\\Border-Surveillance-System\\output\\snapshots\\loitering_20260903-205343.jpg', None, 'E:\\SIH\\Border-Surveillance-System\\output\\snapshots\\loitering_20260903-205343.jpg', 'metadata_only', '2026-09-03 15:23:43.427159')]
(Background on this error at: https://sqlalche.me/e/20/e3q8)
2026-09-03 20:55:29,919 - BorderSurveillance - ERROR - Failed to connect to MQTT broker: [WinError 10061] No connection could be made because the target machine actively refused it
2026-09-03 20:56:18,416 - BorderSurveillance - INFO - Blockchain evidence ledger initialised
2026-09-03 20:56:18,425 - BorderSurveillance - INFO - Initializing Object Detector (YOLOv8)...
2026-09-03 20:56:18,427 - BorderSurveillance - INFO - Loading model from E:\SIH\Border-Surveillance-System\models\yolov8n.pt
2026-09-03 20:56:20,306 - BorderSurveillance - INFO - Using device: cuda
2026-09-03 20:56:20,597 - BorderSurveillance - INFO - FrameConditionClassifier initialised.
2026-09-03 20:56:20,597 - BorderSurveillance - INFO - BYTETracker initialised.
2026-09-03 20:56:20,602 - BorderSurveillance - INFO - Border crossing detector initialized with 2 border lines
2026-09-03 20:56:21,217 - BorderSurveillance - INFO - Database initialised.
2026-09-03 20:56:26,402 - BorderSurveillance - INFO - Video capture initialized with high-speed async source: 0
2026-09-03 20:56:26,407 - BorderSurveillance - INFO - Surveillance processing and alert worker threads started.
2026-09-03 20:56:26,415 - BorderSurveillance - INFO - MQTT subscribed to border/alerts
2026-09-03 20:57:20,005 - BorderSurveillance - INFO - Video capture initialized with high-speed async source: E:\SIH\Border-Surveillance-System\gettyimages-1215957003-640_adpp.mp4
2026-09-03 20:57:53,488 - BorderSurveillance - ERROR - Error persisting live threat: (sqlite3.OperationalError) database is locked
[SQL: INSERT INTO evidence (event_id, alert_id, camera_id, snapshot_path, clip_path, thumbnail_path, sync_status, created_at) VALUES (?, ?, ?, ?, ?, ?, ?, ?)]
[parameters: (1, 4, 'cam_0', 'E:\\SIH\\Border-Surveillance-System\\output\\snapshots\\border_crossing_20260903-205720.jpg', None, 'E:\\SIH\\Border-Surveillance-System\\output\\snapshots\\border_crossing_20260903-205720.jpg', 'metadata_only', '2026-09-03 15:27:20.751382')]
(Background on this error at: https://sqlalche.me/e/20/e3q8)
2026-09-03 20:58:26,150 - BorderSurveillance - ERROR - Error persisting live threat: (sqlite3.OperationalError) database is locked
[SQL: INSERT INTO evidence (event_id, alert_id, camera_id, snapshot_path, clip_path, thumbnail_path, sync_status, created_at) VALUES (?, ?, ?, ?, ?, ?, ?, ?)]
[parameters: (1, 4, 'cam_0', 'E:\\SIH\\Border-Surveillance-System\\output\\snapshots\\border_crossing_20260903-205753.jpg', None, 'E:\\SIH\\Border-Surveillance-System\\output\\snapshots\\border_crossing_20260903-205753.jpg', 'metadata_only', '2026-09-03 15:27:53.568296')]
(Background on this error at: https://sqlalche.me/e/20/e3q8)
2026-09-03 20:58:58,757 - BorderSurveillance - ERROR - Error persisting live threat: (sqlite3.OperationalError) database is locked
[SQL: INSERT INTO evidence (event_id, alert_id, camera_id, snapshot_path, clip_path, thumbnail_path, sync_status, created_at) VALUES (?, ?, ?, ?, ?, ?, ?, ?)]
[parameters: (1, 4, 'cam_0', 'E:\\SIH\\Border-Surveillance-System\\output\\snapshots\\border_crossing_20260903-205826.jpg', None, 'E:\\SIH\\Border-Surveillance-System\\output\\snapshots\\border_crossing_20260903-205826.jpg', 'metadata_only', '2026-09-03 15:28:26.186360')]
(Background on this error at: https://sqlalche.me/e/20/e3q8)
2026-09-03 20:59:31,369 - BorderSurveillance - ERROR - Error persisting live threat: (sqlite3.OperationalError) database is locked
[SQL: INSERT INTO evidence (event_id, alert_id, camera_id, snapshot_path, clip_path, thumbnail_path, sync_status, created_at) VALUES (?, ?, ?, ?, ?, ?, ?, ?)]
[parameters: (1, 4, 'cam_0', 'E:\\SIH\\Border-Surveillance-System\\output\\snapshots\\border_crossing_20260903-205858.jpg', None, 'E:\\SIH\\Border-Surveillance-System\\output\\snapshots\\border_crossing_20260903-205858.jpg', 'metadata_only', '2026-09-03 15:28:58.794792')]
(Background on this error at: https://sqlalche.me/e/20/e3q8)
2026-09-03 21:00:00,733 - BorderSurveillance - ERROR - Failed to connect to MQTT broker: [WinError 10061] No connection could be made because the target machine actively refused it
2026-09-03 21:00:42,964 - BorderSurveillance - INFO - Blockchain evidence ledger initialised
2026-09-03 21:00:42,966 - BorderSurveillance - INFO - Initializing Object Detector (YOLOv8)...
2026-09-03 21:00:42,966 - BorderSurveillance - INFO - Loading model from E:\SIH\Border-Surveillance-System\models\yolov8n.pt
2026-09-03 21:00:44,688 - BorderSurveillance - INFO - Using device: cuda
2026-09-03 21:00:44,835 - BorderSurveillance - INFO - FrameConditionClassifier initialised.
2026-09-03 21:00:44,836 - BorderSurveillance - INFO - BYTETracker initialised.
2026-09-03 21:00:44,836 - BorderSurveillance - INFO - Border crossing detector initialized with 2 border lines
2026-09-03 21:00:45,138 - BorderSurveillance - INFO - Database initialised.
2026-09-03 21:00:51,307 - BorderSurveillance - INFO - Video capture initialized with high-speed async source: 0
2026-09-03 21:00:51,310 - BorderSurveillance - INFO - Surveillance processing and alert worker threads started.
2026-09-03 21:00:51,318 - BorderSurveillance - INFO - MQTT subscribed to border/alerts
2026-09-03 21:00:54,439 - BorderSurveillance - INFO - Video capture initialized with high-speed async source: E:\SIH\Border-Surveillance-System\gettyimages-1215957003-640_adpp.mp4
2026-09-04 08:03:05,422 - BorderSurveillance - ERROR - Failed to connect to MQTT broker: [WinError 10061] No connection could be made because the target machine actively refused it
2026-09-04 08:03:42,630 - BorderSurveillance - INFO - Blockchain evidence ledger initialised
2026-09-04 08:03:42,634 - BorderSurveillance - INFO - Initializing Object Detector (YOLOv8)...
2026-09-04 08:03:42,634 - BorderSurveillance - INFO - Loading model from E:\SIH\Border-Surveillance-System\models\yolov8n.pt
2026-09-04 08:03:44,445 - BorderSurveillance - INFO - Using device: cuda
2026-09-04 08:03:44,804 - BorderSurveillance - INFO - FrameConditionClassifier initialised.
2026-09-04 08:03:44,804 - BorderSurveillance - INFO - BYTETracker initialised.
2026-09-04 08:03:44,809 - BorderSurveillance - INFO - Border crossing detector initialized with 2 border lines
2026-09-04 08:03:46,248 - BorderSurveillance - INFO - Database initialised.
2026-09-04 08:03:50,293 - BorderSurveillance - INFO - Video capture initialized with high-speed async source: 0
2026-09-04 08:03:50,299 - BorderSurveillance - INFO - Surveillance processing and alert worker threads started.
2026-09-04 08:03:50,302 - BorderSurveillance - INFO - MQTT subscribed to border/alerts
2026-09-04 08:04:05,117 - BorderSurveillance - INFO - MQTT client connected successfully
2026-09-04 08:04:30,564 - BorderSurveillance - INFO - Blockchain evidence ledger initialised
2026-09-04 08:04:30,567 - BorderSurveillance - INFO - Initializing Object Detector (YOLOv8)...
2026-09-04 08:04:30,567 - BorderSurveillance - INFO - Loading model from E:\SIH\Border-Surveillance-System\models\yolov8n.pt
2026-09-04 08:04:32,315 - BorderSurveillance - INFO - Using device: cuda
2026-09-04 08:04:32,463 - BorderSurveillance - INFO - FrameConditionClassifier initialised.
2026-09-04 08:04:32,463 - BorderSurveillance - INFO - BYTETracker initialised.
2026-09-04 08:04:32,465 - BorderSurveillance - INFO - Border crossing detector initialized with 2 border lines
2026-09-04 08:04:32,805 - BorderSurveillance - INFO - Database initialised.
2026-09-04 08:04:36,651 - BorderSurveillance - INFO - Video capture initialized with high-speed async source: 0
2026-09-04 08:04:36,653 - BorderSurveillance - INFO - Surveillance processing and alert worker threads started.
2026-09-04 08:04:36,663 - BorderSurveillance - INFO - MQTT subscribed to border/alerts
2026-09-04 08:04:50,456 - BorderSurveillance - INFO - MQTT client connected successfully
2026-09-04 08:05:17,491 - BorderSurveillance - INFO - Blockchain evidence ledger initialised
2026-09-04 08:05:17,495 - BorderSurveillance - INFO - Initializing Object Detector (YOLOv8)...
2026-09-04 08:05:17,497 - BorderSurveillance - INFO - Loading model from E:\SIH\Border-Surveillance-System\models\yolov8n.pt
2026-09-04 08:05:19,307 - BorderSurveillance - INFO - Using device: cuda
2026-09-04 08:05:19,686 - BorderSurveillance - INFO - FrameConditionClassifier initialised.
2026-09-04 08:05:19,697 - BorderSurveillance - INFO - BYTETracker initialised.
2026-09-04 08:05:19,698 - BorderSurveillance - INFO - Border crossing detector initialized with 2 border lines
2026-09-04 08:05:20,296 - BorderSurveillance - INFO - Database initialised.
2026-09-04 08:05:25,967 - BorderSurveillance - INFO - Video capture initialized with high-speed async source: 0
2026-09-04 08:05:25,990 - BorderSurveillance - INFO - Surveillance processing and alert worker threads started.
2026-09-04 08:05:26,000 - BorderSurveillance - INFO - MQTT subscribed to border/alerts
2026-09-04 08:11:51,768 - BorderSurveillance - INFO - MQTT client connected successfully
2026-09-04 08:12:19,789 - BorderSurveillance - INFO - Blockchain evidence ledger initialised
2026-09-04 08:12:19,790 - BorderSurveillance - INFO - Initializing Object Detector (YOLOv8)...
2026-09-04 08:12:19,794 - BorderSurveillance - INFO - Loading model from E:\SIH\Border-Surveillance-System\models\yolov8n.pt
2026-09-04 08:12:21,516 - BorderSurveillance - INFO - Using device: cuda
2026-09-04 08:12:21,641 - BorderSurveillance - INFO - FrameConditionClassifier initialised.
2026-09-04 08:12:21,641 - BorderSurveillance - INFO - BYTETracker initialised.
2026-09-04 08:12:21,642 - BorderSurveillance - INFO - Border crossing detector initialized with 2 border lines
2026-09-04 08:12:21,912 - BorderSurveillance - INFO - Database initialised.
2026-09-04 08:12:26,007 - BorderSurveillance - INFO - Video capture initialized with high-speed async source: 0
2026-09-04 08:12:26,012 - BorderSurveillance - INFO - Surveillance processing and alert worker threads started.
2026-09-04 08:12:26,018 - BorderSurveillance - INFO - MQTT subscribed to border/alerts
2026-09-04 08:14:56,779 - BorderSurveillance - WARNING - Database modules not available: No module named 'sqlalchemy'
2026-09-04 08:15:20,114 - BorderSurveillance - INFO - MQTT client connected successfully
2026-09-04 08:15:26,352 - BorderSurveillance - INFO - Blockchain evidence ledger initialised
2026-09-04 08:15:26,358 - BorderSurveillance - INFO - Initializing Object Detector (YOLOv8)...
2026-09-04 08:15:26,358 - BorderSurveillance - INFO - Loading model from E:\SIH\Border-Surveillance-System\models\yolov8n.pt
2026-09-04 08:15:26,651 - BorderSurveillance - INFO - Using device: cpu
2026-09-04 08:15:26,658 - BorderSurveillance - INFO - FrameConditionClassifier initialised.
2026-09-04 08:15:26,666 - BorderSurveillance - INFO - BYTETracker initialised.
2026-09-04 08:15:26,670 - BorderSurveillance - INFO - Border crossing detector initialized with 2 border lines
2026-09-04 08:15:30,939 - BorderSurveillance - INFO - Video capture initialized with high-speed async source: 0
2026-09-04 08:15:30,941 - BorderSurveillance - INFO - Surveillance processing and alert worker threads started.
2026-09-04 08:15:30,947 - BorderSurveillance - INFO - MQTT subscribed to border/alerts
2026-09-04 08:15:32,999 - BorderSurveillance - INFO - Surveillance processing thread stopped.
2026-09-04 12:27:48,097 - BorderSurveillance - WARNING - Database modules not available: No module named 'sqlalchemy'
2026-09-04 12:27:49,935 - BorderSurveillance - INFO - MQTT client connected successfully
2026-09-04 12:27:51,633 - BorderSurveillance - INFO - Blockchain evidence ledger initialised
2026-09-04 12:27:51,643 - BorderSurveillance - INFO - Initializing Object Detector (YOLOv8)...
2026-09-04 12:27:51,645 - BorderSurveillance - INFO - Loading model from E:\SIH\Border-Surveillance-System\models\yolov8n.pt
2026-09-04 12:27:52,037 - BorderSurveillance - INFO - Using device: cpu
2026-09-04 12:27:52,049 - BorderSurveillance - INFO - FrameConditionClassifier initialised.
2026-09-04 12:27:52,052 - BorderSurveillance - INFO - BYTETracker initialised.
2026-09-04 12:27:52,057 - BorderSurveillance - INFO - Border crossing detector initialized with 2 border lines
2026-09-04 12:27:57,787 - BorderSurveillance - INFO - Video capture initialized with high-speed async source: 0
2026-09-04 12:27:57,793 - BorderSurveillance - INFO - Surveillance processing and alert worker threads started.
2026-09-04 12:27:57,801 - BorderSurveillance - INFO - MQTT subscribed to border/alerts
2026-09-04 12:28:21,204 - BorderSurveillance - INFO - Video capture initialized with high-speed async source: 0
2026-09-04 12:30:47,916 - BorderSurveillance - INFO - Video capture initialized with high-speed async source: E:\SIH\Border-Surveillance-System\gettyimages-1215957003-640_adpp.mp4
2026-09-04 12:40:32,981 - BorderSurveillance - INFO - MQTT client connected successfully
2026-09-04 12:40:32,991 - BorderSurveillance - INFO - Loading model from E:\SIH\Border-Surveillance-System\models\yolov8n.pt
2026-09-04 12:40:34,815 - BorderSurveillance - INFO - Using device: cuda
2026-09-04 12:40:35,630 - BorderSurveillance - INFO - FrameConditionClassifier initialised.
2026-09-04 12:40:35,635 - BorderSurveillance - INFO - BYTETracker initialised.
2026-09-04 12:40:35,635 - BorderSurveillance - INFO - Border crossing detector initialized with 2 border lines
2026-09-04 12:44:49,465 - BorderSurveillance - INFO - MQTT client connected successfully
2026-09-04 12:55:08,373 - BorderSurveillance - INFO - MQTT client connected successfully
2026-09-04 12:56:07,815 - BorderSurveillance - INFO - MQTT client connected successfully
2026-09-04 12:57:21,649 - BorderSurveillance - INFO - MQTT client connected successfully
2026-09-04 12:58:31,618 - BorderSurveillance - INFO - Blockchain evidence ledger initialised
2026-09-04 12:58:31,623 - BorderSurveillance - INFO - Initializing Object Detector (YOLOv8)...
2026-09-04 12:58:31,623 - BorderSurveillance - INFO - Loading model from E:\SIH\Border-Surveillance-System\models\yolov8n.pt
2026-09-04 12:58:33,511 - BorderSurveillance - INFO - Using device: cuda
2026-09-04 12:58:33,755 - BorderSurveillance - INFO - YOLOv8 accelerated with native CUDA FP16 Tensor Cores.
2026-09-04 12:58:33,756 - BorderSurveillance - INFO - FrameConditionClassifier initialised.
2026-09-04 12:58:33,757 - BorderSurveillance - INFO - BYTETracker initialised.
2026-09-04 12:58:33,757 - BorderSurveillance - INFO - Border crossing detector initialized with 2 border lines
2026-09-04 12:58:34,258 - BorderSurveillance - INFO - Database initialised.
2026-09-04 12:58:34,328 - BorderSurveillance - INFO - Video capture initialized with high-speed async source: gettyimages-1215957003-640_adpp.mp4
2026-09-04 12:58:34,330 - BorderSurveillance - INFO - Surveillance processing and alert worker threads started.
2026-09-04 12:58:34,333 - BorderSurveillance - INFO - MQTT subscribed to border/alerts
2026-09-04 12:58:35,905 - BorderSurveillance - INFO - Surveillance processing thread stopped.
2026-09-04 13:00:33,186 - BorderSurveillance - INFO - MQTT client connected successfully
2026-09-04 13:01:08,424 - BorderSurveillance - INFO - Blockchain evidence ledger initialised
2026-09-04 13:01:08,426 - BorderSurveillance - INFO - Initializing Object Detector (YOLOv8)...
2026-09-04 13:01:08,427 - BorderSurveillance - INFO - Loading model from E:\SIH\Border-Surveillance-System\models\yolov8n.pt
2026-09-04 13:01:10,118 - BorderSurveillance - INFO - Using device: cuda
2026-09-04 13:01:10,247 - BorderSurveillance - INFO - YOLOv8 accelerated with native CUDA FP16 Tensor Cores.
2026-09-04 13:01:10,248 - BorderSurveillance - INFO - FrameConditionClassifier initialised.
2026-09-04 13:01:10,248 - BorderSurveillance - INFO - BYTETracker initialised.
2026-09-04 13:01:10,249 - BorderSurveillance - INFO - Border crossing detector initialized with 2 border lines
2026-09-04 13:01:10,500 - BorderSurveillance - INFO - Database initialised.
2026-09-04 13:01:10,546 - BorderSurveillance - INFO - Video capture initialized with high-speed async source: gettyimages-1215957003-640_adpp.mp4
2026-09-04 13:01:10,552 - BorderSurveillance - INFO - Surveillance processing and alert worker threads started.
2026-09-04 13:01:10,557 - BorderSurveillance - INFO - MQTT subscribed to border/alerts
2026-09-04 13:04:06,654 - BorderSurveillance - INFO - MQTT client connected successfully
2026-09-04 13:04:44,402 - BorderSurveillance - INFO - Blockchain evidence ledger initialised
2026-09-04 13:04:44,405 - BorderSurveillance - INFO - Initializing Object Detector (YOLOv8)...
2026-09-04 13:04:44,406 - BorderSurveillance - INFO - Loading model from E:\SIH\Border-Surveillance-System\models\yolov8n.pt
2026-09-04 13:04:46,107 - BorderSurveillance - INFO - Using device: cuda
2026-09-04 13:04:46,233 - BorderSurveillance - INFO - YOLOv8 accelerated with native CUDA FP16 Tensor Cores.
2026-09-04 13:04:46,234 - BorderSurveillance - INFO - FrameConditionClassifier initialised.
2026-09-04 13:04:46,234 - BorderSurveillance - INFO - BYTETracker initialised.
2026-09-04 13:04:46,234 - BorderSurveillance - INFO - Border crossing detector initialized with 2 border lines
2026-09-04 13:04:46,475 - BorderSurveillance - INFO - Database initialised.
2026-09-04 13:04:46,510 - BorderSurveillance - INFO - Video capture initialized with high-speed async source: gettyimages-1215957003-640_adpp.mp4
2026-09-04 13:04:46,511 - BorderSurveillance - INFO - Surveillance processing and alert worker threads started.
2026-09-04 13:04:46,514 - BorderSurveillance - INFO - MQTT subscribed to border/alerts
2026-09-04 13:06:22,736 - BorderSurveillance - WARNING - Database modules not available: No module named 'sqlalchemy'
2026-09-04 13:06:24,578 - BorderSurveillance - INFO - MQTT client connected successfully
2026-09-04 13:06:26,436 - BorderSurveillance - INFO - Blockchain evidence ledger initialised
2026-09-04 13:06:26,445 - BorderSurveillance - INFO - Initializing Object Detector (YOLOv8)...
2026-09-04 13:06:26,449 - BorderSurveillance - INFO - Loading model from E:\SIH\Border-Surveillance-System\models\yolov8n.pt
2026-09-04 13:06:26,803 - BorderSurveillance - INFO - Using device: cpu
2026-09-04 13:06:26,817 - BorderSurveillance - INFO - FrameConditionClassifier initialised.
2026-09-04 13:06:26,819 - BorderSurveillance - INFO - BYTETracker initialised.
2026-09-04 13:06:26,821 - BorderSurveillance - INFO - Border crossing detector initialized with 2 border lines
2026-09-04 13:06:27,213 - BorderSurveillance - INFO - Video capture initialized with high-speed async source: gettyimages-1215957003-640_adpp.mp4
2026-09-04 13:06:27,218 - BorderSurveillance - INFO - Surveillance processing and alert worker threads started.
2026-09-04 13:06:27,240 - BorderSurveillance - INFO - MQTT subscribed to border/alerts
2026-09-04 13:06:28,837 - BorderSurveillance - INFO - Surveillance processing thread stopped.
2026-09-04 13:06:47,498 - BorderSurveillance - INFO - Video capture initialized with high-speed async source: 0
2026-09-04 13:09:02,726 - BorderSurveillance - WARNING - Database modules not available: No module named 'sqlalchemy'
2026-09-04 13:09:04,410 - BorderSurveillance - INFO - MQTT client connected successfully
2026-09-04 13:09:05,132 - BorderSurveillance - INFO - Blockchain evidence ledger initialised
2026-09-04 13:09:05,132 - BorderSurveillance - INFO - Initializing Object Detector (YOLOv8)...
2026-09-04 13:09:05,132 - BorderSurveillance - INFO - Loading model from E:\SIH\Border-Surveillance-System\models\yolov8n.pt
2026-09-04 13:09:05,502 - BorderSurveillance - INFO - Using device: cpu
2026-09-04 13:09:05,505 - BorderSurveillance - INFO - FrameConditionClassifier initialised.
2026-09-04 13:09:05,517 - BorderSurveillance - INFO - BYTETracker initialised.
2026-09-04 13:09:05,519 - BorderSurveillance - INFO - Border crossing detector initialized with 2 border lines
2026-09-04 13:09:05,853 - BorderSurveillance - INFO - Video capture initialized with high-speed async source: gettyimages-1215957003-640_adpp.mp4
2026-09-04 13:09:05,857 - BorderSurveillance - INFO - Surveillance processing and alert worker threads started.
2026-09-04 13:09:05,865 - BorderSurveillance - INFO - MQTT subscribed to border/alerts
2026-09-04 13:09:44,094 - BorderSurveillance - INFO - Video capture initialized with high-speed async source: 0
2026-09-04 13:11:04,849 - BorderSurveillance - INFO - Surveillance processing thread stopped.
2026-09-04 13:11:25,814 - BorderSurveillance - INFO - MQTT client connected successfully
2026-09-04 13:12:04,488 - BorderSurveillance - INFO - Blockchain evidence ledger initialised
2026-09-04 13:12:04,489 - BorderSurveillance - INFO - Initializing Object Detector (YOLOv8)...
2026-09-04 13:12:04,489 - BorderSurveillance - INFO - Loading model from E:\SIH\Border-Surveillance-System\models\yolov8n.pt
2026-09-04 13:12:06,189 - BorderSurveillance - INFO - Using device: cuda
2026-09-04 13:12:06,318 - BorderSurveillance - INFO - YOLOv8 accelerated with native CUDA FP16 Tensor Cores.
2026-09-04 13:12:06,319 - BorderSurveillance - INFO - FrameConditionClassifier initialised.
2026-09-04 13:12:06,319 - BorderSurveillance - INFO - BYTETracker initialised.
2026-09-04 13:12:06,319 - BorderSurveillance - INFO - Border crossing detector initialized with 2 border lines
2026-09-04 13:12:06,550 - BorderSurveillance - INFO - Video capture initialized with high-speed async source: gettyimages-1215957003-640_adpp.mp4
2026-09-04 13:12:06,552 - BorderSurveillance - INFO - Surveillance processing and alert worker threads started.
2026-09-04 13:12:13,722 - BorderSurveillance - INFO - Surveillance processing thread stopped.
2026-09-04 13:17:13,848 - BorderSurveillance - INFO - MQTT client connected successfully
2026-09-04 13:17:13,852 - BorderSurveillance - INFO - Loading model from E:\SIH\Border-Surveillance-System\models\yolov8n.pt
2026-09-04 13:17:15,550 - BorderSurveillance - INFO - Using device: cuda
2026-09-04 13:17:15,674 - BorderSurveillance - INFO - YOLOv8 accelerated with native CUDA FP16 Tensor Cores.
2026-09-04 13:17:15,675 - BorderSurveillance - INFO - FrameConditionClassifier initialised.
2026-09-04 13:17:15,675 - BorderSurveillance - INFO - BYTETracker initialised.
2026-09-04 13:17:41,638 - BorderSurveillance - INFO - MQTT client connected successfully
2026-09-04 13:18:17,627 - BorderSurveillance - INFO - Blockchain evidence ledger initialised
2026-09-04 13:18:17,630 - BorderSurveillance - INFO - Initializing Object Detector (YOLOv8)...
2026-09-04 13:18:17,630 - BorderSurveillance - INFO - Loading model from E:\SIH\Border-Surveillance-System\models\yolov8n.pt
2026-09-04 13:18:19,336 - BorderSurveillance - INFO - Using device: cuda
2026-09-04 13:18:19,467 - BorderSurveillance - INFO - YOLOv8 accelerated with native CUDA FP16 Tensor Cores.
2026-09-04 13:18:19,467 - BorderSurveillance - INFO - FrameConditionClassifier initialised.
2026-09-04 13:18:19,467 - BorderSurveillance - INFO - BYTETracker initialised.
2026-09-04 13:18:19,467 - BorderSurveillance - INFO - Border crossing detector initialized with 2 border lines
2026-09-04 13:18:19,731 - BorderSurveillance - INFO - Video capture initialized with high-speed async source: gettyimages-1215957003-640_adpp.mp4
2026-09-04 13:21:26,965 - BorderSurveillance - INFO - MQTT client connected successfully
2026-09-04 13:22:04,638 - BorderSurveillance - INFO - Blockchain evidence ledger initialised
2026-09-04 13:22:04,640 - BorderSurveillance - INFO - Initializing Object Detector (YOLOv8)...
2026-09-04 13:22:04,640 - BorderSurveillance - INFO - Loading model from E:\SIH\Border-Surveillance-System\models\yolov8n.pt
2026-09-04 13:22:06,332 - BorderSurveillance - INFO - Using device: cuda
2026-09-04 13:22:06,458 - BorderSurveillance - INFO - YOLOv8 accelerated with native CUDA FP16 Tensor Cores.
2026-09-04 13:22:06,459 - BorderSurveillance - INFO - FrameConditionClassifier initialised.
2026-09-04 13:22:06,459 - BorderSurveillance - INFO - BYTETracker initialised.
2026-09-04 13:22:06,460 - BorderSurveillance - INFO - Border crossing detector initialized with 2 border lines
2026-09-04 13:22:06,698 - BorderSurveillance - INFO - Database initialised.
2026-09-04 13:22:06,732 - BorderSurveillance - INFO - Video capture initialized with high-speed async source: gettyimages-1215957003-640_adpp.mp4
2026-09-04 13:22:06,735 - BorderSurveillance - INFO - Surveillance processing and alert worker threads started.
2026-09-04 13:22:06,737 - BorderSurveillance - INFO - MQTT subscribed to border/alerts
2026-09-04 13:23:33,343 - BorderSurveillance - INFO - Video capture initialized with high-speed async source: 0
2026-09-04 13:47:07,614 - BorderSurveillance - INFO - MQTT client connected successfully
2026-09-04 13:47:46,020 - BorderSurveillance - INFO - Blockchain evidence ledger initialised
2026-09-04 13:47:46,024 - BorderSurveillance - INFO - Initializing Object Detector (YOLOv8)...
2026-09-04 13:47:46,024 - BorderSurveillance - INFO - Loading model from E:\SIH\Border-Surveillance-System\models\yolov8n.pt
2026-09-04 13:47:47,923 - BorderSurveillance - INFO - Using device: cuda
2026-09-04 13:47:48,342 - BorderSurveillance - INFO - YOLOv8 accelerated with native CUDA FP16 Tensor Cores.
2026-09-04 13:47:48,342 - BorderSurveillance - INFO - FrameConditionClassifier initialised.
2026-09-04 13:47:48,342 - BorderSurveillance - INFO - BYTETracker initialised.
2026-09-04 13:47:48,342 - BorderSurveillance - INFO - Border crossing detector initialized with 2 border lines
2026-09-04 13:47:48,880 - BorderSurveillance - INFO - Database initialised.
2026-09-04 13:47:48,991 - BorderSurveillance - INFO - Video capture initialized with high-speed async source: gettyimages-1215957003-640_adpp.mp4
2026-09-04 13:47:48,991 - BorderSurveillance - INFO - Surveillance processing and alert worker threads started.
2026-09-04 13:47:49,008 - BorderSurveillance - INFO - MQTT subscribed to border/alerts
2026-09-04 13:47:58,491 - BorderSurveillance - WARNING - Blockchain auto-commit error: 'EvidenceChain' object has no attribute 'commit_alert'
2026-09-04 13:47:59,756 - BorderSurveillance - INFO - Video capture initialized with high-speed async source: E:\SIH\Border-Surveillance-System\gettyimages-1215957003-640_adpp.mp4
2026-09-04 13:50:33,451 - BorderSurveillance - INFO - MQTT client connected successfully
2026-09-04 13:51:15,914 - BorderSurveillance - INFO - Blockchain evidence ledger initialised
2026-09-04 13:51:15,923 - BorderSurveillance - INFO - Initializing Object Detector (YOLOv8)...
2026-09-04 13:51:15,925 - BorderSurveillance - INFO - Loading model from E:\SIH\Border-Surveillance-System\models\yolov8n.pt
2026-09-04 13:51:17,800 - BorderSurveillance - INFO - Using device: cuda
2026-09-04 13:51:18,227 - BorderSurveillance - INFO - YOLOv8 accelerated with native CUDA FP16 Tensor Cores.
2026-09-04 13:51:18,230 - BorderSurveillance - INFO - FrameConditionClassifier initialised.
2026-09-04 13:51:18,230 - BorderSurveillance - INFO - BYTETracker initialised.
2026-09-04 13:51:18,230 - BorderSurveillance - INFO - Border crossing detector initialized with 2 border lines
2026-09-04 13:51:18,744 - BorderSurveillance - INFO - Database initialised.
2026-09-04 13:51:18,850 - BorderSurveillance - INFO - Video capture initialized with high-speed async source: gettyimages-1215957003-640_adpp.mp4
2026-09-04 13:51:18,853 - BorderSurveillance - INFO - Surveillance processing and alert worker threads started.
2026-09-04 13:51:18,861 - BorderSurveillance - INFO - MQTT subscribed to border/alerts
2026-09-04 13:51:26,111 - BorderSurveillance - WARNING - Blockchain auto-commit error: 'EvidenceChain' object has no attribute 'commit_alert'
2026-09-04 13:51:30,642 - BorderSurveillance - INFO - Video capture initialized with high-speed async source: E:\SIH\Border-Surveillance-System\gettyimages-1215957003-640_adpp.mp4
2026-09-04 13:51:58,756 - BorderSurveillance - WARNING - Sync queue error: (sqlite3.OperationalError) database is locked
[SQL: INSERT INTO evidence (event_id, alert_id, camera_id, snapshot_path, clip_path, thumbnail_path, sync_status, created_at) VALUES (?, ?, ?, ?, ?, ?, ?, ?)]
[parameters: (192, 195, 'cam_0', 'E:\\SIH\\Border-Surveillance-System\\output\\snapshots\\border_crossing_20260904-135125.jpg', None, 'E:\\SIH\\Border-Surveillance-System\\output\\snapshots\\border_crossing_20260904-135125.jpg', 'metadata_only', '2026-09-04 08:21:26.111618')]
(Background on this error at: https://sqlalche.me/e/20/e3q8)
2026-09-04 13:51:58,800 - BorderSurveillance - WARNING - Blockchain auto-commit error: 'EvidenceChain' object has no attribute 'commit_alert'
2026-09-04 13:54:04,099 - BorderSurveillance - INFO - MQTT client connected successfully
2026-09-04 13:54:43,599 - BorderSurveillance - INFO - Blockchain evidence ledger initialised
2026-09-04 13:54:43,601 - BorderSurveillance - INFO - Initializing Object Detector (YOLOv8)...
2026-09-04 13:54:43,601 - BorderSurveillance - INFO - Loading model from E:\SIH\Border-Surveillance-System\models\yolov8n.pt
2026-09-04 13:54:45,296 - BorderSurveillance - INFO - Using device: cuda
2026-09-04 13:54:45,428 - BorderSurveillance - INFO - YOLOv8 accelerated with native CUDA FP16 Tensor Cores.
2026-09-04 13:54:45,429 - BorderSurveillance - INFO - FrameConditionClassifier initialised.
2026-09-04 13:54:45,429 - BorderSurveillance - INFO - BYTETracker initialised.
2026-09-04 13:54:45,429 - BorderSurveillance - INFO - Border crossing detector initialized with 2 border lines
2026-09-04 13:54:45,666 - BorderSurveillance - INFO - Database initialised.
2026-09-04 13:54:45,702 - BorderSurveillance - INFO - Video capture initialized with high-speed async source: gettyimages-1215957003-640_adpp.mp4
2026-09-04 13:54:45,703 - BorderSurveillance - INFO - Surveillance processing and alert worker threads started.
2026-09-04 13:54:45,705 - BorderSurveillance - INFO - MQTT subscribed to border/alerts
2026-09-04 13:54:49,930 - BorderSurveillance - WARNING - Blockchain auto-commit error: 'EvidenceChain' object has no attribute 'commit_alert'
2026-09-04 13:54:57,987 - BorderSurveillance - INFO - Video capture initialized with high-speed async source: E:\SIH\Border-Surveillance-System\gettyimages-1215957003-640_adpp.mp4
2026-09-04 13:55:22,661 - BorderSurveillance - WARNING - Sync queue error: (sqlite3.OperationalError) database is locked
[SQL: INSERT INTO evidence (event_id, alert_id, camera_id, snapshot_path, clip_path, thumbnail_path, sync_status, created_at) VALUES (?, ?, ?, ?, ?, ?, ?, ?)]
[parameters: (193, 196, 'cam_0', 'E:\\SIH\\Border-Surveillance-System\\output\\snapshots\\border_crossing_20260904-135449.jpg', None, 'E:\\SIH\\Border-Surveillance-System\\output\\snapshots\\border_crossing_20260904-135449.jpg', 'metadata_only', '2026-09-04 08:24:49.930048')]
(Background on this error at: https://sqlalche.me/e/20/e3q8)
2026-09-04 13:55:22,670 - BorderSurveillance - WARNING - Blockchain auto-commit error: 'EvidenceChain' object has no attribute 'commit_alert'
2026-09-04 14:04:05,551 - BorderSurveillance - WARNING - Database modules not available: No module named 'sqlalchemy'
2026-09-04 14:04:07,147 - BorderSurveillance - INFO - MQTT client connected successfully
2026-09-04 14:04:07,789 - BorderSurveillance - INFO - Blockchain evidence ledger initialised
2026-09-04 14:04:07,793 - BorderSurveillance - INFO - Initializing Object Detector (YOLOv8)...
2026-09-04 14:04:07,793 - BorderSurveillance - INFO - Loading model from E:\SIH\Border-Surveillance-System\models\yolov8n.pt
2026-09-04 14:04:07,900 - BorderSurveillance - INFO - Using device: cpu
2026-09-04 14:04:07,903 - BorderSurveillance - INFO - FrameConditionClassifier initialised.
2026-09-04 14:04:07,903 - BorderSurveillance - INFO - BYTETracker initialised.
2026-09-04 14:04:07,903 - BorderSurveillance - INFO - Border crossing detector initialized with 2 border lines
2026-09-04 14:04:08,059 - BorderSurveillance - INFO - Video capture initialized with high-speed async source: gettyimages-1215957003-640_adpp.mp4
2026-09-04 14:04:08,067 - BorderSurveillance - INFO - Surveillance processing and alert worker threads started.
2026-09-04 14:04:08,070 - BorderSurveillance - INFO - MQTT subscribed to border/alerts
2026-09-04 14:04:33,457 - BorderSurveillance - INFO - Video capture initialized with high-speed async source: 0
2026-09-04 14:05:53,717 - BorderSurveillance - INFO - Surveillance processing thread stopped.
2026-09-04 15:35:28,633 - BorderSurveillance - WARNING - Database modules not available: No module named 'sqlalchemy'
2026-09-04 15:35:30,393 - BorderSurveillance - INFO - MQTT client connected successfully
2026-09-04 15:35:31,143 - BorderSurveillance - INFO - Blockchain evidence ledger initialised
2026-09-04 15:35:31,145 - BorderSurveillance - INFO - Initializing Object Detector (YOLOv8)...
2026-09-04 15:35:31,145 - BorderSurveillance - INFO - Loading model from E:\SIH\Border-Surveillance-System\models\yolov8n.pt
2026-09-04 15:35:31,245 - BorderSurveillance - INFO - Using device: cpu
2026-09-04 15:35:31,245 - BorderSurveillance - INFO - FrameConditionClassifier initialised.
2026-09-04 15:35:31,245 - BorderSurveillance - INFO - BYTETracker initialised.
2026-09-04 15:35:31,245 - BorderSurveillance - INFO - Border crossing detector initialized with 2 border lines
2026-09-04 15:35:31,355 - BorderSurveillance - INFO - Video capture initialized with high-speed async source: gettyimages-1215957003-640_adpp.mp4
2026-09-04 15:35:31,355 - BorderSurveillance - INFO - Surveillance processing and alert worker threads started.
2026-09-04 15:35:31,355 - BorderSurveillance - INFO - MQTT subscribed to border/alerts
2026-09-04 16:08:18,117 - BorderSurveillance - INFO - Blockchain evidence ledger initialised
2026-09-04 16:08:18,119 - BorderSurveillance - INFO - Initializing Object Detector (YOLOv8)...
2026-09-04 16:08:18,119 - BorderSurveillance - INFO - Loading model from E:\SIH\Border-Surveillance-System\models\yolov8n.pt
2026-09-04 16:08:19,851 - BorderSurveillance - INFO - Using device: cuda
2026-09-04 16:08:19,991 - BorderSurveillance - INFO - YOLOv8 accelerated with native CUDA FP16 Tensor Cores.
2026-09-04 16:08:19,996 - BorderSurveillance - INFO - FrameConditionClassifier initialised.
2026-09-04 16:08:19,996 - BorderSurveillance - INFO - BYTETracker initialised.
2026-09-04 16:08:19,996 - BorderSurveillance - INFO - Border crossing detector initialized with 2 border lines
2026-09-04 16:08:20,273 - BorderSurveillance - INFO - Database initialised.
2026-09-04 16:08:20,314 - BorderSurveillance - INFO - Video capture initialized with high-speed async source: gettyimages-1215957003-640_adpp.mp4
2026-09-04 16:08:20,324 - BorderSurveillance - INFO - Surveillance processing and alert worker threads started.
2026-09-04 16:08:23,583 - BorderSurveillance - WARNING - Blockchain auto-commit error: 'EvidenceChain' object has no attribute 'commit_alert'
2026-09-04 16:08:34,030 - BorderSurveillance - INFO - Video capture initialized with high-speed async source: E:\SIH\Border-Surveillance-System\gettyimages-1215957003-640_adpp.mp4
2026-09-04 16:08:56,468 - BorderSurveillance - WARNING - Sync queue error: (sqlite3.OperationalError) database is locked
[SQL: INSERT INTO evidence (event_id, alert_id, camera_id, snapshot_path, clip_path, thumbnail_path, sync_status, created_at) VALUES (?, ?, ?, ?, ?, ?, ?, ?)]
[parameters: (194, 197, 'cam_0', 'E:\\SIH\\Border-Surveillance-System\\output\\snapshots\\border_crossing_20260904-160823.jpg', None, 'E:\\SIH\\Border-Surveillance-System\\output\\snapshots\\border_crossing_20260904-160823.jpg', 'metadata_only', '2026-09-04 10:38:23.583842')]
(Background on this error at: https://sqlalche.me/e/20/e3q8)
2026-09-04 16:08:56,483 - BorderSurveillance - WARNING - Blockchain auto-commit error: 'EvidenceChain' object has no attribute 'commit_alert'
2026-09-04 16:09:29,179 - BorderSurveillance - WARNING - Sync queue error: (sqlite3.OperationalError) database is locked
[SQL: INSERT INTO evidence (event_id, alert_id, camera_id, snapshot_path, clip_path, thumbnail_path, sync_status, created_at) VALUES (?, ?, ?, ?, ?, ?, ?, ?)]
[parameters: (195, 198, 'cam_0', 'E:\\SIH\\Border-Surveillance-System\\output\\snapshots\\border_crossing_20260904-160856.jpg', None, 'E:\\SIH\\Border-Surveillance-System\\output\\snapshots\\border_crossing_20260904-160856.jpg', 'metadata_only', '2026-09-04 10:38:56.487262')]
(Background on this error at: https://sqlalche.me/e/20/e3q8)
2026-09-04 16:09:29,196 - BorderSurveillance - WARNING - Blockchain auto-commit error: 'EvidenceChain' object has no attribute 'commit_alert'
2026-09-04 16:20:52,435 - BorderSurveillance - INFO - Blockchain evidence ledger initialised
2026-09-04 16:20:52,440 - BorderSurveillance - INFO - Initializing Object Detector (YOLOv8)...
2026-09-04 16:20:52,442 - BorderSurveillance - INFO - Loading model from E:\SIH\Border-Surveillance-System\models\yolov8n.pt
2026-09-04 16:20:54,226 - BorderSurveillance - INFO - Using device: cuda
2026-09-04 16:20:54,363 - BorderSurveillance - INFO - YOLOv8 accelerated with native CUDA FP16 Tensor Cores.
2026-09-04 16:20:54,363 - BorderSurveillance - INFO - FrameConditionClassifier initialised.
2026-09-04 16:20:54,363 - BorderSurveillance - INFO - BYTETracker initialised.
2026-09-04 16:20:54,363 - BorderSurveillance - INFO - Border crossing detector initialized with 2 border lines
2026-09-04 16:20:54,621 - BorderSurveillance - INFO - Database initialised.
2026-09-04 16:20:54,677 - BorderSurveillance - INFO - Video capture initialized with high-speed async source: gettyimages-1215957003-640_adpp.mp4
2026-09-04 16:20:54,679 - BorderSurveillance - INFO - Surveillance processing and alert worker threads started.
2026-09-04 16:20:59,240 - BorderSurveillance - WARNING - Blockchain auto-commit error: 'EvidenceChain' object has no attribute 'commit_alert'
2026-09-04 16:21:09,101 - BorderSurveillance - INFO - Video capture initialized with high-speed async source: E:\SIH\Border-Surveillance-System\gettyimages-1215957003-640_adpp.mp4
2026-09-04 16:21:31,961 - BorderSurveillance - WARNING - Sync queue error: (sqlite3.OperationalError) database is locked
[SQL: INSERT INTO evidence (event_id, alert_id, camera_id, snapshot_path, clip_path, thumbnail_path, sync_status, created_at) VALUES (?, ?, ?, ?, ?, ?, ?, ?)]
[parameters: (196, 199, 'cam_0', 'E:\\SIH\\Border-Surveillance-System\\output\\snapshots\\border_crossing_20260904-162059.jpg', None, 'E:\\SIH\\Border-Surveillance-System\\output\\snapshots\\border_crossing_20260904-162059.jpg', 'metadata_only', '2026-09-04 10:50:59.240692')]
(Background on this error at: https://sqlalche.me/e/20/e3q8)
2026-09-04 16:21:32,007 - BorderSurveillance - WARNING - Blockchain auto-commit error: 'EvidenceChain' object has no attribute 'commit_alert'
2026-09-04 22:53:36,692 - BorderSurveillance - WARNING - Database modules not available: No module named 'sqlalchemy'
2026-09-04 22:54:11,282 - BorderSurveillance - WARNING - Database modules not available: No module named 'sqlalchemy'
2026-09-04 22:54:15,329 - BorderSurveillance - INFO - Blockchain evidence ledger initialised
2026-09-04 22:54:15,329 - BorderSurveillance - INFO - Initializing Object Detector (YOLOv8)...
2026-09-04 22:54:15,329 - BorderSurveillance - INFO - Loading model from E:\SIH\Border-Surveillance-System\models\yolov8n.pt
2026-09-04 22:54:15,469 - BorderSurveillance - INFO - Using device: cpu
2026-09-04 22:54:15,471 - BorderSurveillance - INFO - FrameConditionClassifier initialised.
2026-09-04 22:54:15,473 - BorderSurveillance - INFO - BYTETracker initialised.
2026-09-04 22:54:15,473 - BorderSurveillance - INFO - Border crossing detector initialized with 2 border lines
2026-09-04 22:54:16,168 - BorderSurveillance - INFO - Video capture initialized with high-speed async source: gettyimages-1215957003-640_adpp.mp4
2026-09-04 22:54:16,169 - BorderSurveillance - INFO - Surveillance processing and alert worker threads started.
2026-09-04 22:54:43,392 - BorderSurveillance - INFO - Video capture initialized with high-speed async source: 0
2026-09-04 22:54:51,894 - BorderSurveillance - INFO - Video capture initialized with high-speed async source: E:\SIH\Border-Surveillance-System\gettyimages-1215957003-640_adpp.mp4
2026-09-04 22:54:58,124 - BorderSurveillance - INFO - Video capture initialized with high-speed async source: 0
2026-09-04 22:59:41,700 - BorderSurveillance - INFO - Video capture initialized with high-speed async source: E:\SIH\Border-Surveillance-System\gettyimages-1215957003-640_adpp.mp4
2026-09-04 23:06:51,940 - BorderSurveillance - INFO - Blockchain evidence ledger initialised
2026-09-04 23:06:51,949 - BorderSurveillance - INFO - Initializing Object Detector (YOLOv8)...
2026-09-04 23:06:51,951 - BorderSurveillance - INFO - Loading model from E:\SIH\Border-Surveillance-System\models\yolov8n.pt
2026-09-04 23:06:53,867 - BorderSurveillance - INFO - Using device: cuda
2026-09-04 23:06:54,256 - BorderSurveillance - INFO - YOLOv8 accelerated with native CUDA FP16 Tensor Cores.
2026-09-04 23:06:54,259 - BorderSurveillance - INFO - FrameConditionClassifier initialised.
2026-09-04 23:06:54,260 - BorderSurveillance - INFO - BYTETracker initialised.
2026-09-04 23:06:54,261 - BorderSurveillance - INFO - Border crossing detector initialized with 2 border lines
2026-09-04 23:11:04,521 - BorderSurveillance - INFO - Blockchain evidence ledger initialised
2026-09-04 23:11:04,533 - BorderSurveillance - INFO - Initializing Object Detector (YOLOv8)...
2026-09-04 23:11:04,535 - BorderSurveillance - INFO - Loading model from E:\SIH\Border-Surveillance-System\models\yolov8n.pt
2026-09-04 23:11:04,706 - BorderSurveillance - INFO - Using device: cpu
2026-09-04 23:11:04,730 - BorderSurveillance - INFO - FrameConditionClassifier initialised.
2026-09-04 23:11:04,732 - BorderSurveillance - INFO - BYTETracker initialised.
2026-09-04 23:11:04,733 - BorderSurveillance - INFO - Border crossing detector initialized with 2 border lines
2026-09-04 23:16:31,478 - BorderSurveillance - INFO - Blockchain evidence ledger initialised
2026-09-04 23:16:31,487 - BorderSurveillance - INFO - Initializing Object Detector (YOLOv8)...
2026-09-04 23:16:31,487 - BorderSurveillance - INFO - Loading model from E:\SIH\Border-Surveillance-System\models\yolov8n.pt
2026-09-04 23:16:31,530 - BorderSurveillance - INFO - Using device: cpu
2026-09-04 23:16:31,539 - BorderSurveillance - INFO - FrameConditionClassifier initialised.
2026-09-04 23:16:31,539 - BorderSurveillance - INFO - BYTETracker initialised.
2026-09-04 23:16:31,539 - BorderSurveillance - INFO - Border crossing detector initialized with 2 border lines
2026-09-04 23:16:31,746 - BorderSurveillance - INFO - Database initialised.
2026-09-04 23:16:31,786 - BorderSurveillance - INFO - Video capture initialized with high-speed async source: gettyimages-1215957003-640_adpp.mp4
2026-09-04 23:16:31,792 - BorderSurveillance - INFO - Surveillance processing and alert worker threads started.
2026-09-04 23:17:52,830 - BorderSurveillance - INFO - Blockchain evidence ledger initialised
2026-09-04 23:17:52,830 - BorderSurveillance - INFO - Initializing Object Detector (YOLOv8)...
2026-09-04 23:17:52,830 - BorderSurveillance - INFO - Loading model from E:\SIH\Border-Surveillance-System\models\yolov8n.pt
2026-09-04 23:17:52,889 - BorderSurveillance - INFO - Using device: cpu
2026-09-04 23:17:52,892 - BorderSurveillance - INFO - FrameConditionClassifier initialised.
2026-09-04 23:17:52,892 - BorderSurveillance - INFO - BYTETracker initialised.
2026-09-04 23:17:52,892 - BorderSurveillance - INFO - Border crossing detector initialized with 2 border lines
2026-09-04 23:17:53,005 - BorderSurveillance - INFO - Database initialised.
2026-09-04 23:17:53,039 - BorderSurveillance - INFO - Video capture initialized with high-speed async source: gettyimages-1215957003-640_adpp.mp4
2026-09-04 23:17:53,041 - BorderSurveillance - INFO - Surveillance processing and alert worker threads started.
2026-09-04 23:18:05,532 - BorderSurveillance - INFO - Video capture initialized with high-speed async source: 0
2026-09-04 23:18:31,798 - BorderSurveillance - WARNING - Sync queue error: (sqlite3.OperationalError) database is locked
[SQL: INSERT INTO evidence (event_id, alert_id, camera_id, snapshot_path, clip_path, thumbnail_path, sync_status, created_at) VALUES (?, ?, ?, ?, ?, ?, ?, ?)]
[parameters: (197, 200, 'cam_0', 'E:\\SIH\\Border-Surveillance-System\\output\\snapshots\\border_crossing_20260904-231757.jpg', None, 'E:\\SIH\\Border-Surveillance-System\\output\\snapshots\\border_crossing_20260904-231757.jpg', 'metadata_only', '2026-09-04 17:47:57.444552')]
(Background on this error at: https://sqlalche.me/e/20/e3q8)
2026-09-04 23:19:05,383 - BorderSurveillance - WARNING - Sync queue error: (sqlite3.OperationalError) database is locked
[SQL: INSERT INTO evidence (event_id, alert_id, camera_id, snapshot_path, clip_path, thumbnail_path, sync_status, created_at) VALUES (?, ?, ?, ?, ?, ?, ?, ?)]
[parameters: (198, 201, 'cam_0', 'E:\\SIH\\Border-Surveillance-System\\output\\snapshots\\border_crossing_20260904-231831.jpg', None, 'E:\\SIH\\Border-Surveillance-System\\output\\snapshots\\border_crossing_20260904-231831.jpg', 'metadata_only', '2026-09-04 17:48:32.093574')]
(Background on this error at: https://sqlalche.me/e/20/e3q8)
2026-09-04 23:19:38,854 - BorderSurveillance - WARNING - Sync queue error: (sqlite3.OperationalError) database is locked
[SQL: INSERT INTO evidence (event_id, alert_id, camera_id, snapshot_path, clip_path, thumbnail_path, sync_status, created_at) VALUES (?, ?, ?, ?, ?, ?, ?, ?)]
[parameters: (199, 202, 'cam_0', 'E:\\SIH\\Border-Surveillance-System\\output\\snapshots\\crawling_20260904-231905.jpg', None, 'E:\\SIH\\Border-Surveillance-System\\output\\snapshots\\crawling_20260904-231905.jpg', 'metadata_only', '2026-09-04 17:49:05.507537')]
(Background on this error at: https://sqlalche.me/e/20/e3q8)
2026-09-04 23:20:12,179 - BorderSurveillance - WARNING - Sync queue error: (sqlite3.OperationalError) database is locked
[SQL: INSERT INTO evidence (event_id, alert_id, camera_id, snapshot_path, clip_path, thumbnail_path, sync_status, created_at) VALUES (?, ?, ?, ?, ?, ?, ?, ?)]
[parameters: (200, 203, 'cam_0', 'E:\\SIH\\Border-Surveillance-System\\output\\snapshots\\border_crossing_20260904-231938.jpg', None, 'E:\\SIH\\Border-Surveillance-System\\output\\snapshots\\border_crossing_20260904-231938.jpg', 'metadata_only', '2026-09-04 17:49:38.932112')]
(Background on this error at: https://sqlalche.me/e/20/e3q8)
2026-09-04 23:23:19,588 - BorderSurveillance - INFO - Blockchain evidence ledger initialised
2026-09-04 23:23:19,593 - BorderSurveillance - INFO - Initializing Object Detector (YOLOv8)...
2026-09-04 23:23:19,594 - BorderSurveillance - INFO - Loading model from E:\SIH\Border-Surveillance-System\models\yolov8n.pt
2026-09-04 23:23:19,645 - BorderSurveillance - INFO - Using device: cpu
2026-09-04 23:23:19,654 - BorderSurveillance - INFO - FrameConditionClassifier initialised.
2026-09-04 23:23:19,655 - BorderSurveillance - INFO - BYTETracker initialised.
2026-09-04 23:23:19,656 - BorderSurveillance - INFO - Border crossing detector initialized with 2 border lines
2026-09-04 23:26:50,685 - BorderSurveillance - INFO - Blockchain evidence ledger initialised
2026-09-04 23:26:50,690 - BorderSurveillance - INFO - Initializing Object Detector (YOLOv8)...
2026-09-04 23:26:50,691 - BorderSurveillance - INFO - Loading model from E:\SIH\Border-Surveillance-System\models\yolov8n.pt
2026-09-04 23:26:50,780 - BorderSurveillance - INFO - Using device: cpu
2026-09-04 23:26:50,787 - BorderSurveillance - INFO - FrameConditionClassifier initialised.
2026-09-04 23:26:50,788 - BorderSurveillance - INFO - BYTETracker initialised.
2026-09-04 23:26:50,789 - BorderSurveillance - INFO - Border crossing detector initialized with 2 border lines
2026-09-04 23:27:10,983 - BorderSurveillance - INFO - Blockchain evidence ledger initialised
2026-09-04 23:27:10,991 - BorderSurveillance - INFO - Initializing Object Detector (YOLOv8)...
2026-09-04 23:27:10,991 - BorderSurveillance - INFO - Loading model from E:\SIH\Border-Surveillance-System\models\yolov8n.pt
2026-09-04 23:27:11,057 - BorderSurveillance - INFO - Using device: cpu
2026-09-04 23:27:11,057 - BorderSurveillance - INFO - FrameConditionClassifier initialised.
2026-09-04 23:27:11,057 - BorderSurveillance - INFO - BYTETracker initialised.
2026-09-04 23:27:11,057 - BorderSurveillance - INFO - Border crossing detector initialized with 2 border lines
2026-09-04 23:27:11,172 - BorderSurveillance - INFO - Database initialised.
2026-09-04 23:27:11,207 - BorderSurveillance - INFO - Video capture initialized with high-speed async source: gettyimages-1215957003-640_adpp.mp4
2026-09-04 23:27:11,213 - BorderSurveillance - INFO - Surveillance processing and alert worker threads started.
2026-09-04 23:28:16,881 - BorderSurveillance - INFO - Blockchain evidence ledger initialised
2026-09-04 23:28:16,881 - BorderSurveillance - INFO - Initializing Object Detector (YOLOv8)...
2026-09-04 23:28:16,881 - BorderSurveillance - INFO - Loading model from E:\SIH\Border-Surveillance-System\models\yolov8n.pt
2026-09-04 23:28:16,939 - BorderSurveillance - INFO - Using device: cpu
2026-09-04 23:28:16,939 - BorderSurveillance - INFO - FrameConditionClassifier initialised.
2026-09-04 23:28:16,939 - BorderSurveillance - INFO - BYTETracker initialised.
2026-09-04 23:28:16,939 - BorderSurveillance - INFO - Border crossing detector initialized with 2 border lines
2026-09-04 23:28:17,049 - BorderSurveillance - INFO - Database initialised.
2026-09-04 23:28:17,088 - BorderSurveillance - INFO - Video capture initialized with high-speed async source: gettyimages-1215957003-640_adpp.mp4
2026-09-04 23:28:17,088 - BorderSurveillance - INFO - Surveillance processing and alert worker threads started.
2026-09-04 23:33:12,507 - BorderSurveillance - WARNING - Sync queue error: (sqlite3.OperationalError) database is locked
[SQL: INSERT INTO evidence (event_id, alert_id, camera_id, snapshot_path, clip_path, thumbnail_path, sync_status, created_at) VALUES (?, ?, ?, ?, ?, ?, ?, ?)]
[parameters: (201, 204, 'cam_0', 'E:\\SIH\\Border-Surveillance-System\\output\\snapshots\\border_crossing_20260904-233239.jpg', None, 'E:\\SIH\\Border-Surveillance-System\\output\\snapshots\\border_crossing_20260904-233239.jpg', 'metadata_only', '2026-09-04 18:02:39.396988')]
(Background on this error at: https://sqlalche.me/e/20/e3q8)
2026-09-04 23:33:46,099 - BorderSurveillance - WARNING - Sync queue error: (sqlite3.OperationalError) database is locked
[SQL: INSERT INTO evidence (event_id, alert_id, camera_id, snapshot_path, clip_path, thumbnail_path, sync_status, created_at) VALUES (?, ?, ?, ?, ?, ?, ?, ?)]
[parameters: (202, 205, 'cam_0', 'E:\\SIH\\Border-Surveillance-System\\output\\snapshots\\crawling_20260904-233312.jpg', None, 'E:\\SIH\\Border-Surveillance-System\\output\\snapshots\\crawling_20260904-233312.jpg', 'metadata_only', '2026-09-04 18:03:12.721715')]
(Background on this error at: https://sqlalche.me/e/20/e3q8)
2026-09-04 23:34:19,138 - BorderSurveillance - WARNING - Sync queue error: (sqlite3.OperationalError) database is locked
[SQL: INSERT INTO evidence (event_id, alert_id, camera_id, snapshot_path, clip_path, thumbnail_path, sync_status, created_at) VALUES (?, ?, ?, ?, ?, ?, ?, ?)]
[parameters: (203, 206, 'cam_0', 'E:\\SIH\\Border-Surveillance-System\\output\\snapshots\\crawling_20260904-233346.jpg', None, 'E:\\SIH\\Border-Surveillance-System\\output\\snapshots\\crawling_20260904-233346.jpg', 'metadata_only', '2026-09-04 18:03:46.248164')]
(Background on this error at: https://sqlalche.me/e/20/e3q8)
2026-09-04 23:34:52,228 - BorderSurveillance - WARNING - Sync queue error: (sqlite3.OperationalError) database is locked
[SQL: INSERT INTO evidence (event_id, alert_id, camera_id, snapshot_path, clip_path, thumbnail_path, sync_status, created_at) VALUES (?, ?, ?, ?, ?, ?, ?, ?)]
[parameters: (204, 207, 'cam_0', 'E:\\SIH\\Border-Surveillance-System\\output\\snapshots\\crawling_20260904-233419.jpg', None, 'E:\\SIH\\Border-Surveillance-System\\output\\snapshots\\crawling_20260904-233419.jpg', 'metadata_only', '2026-09-04 18:04:19.277074')]
(Background on this error at: https://sqlalche.me/e/20/e3q8)
2026-09-04 23:35:25,191 - BorderSurveillance - WARNING - Sync queue error: (sqlite3.OperationalError) database is locked
[SQL: INSERT INTO evidence (event_id, alert_id, camera_id, snapshot_path, clip_path, thumbnail_path, sync_status, created_at) VALUES (?, ?, ?, ?, ?, ?, ?, ?)]
[parameters: (205, 208, 'cam_0', 'E:\\SIH\\Border-Surveillance-System\\output\\snapshots\\crawling_20260904-233452.jpg', None, 'E:\\SIH\\Border-Surveillance-System\\output\\snapshots\\crawling_20260904-233452.jpg', 'metadata_only', '2026-09-04 18:04:52.326274')]
(Background on this error at: https://sqlalche.me/e/20/e3q8)
2026-09-04 23:35:54,484 - BorderSurveillance - INFO - Blockchain evidence ledger initialised
2026-09-04 23:35:54,486 - BorderSurveillance - INFO - Initializing Object Detector (YOLOv8)...
2026-09-04 23:35:54,486 - BorderSurveillance - INFO - Loading model from E:\SIH\Border-Surveillance-System\models\yolov8n.pt
2026-09-04 23:35:54,523 - BorderSurveillance - INFO - Using device: cpu
2026-09-04 23:35:54,531 - BorderSurveillance - INFO - FrameConditionClassifier initialised.
2026-09-04 23:35:54,532 - BorderSurveillance - INFO - BYTETracker initialised.
2026-09-04 23:35:54,532 - BorderSurveillance - INFO - Border crossing detector initialized with 2 border lines
2026-09-04 23:35:58,290 - BorderSurveillance - WARNING - Sync queue error: (sqlite3.OperationalError) database is locked
[SQL: INSERT INTO evidence (event_id, alert_id, camera_id, snapshot_path, clip_path, thumbnail_path, sync_status, created_at) VALUES (?, ?, ?, ?, ?, ?, ?, ?)]
[parameters: (206, 209, 'cam_0', 'E:\\SIH\\Border-Surveillance-System\\output\\snapshots\\crawling_20260904-233525.jpg', None, 'E:\\SIH\\Border-Surveillance-System\\output\\snapshots\\crawling_20260904-233525.jpg', 'metadata_only', '2026-09-04 18:05:25.317328')]
(Background on this error at: https://sqlalche.me/e/20/e3q8)
2026-09-04 23:36:31,336 - BorderSurveillance - WARNING - Sync queue error: (sqlite3.OperationalError) database is locked
[SQL: INSERT INTO evidence (event_id, alert_id, camera_id, snapshot_path, clip_path, thumbnail_path, sync_status, created_at) VALUES (?, ?, ?, ?, ?, ?, ?, ?)]
[parameters: (207, 210, 'cam_0', 'E:\\SIH\\Border-Surveillance-System\\output\\snapshots\\crawling_20260904-233558.jpg', None, 'E:\\SIH\\Border-Surveillance-System\\output\\snapshots\\crawling_20260904-233558.jpg', 'metadata_only', '2026-09-04 18:05:58.420206')]
(Background on this error at: https://sqlalche.me/e/20/e3q8)
2026-09-04 23:37:04,455 - BorderSurveillance - WARNING - Sync queue error: (sqlite3.OperationalError) database is locked
[SQL: INSERT INTO evidence (event_id, alert_id, camera_id, snapshot_path, clip_path, thumbnail_path, sync_status, created_at) VALUES (?, ?, ?, ?, ?, ?, ?, ?)]
[parameters: (208, 211, 'cam_0', 'E:\\SIH\\Border-Surveillance-System\\output\\snapshots\\border_crossing_20260904-233631.jpg', None, 'E:\\SIH\\Border-Surveillance-System\\output\\snapshots\\border_crossing_20260904-233631.jpg', 'metadata_only', '2026-09-04 18:06:31.473948')]
(Background on this error at: https://sqlalche.me/e/20/e3q8)
2026-09-04 23:38:56,208 - BorderSurveillance - WARNING - Sync queue error: (sqlite3.OperationalError) database is locked
[SQL: INSERT INTO evidence (event_id, alert_id, camera_id, snapshot_path, clip_path, thumbnail_path, sync_status, created_at) VALUES (?, ?, ?, ?, ?, ?, ?, ?)]
[parameters: (209, 212, 'cam_0', 'E:\\SIH\\Border-Surveillance-System\\output\\snapshots\\loitering_20260904-233822.jpg', None, 'E:\\SIH\\Border-Surveillance-System\\output\\snapshots\\loitering_20260904-233822.jpg', 'metadata_only', '2026-09-04 18:08:22.818794')]
(Background on this error at: https://sqlalche.me/e/20/e3q8)
2026-09-04 23:39:29,298 - BorderSurveillance - WARNING - Sync queue error: (sqlite3.OperationalError) database is locked
[SQL: INSERT INTO evidence (event_id, alert_id, camera_id, snapshot_path, clip_path, thumbnail_path, sync_status, created_at) VALUES (?, ?, ?, ?, ?, ?, ?, ?)]
[parameters: (210, 213, 'cam_0', 'E:\\SIH\\Border-Surveillance-System\\output\\snapshots\\crawling_20260904-233856.jpg', None, 'E:\\SIH\\Border-Surveillance-System\\output\\snapshots\\crawling_20260904-233856.jpg', 'metadata_only', '2026-09-04 18:08:56.306233')]
(Background on this error at: https://sqlalche.me/e/20/e3q8)
2026-09-04 23:41:41,948 - BorderSurveillance - INFO - Blockchain evidence ledger initialised
2026-09-04 23:41:41,951 - BorderSurveillance - INFO - Initializing Object Detector (YOLOv8)...
2026-09-04 23:41:41,951 - BorderSurveillance - INFO - Loading model from E:\SIH\Border-Surveillance-System\models\yolov8n.pt
2026-09-04 23:41:41,987 - BorderSurveillance - INFO - Using device: cpu
2026-09-04 23:41:41,989 - BorderSurveillance - INFO - FrameConditionClassifier initialised.
2026-09-04 23:41:41,989 - BorderSurveillance - INFO - BYTETracker initialised.
2026-09-04 23:41:41,989 - BorderSurveillance - INFO - Border crossing detector initialized with 2 border lines
2026-09-04 23:41:42,071 - BorderSurveillance - INFO - Database initialised.
2026-09-04 23:41:42,104 - BorderSurveillance - INFO - Video capture initialized with high-speed async source: gettyimages-1215957003-640_adpp.mp4
2026-09-04 23:41:42,104 - BorderSurveillance - INFO - Surveillance processing and alert worker threads started.
2026-09-05 10:29:05,655 - BorderSurveillance - INFO - Blockchain evidence ledger initialised
2026-09-05 10:29:05,664 - BorderSurveillance - INFO - Initializing Object Detector (YOLOv8)...
2026-09-05 10:29:05,670 - BorderSurveillance - INFO - Loading model from E:\SIH\Border-Surveillance-System\models\yolov8n.pt
2026-09-05 10:29:05,846 - BorderSurveillance - INFO - Using device: cpu
2026-09-05 10:29:05,858 - BorderSurveillance - INFO - FrameConditionClassifier initialised.
2026-09-05 10:29:05,860 - BorderSurveillance - INFO - BYTETracker initialised.
2026-09-05 10:29:05,863 - BorderSurveillance - INFO - Border crossing detector initialized with 2 border lines
2026-09-05 10:29:06,624 - BorderSurveillance - INFO - Database initialised.
2026-09-05 10:29:06,865 - BorderSurveillance - INFO - Video capture initialized with high-speed async source: gettyimages-1215957003-640_adpp.mp4
2026-09-05 10:29:06,883 - BorderSurveillance - INFO - Surveillance processing and alert worker threads started.
2026-09-05 10:30:02,828 - BorderSurveillance - WARNING - Sync queue error: (sqlite3.OperationalError) database is locked
[SQL: INSERT INTO evidence (event_id, alert_id, camera_id, snapshot_path, clip_path, thumbnail_path, sync_status, created_at) VALUES (?, ?, ?, ?, ?, ?, ?, ?)]
[parameters: (1, 1, 'cam_0', 'E:\\SIH\\Border-Surveillance-System\\output\\snapshots\\border_crossing_20260905-102928.jpg', None, 'E:\\SIH\\Border-Surveillance-System\\output\\snapshots\\border_crossing_20260905-102928.jpg', 'metadata_only', '2026-09-05 04:59:29.214895')]
(Background on this error at: https://sqlalche.me/e/20/e3q8)
2026-09-05 10:30:36,233 - BorderSurveillance - WARNING - Sync queue error: (sqlite3.OperationalError) database is locked
[SQL: INSERT INTO evidence (event_id, alert_id, camera_id, snapshot_path, clip_path, thumbnail_path, sync_status, created_at) VALUES (?, ?, ?, ?, ?, ?, ?, ?)]
[parameters: (2, 2, 'cam_0', 'E:\\SIH\\Border-Surveillance-System\\output\\snapshots\\border_crossing_20260905-103002.jpg', None, 'E:\\SIH\\Border-Surveillance-System\\output\\snapshots\\border_crossing_20260905-103002.jpg', 'metadata_only', '2026-09-05 05:00:03.010163')]
(Background on this error at: https://sqlalche.me/e/20/e3q8)
2026-09-05 10:30:36,236 - BorderSurveillance - ERROR - Alert worker error: Event loop is closed
2026-09-05 10:31:11,193 - BorderSurveillance - WARNING - Sync queue error: (sqlite3.OperationalError) database is locked
[SQL: INSERT INTO evidence (event_id, alert_id, camera_id, snapshot_path, clip_path, thumbnail_path, sync_status, created_at) VALUES (?, ?, ?, ?, ?, ?, ?, ?)]
[parameters: (3, 3, 'cam_0', 'E:\\SIH\\Border-Surveillance-System\\output\\snapshots\\border_crossing_20260905-103036.jpg', None, 'E:\\SIH\\Border-Surveillance-System\\output\\snapshots\\border_crossing_20260905-103036.jpg', 'metadata_only', '2026-09-05 05:00:36.340001')]
(Background on this error at: https://sqlalche.me/e/20/e3q8)
2026-09-05 10:31:11,216 - BorderSurveillance - ERROR - Alert worker error: Event loop is closed
2026-09-05 10:31:44,168 - BorderSurveillance - WARNING - Sync queue error: (sqlite3.OperationalError) database is locked
[SQL: INSERT INTO evidence (event_id, alert_id, camera_id, snapshot_path, clip_path, thumbnail_path, sync_status, created_at) VALUES (?, ?, ?, ?, ?, ?, ?, ?)]
[parameters: (4, 4, 'cam_0', 'E:\\SIH\\Border-Surveillance-System\\output\\snapshots\\border_crossing_20260905-103111.jpg', None, 'E:\\SIH\\Border-Surveillance-System\\output\\snapshots\\border_crossing_20260905-103111.jpg', 'metadata_only', '2026-09-05 05:01:11.305914')]
(Background on this error at: https://sqlalche.me/e/20/e3q8)
2026-09-05 10:31:44,170 - BorderSurveillance - ERROR - Alert worker error: Event loop is closed
2026-09-05 10:32:17,555 - BorderSurveillance - WARNING - Sync queue error: (sqlite3.OperationalError) database is locked
[SQL: INSERT INTO evidence (event_id, alert_id, camera_id, snapshot_path, clip_path, thumbnail_path, sync_status, created_at) VALUES (?, ?, ?, ?, ?, ?, ?, ?)]
[parameters: (5, 5, 'cam_0', 'E:\\SIH\\Border-Surveillance-System\\output\\snapshots\\border_crossing_20260905-103144.jpg', None, 'E:\\SIH\\Border-Surveillance-System\\output\\snapshots\\border_crossing_20260905-103144.jpg', 'metadata_only', '2026-09-05 05:01:44.667880')]
(Background on this error at: https://sqlalche.me/e/20/e3q8)
2026-09-05 10:32:17,557 - BorderSurveillance - ERROR - Alert worker error: Event loop is closed
2026-09-05 10:36:21,533 - BorderSurveillance - INFO - Blockchain evidence ledger initialised
2026-09-05 10:36:21,533 - BorderSurveillance - INFO - Initializing Object Detector (YOLOv8)...
2026-09-05 10:36:21,533 - BorderSurveillance - INFO - Loading model from E:\SIH\Border-Surveillance-System\models\yolov8n.pt
2026-09-05 10:36:21,666 - BorderSurveillance - INFO - Using device: cpu
2026-09-05 10:36:21,669 - BorderSurveillance - INFO - FrameConditionClassifier initialised.
2026-09-05 10:36:21,669 - BorderSurveillance - INFO - BYTETracker initialised.
2026-09-05 10:36:21,669 - BorderSurveillance - INFO - Border crossing detector initialized with 2 border lines
2026-09-05 10:39:51,794 - BorderSurveillance - INFO - Blockchain evidence ledger initialised
2026-09-05 10:39:51,797 - BorderSurveillance - INFO - Initializing Object Detector (YOLOv8)...
2026-09-05 10:39:51,797 - BorderSurveillance - INFO - Loading model from E:\SIH\Border-Surveillance-System\models\yolov8n.pt
2026-09-05 10:39:51,842 - BorderSurveillance - INFO - Using device: cpu
2026-09-05 10:39:51,867 - BorderSurveillance - INFO - FrameConditionClassifier initialised.
2026-09-05 10:39:51,867 - BorderSurveillance - INFO - BYTETracker initialised.
2026-09-05 10:39:51,868 - BorderSurveillance - INFO - Border crossing detector initialized with 2 border lines
2026-09-05 10:39:52,183 - BorderSurveillance - INFO - Database initialised.
2026-09-05 10:39:52,459 - BorderSurveillance - INFO - Video capture initialized with high-speed async source: gettyimages-1215957003-640_adpp.mp4
2026-09-05 10:39:52,463 - BorderSurveillance - INFO - Surveillance processing and alert worker threads started.
2026-09-05 10:40:26,450 - BorderSurveillance - INFO - Video capture initialized with high-speed async source: E:\SIH\Border-Surveillance-System\gettyimages-1215957003-640_adpp.mp4
2026-09-05 10:40:39,158 - BorderSurveillance - WARNING - Sync queue error: (sqlite3.OperationalError) database is locked
[SQL: INSERT INTO evidence (event_id, alert_id, camera_id, snapshot_path, clip_path, thumbnail_path, sync_status, created_at) VALUES (?, ?, ?, ?, ?, ?, ?, ?)]
[parameters: (6, 6, 'cam_0', 'E:\\SIH\\Border-Surveillance-System\\output\\snapshots\\border_crossing_20260905-104006.jpg', None, 'E:\\SIH\\Border-Surveillance-System\\output\\snapshots\\border_crossing_20260905-104006.jpg', 'metadata_only', '2026-09-05 05:10:06.372485')]
(Background on this error at: https://sqlalche.me/e/20/e3q8)
2026-09-05 10:41:12,206 - BorderSurveillance - WARNING - Sync queue error: (sqlite3.OperationalError) database is locked
[SQL: INSERT INTO evidence (event_id, alert_id, camera_id, snapshot_path, clip_path, thumbnail_path, sync_status, created_at) VALUES (?, ?, ?, ?, ?, ?, ?, ?)]
[parameters: (7, 7, 'cam_0', 'E:\\SIH\\Border-Surveillance-System\\output\\snapshots\\border_crossing_20260905-104039.jpg', None, 'E:\\SIH\\Border-Surveillance-System\\output\\snapshots\\border_crossing_20260905-104039.jpg', 'metadata_only', '2026-09-05 05:10:39.216308')]
(Background on this error at: https://sqlalche.me/e/20/e3q8)
2026-09-05 10:41:45,305 - BorderSurveillance - WARNING - Sync queue error: (sqlite3.OperationalError) database is locked
[SQL: INSERT INTO evidence (event_id, alert_id, camera_id, snapshot_path, clip_path, thumbnail_path, sync_status, created_at) VALUES (?, ?, ?, ?, ?, ?, ?, ?)]
[parameters: (8, 8, 'cam_0', 'E:\\SIH\\Border-Surveillance-System\\output\\snapshots\\border_crossing_20260905-104112.jpg', None, 'E:\\SIH\\Border-Surveillance-System\\output\\snapshots\\border_crossing_20260905-104112.jpg', 'metadata_only', '2026-09-05 05:11:12.231402')]
(Background on this error at: https://sqlalche.me/e/20/e3q8)
2026-09-05 10:42:18,630 - BorderSurveillance - WARNING - Sync queue error: (sqlite3.OperationalError) database is locked
[SQL: INSERT INTO evidence (event_id, alert_id, camera_id, snapshot_path, clip_path, thumbnail_path, sync_status, created_at) VALUES (?, ?, ?, ?, ?, ?, ?, ?)]
[parameters: (9, 9, 'cam_0', 'E:\\SIH\\Border-Surveillance-System\\output\\snapshots\\border_crossing_20260905-104145.jpg', None, 'E:\\SIH\\Border-Surveillance-System\\output\\snapshots\\border_crossing_20260905-104145.jpg', 'metadata_only', '2026-09-05 05:11:45.330572')]
(Background on this error at: https://sqlalche.me/e/20/e3q8)
2026-09-05 10:42:51,939 - BorderSurveillance - WARNING - Sync queue error: (sqlite3.OperationalError) database is locked
[SQL: INSERT INTO evidence (event_id, alert_id, camera_id, snapshot_path, clip_path, thumbnail_path, sync_status, created_at) VALUES (?, ?, ?, ?, ?, ?, ?, ?)]
[parameters: (10, 10, 'cam_0', 'E:\\SIH\\Border-Surveillance-System\\output\\snapshots\\border_crossing_20260905-104218.jpg', None, 'E:\\SIH\\Border-Surveillance-System\\output\\snapshots\\border_crossing_20260905-104218.jpg', 'metadata_only', '2026-09-05 05:12:18.675276')]
(Background on this error at: https://sqlalche.me/e/20/e3q8)
2026-09-05 10:43:25,189 - BorderSurveillance - WARNING - Sync queue error: (sqlite3.OperationalError) database is locked
[SQL: INSERT INTO evidence (event_id, alert_id, camera_id, snapshot_path, clip_path, thumbnail_path, sync_status, created_at) VALUES (?, ?, ?, ?, ?, ?, ?, ?)]
[parameters: (11, 11, 'cam_0', 'E:\\SIH\\Border-Surveillance-System\\output\\snapshots\\border_crossing_20260905-104251.jpg', None, 'E:\\SIH\\Border-Surveillance-System\\output\\snapshots\\border_crossing_20260905-104251.jpg', 'metadata_only', '2026-09-05 05:12:52.003590')]
(Background on this error at: https://sqlalche.me/e/20/e3q8)
2026-09-05 10:43:58,616 - BorderSurveillance - WARNING - Sync queue error: (sqlite3.OperationalError) database is locked
[SQL: INSERT INTO evidence (event_id, alert_id, camera_id, snapshot_path, clip_path, thumbnail_path, sync_status, created_at) VALUES (?, ?, ?, ?, ?, ?, ?, ?)]
[parameters: (12, 12, 'cam_0', 'E:\\SIH\\Border-Surveillance-System\\output\\snapshots\\border_crossing_20260905-104325.jpg', None, 'E:\\SIH\\Border-Surveillance-System\\output\\snapshots\\border_crossing_20260905-104325.jpg', 'metadata_only', '2026-09-05 05:13:25.245877')]
(Background on this error at: https://sqlalche.me/e/20/e3q8)
2026-09-05 10:44:32,199 - BorderSurveillance - WARNING - Sync queue error: (sqlite3.OperationalError) database is locked
[SQL: INSERT INTO evidence (event_id, alert_id, camera_id, snapshot_path, clip_path, thumbnail_path, sync_status, created_at) VALUES (?, ?, ?, ?, ?, ?, ?, ?)]
[parameters: (13, 13, 'cam_0', 'E:\\SIH\\Border-Surveillance-System\\output\\snapshots\\border_crossing_20260905-104358.jpg', None, 'E:\\SIH\\Border-Surveillance-System\\output\\snapshots\\border_crossing_20260905-104358.jpg', 'metadata_only', '2026-09-05 05:13:58.782144')]
(Background on this error at: https://sqlalche.me/e/20/e3q8)
2026-09-05 10:45:06,097 - BorderSurveillance - WARNING - Sync queue error: (sqlite3.OperationalError) database is locked
[SQL: INSERT INTO evidence (event_id, alert_id, camera_id, snapshot_path, clip_path, thumbnail_path, sync_status, created_at) VALUES (?, ?, ?, ?, ?, ?, ?, ?)]
[parameters: (14, 14, 'cam_0', 'E:\\SIH\\Border-Surveillance-System\\output\\snapshots\\border_crossing_20260905-104432.jpg', None, 'E:\\SIH\\Border-Surveillance-System\\output\\snapshots\\border_crossing_20260905-104432.jpg', 'metadata_only', '2026-09-05 05:14:32.358434')]
(Background on this error at: https://sqlalche.me/e/20/e3q8)
2026-09-05 10:45:39,792 - BorderSurveillance - WARNING - Sync queue error: (sqlite3.OperationalError) database is locked
[SQL: INSERT INTO evidence (event_id, alert_id, camera_id, snapshot_path, clip_path, thumbnail_path, sync_status, created_at) VALUES (?, ?, ?, ?, ?, ?, ?, ?)]
[parameters: (15, 15, 'cam_0', 'E:\\SIH\\Border-Surveillance-System\\output\\snapshots\\border_crossing_20260905-104506.jpg', None, 'E:\\SIH\\Border-Surveillance-System\\output\\snapshots\\border_crossing_20260905-104506.jpg', 'metadata_only', '2026-09-05 05:15:06.243333')]
(Background on this error at: https://sqlalche.me/e/20/e3q8)
2026-09-05 10:46:13,713 - BorderSurveillance - WARNING - Sync queue error: (sqlite3.OperationalError) database is locked
[SQL: INSERT INTO evidence (event_id, alert_id, camera_id, snapshot_path, clip_path, thumbnail_path, sync_status, created_at) VALUES (?, ?, ?, ?, ?, ?, ?, ?)]
[parameters: (16, 16, 'cam_0', 'E:\\SIH\\Border-Surveillance-System\\output\\snapshots\\border_crossing_20260905-104539.jpg', None, 'E:\\SIH\\Border-Surveillance-System\\output\\snapshots\\border_crossing_20260905-104539.jpg', 'metadata_only', '2026-09-05 05:15:39.919267')]
(Background on this error at: https://sqlalche.me/e/20/e3q8)
2026-09-05 10:46:47,194 - BorderSurveillance - WARNING - Sync queue error: (sqlite3.OperationalError) database is locked
[SQL: INSERT INTO evidence (event_id, alert_id, camera_id, snapshot_path, clip_path, thumbnail_path, sync_status, created_at) VALUES (?, ?, ?, ?, ?, ?, ?, ?)]
[parameters: (17, 17, 'cam_0', 'E:\\SIH\\Border-Surveillance-System\\output\\snapshots\\loitering_20260905-104613.jpg', None, 'E:\\SIH\\Border-Surveillance-System\\output\\snapshots\\loitering_20260905-104613.jpg', 'metadata_only', '2026-09-05 05:16:13.779696')]
(Background on this error at: https://sqlalche.me/e/20/e3q8)
2026-09-05 10:47:20,914 - BorderSurveillance - WARNING - Sync queue error: (sqlite3.OperationalError) database is locked
[SQL: INSERT INTO evidence (event_id, alert_id, camera_id, snapshot_path, clip_path, thumbnail_path, sync_status, created_at) VALUES (?, ?, ?, ?, ?, ?, ?, ?)]
[parameters: (18, 18, 'cam_0', 'E:\\SIH\\Border-Surveillance-System\\output\\snapshots\\border_crossing_20260905-104647.jpg', None, 'E:\\SIH\\Border-Surveillance-System\\output\\snapshots\\border_crossing_20260905-104647.jpg', 'metadata_only', '2026-09-05 05:16:47.354855')]
(Background on this error at: https://sqlalche.me/e/20/e3q8)
2026-09-05 10:47:54,490 - BorderSurveillance - WARNING - Sync queue error: (sqlite3.OperationalError) database is locked
[SQL: INSERT INTO evidence (event_id, alert_id, camera_id, snapshot_path, clip_path, thumbnail_path, sync_status, created_at) VALUES (?, ?, ?, ?, ?, ?, ?, ?)]
[parameters: (19, 19, 'cam_0', 'E:\\SIH\\Border-Surveillance-System\\output\\snapshots\\loitering_20260905-104720.jpg', None, 'E:\\SIH\\Border-Surveillance-System\\output\\snapshots\\loitering_20260905-104720.jpg', 'metadata_only', '2026-09-05 05:17:20.978006')]
(Background on this error at: https://sqlalche.me/e/20/e3q8)
2026-09-05 10:48:28,184 - BorderSurveillance - WARNING - Sync queue error: (sqlite3.OperationalError) database is locked
[SQL: INSERT INTO evidence (event_id, alert_id, camera_id, snapshot_path, clip_path, thumbnail_path, sync_status, created_at) VALUES (?, ?, ?, ?, ?, ?, ?, ?)]
[parameters: (20, 20, 'cam_0', 'E:\\SIH\\Border-Surveillance-System\\output\\snapshots\\border_crossing_20260905-104754.jpg', None, 'E:\\SIH\\Border-Surveillance-System\\output\\snapshots\\border_crossing_20260905-104754.jpg', 'metadata_only', '2026-09-05 05:17:54.544792')]
(Background on this error at: https://sqlalche.me/e/20/e3q8)
2026-09-05 10:49:01,932 - BorderSurveillance - WARNING - Sync queue error: (sqlite3.OperationalError) database is locked
[SQL: INSERT INTO evidence (event_id, alert_id, camera_id, snapshot_path, clip_path, thumbnail_path, sync_status, created_at) VALUES (?, ?, ?, ?, ?, ?, ?, ?)]
[parameters: (21, 21, 'cam_0', 'E:\\SIH\\Border-Surveillance-System\\output\\snapshots\\loitering_20260905-104828.jpg', None, 'E:\\SIH\\Border-Surveillance-System\\output\\snapshots\\loitering_20260905-104828.jpg', 'metadata_only', '2026-09-05 05:18:28.314869')]
(Background on this error at: https://sqlalche.me/e/20/e3q8)
2026-09-05 10:49:35,171 - BorderSurveillance - WARNING - Sync queue error: (sqlite3.OperationalError) database is locked
[SQL: INSERT INTO evidence (event_id, alert_id, camera_id, snapshot_path, clip_path, thumbnail_path, sync_status, created_at) VALUES (?, ?, ?, ?, ?, ?, ?, ?)]
[parameters: (22, 22, 'cam_0', 'E:\\SIH\\Border-Surveillance-System\\output\\snapshots\\border_crossing_20260905-104901.jpg', None, 'E:\\SIH\\Border-Surveillance-System\\output\\snapshots\\border_crossing_20260905-104901.jpg', 'metadata_only', '2026-09-05 05:19:02.058493')]
(Background on this error at: https://sqlalche.me/e/20/e3q8)
2026-09-05 10:50:07,916 - BorderSurveillance - WARNING - Sync queue error: (sqlite3.OperationalError) database is locked
[SQL: INSERT INTO evidence (event_id, alert_id, camera_id, snapshot_path, clip_path, thumbnail_path, sync_status, created_at) VALUES (?, ?, ?, ?, ?, ?, ?, ?)]
[parameters: (23, 23, 'cam_0', 'E:\\SIH\\Border-Surveillance-System\\output\\snapshots\\border_crossing_20260905-104935.jpg', None, 'E:\\SIH\\Border-Surveillance-System\\output\\snapshots\\border_crossing_20260905-104935.jpg', 'metadata_only', '2026-09-05 05:19:35.243944')]
(Background on this error at: https://sqlalche.me/e/20/e3q8)
2026-09-05 10:50:41,302 - BorderSurveillance - WARNING - Sync queue error: (sqlite3.OperationalError) database is locked
[SQL: INSERT INTO evidence (event_id, alert_id, camera_id, snapshot_path, clip_path, thumbnail_path, sync_status, created_at) VALUES (?, ?, ?, ?, ?, ?, ?, ?)]
[parameters: (24, 24, 'cam_0', 'E:\\SIH\\Border-Surveillance-System\\output\\snapshots\\loitering_20260905-105007.jpg', None, 'E:\\SIH\\Border-Surveillance-System\\output\\snapshots\\loitering_20260905-105007.jpg', 'metadata_only', '2026-09-05 05:20:07.953832')]
(Background on this error at: https://sqlalche.me/e/20/e3q8)
2026-09-05 10:51:14,857 - BorderSurveillance - WARNING - Sync queue error: (sqlite3.OperationalError) database is locked
[SQL: INSERT INTO evidence (event_id, alert_id, camera_id, snapshot_path, clip_path, thumbnail_path, sync_status, created_at) VALUES (?, ?, ?, ?, ?, ?, ?, ?)]
[parameters: (25, 25, 'cam_0', 'E:\\SIH\\Border-Surveillance-System\\output\\snapshots\\border_crossing_20260905-105041.jpg', None, 'E:\\SIH\\Border-Surveillance-System\\output\\snapshots\\border_crossing_20260905-105041.jpg', 'metadata_only', '2026-09-05 05:20:41.430613')]
(Background on this error at: https://sqlalche.me/e/20/e3q8)
2026-09-05 10:51:48,482 - BorderSurveillance - WARNING - Sync queue error: (sqlite3.OperationalError) database is locked
[SQL: INSERT INTO evidence (event_id, alert_id, camera_id, snapshot_path, clip_path, thumbnail_path, sync_status, created_at) VALUES (?, ?, ?, ?, ?, ?, ?, ?)]
[parameters: (26, 26, 'cam_0', 'E:\\SIH\\Border-Surveillance-System\\output\\snapshots\\border_crossing_20260905-105114.jpg', None, 'E:\\SIH\\Border-Surveillance-System\\output\\snapshots\\border_crossing_20260905-105114.jpg', 'metadata_only', '2026-09-05 05:21:15.034106')]
(Background on this error at: https://sqlalche.me/e/20/e3q8)
2026-09-05 10:52:22,297 - BorderSurveillance - WARNING - Sync queue error: (sqlite3.OperationalError) database is locked
[SQL: INSERT INTO evidence (event_id, alert_id, camera_id, snapshot_path, clip_path, thumbnail_path, sync_status, created_at) VALUES (?, ?, ?, ?, ?, ?, ?, ?)]
[parameters: (27, 27, 'cam_0', 'E:\\SIH\\Border-Surveillance-System\\output\\snapshots\\border_crossing_20260905-105148.jpg', None, 'E:\\SIH\\Border-Surveillance-System\\output\\snapshots\\border_crossing_20260905-105148.jpg', 'metadata_only', '2026-09-05 05:21:48.690879')]
(Background on this error at: https://sqlalche.me/e/20/e3q8)
2026-09-05 10:52:55,835 - BorderSurveillance - WARNING - Sync queue error: (sqlite3.OperationalError) database is locked
[SQL: INSERT INTO evidence (event_id, alert_id, camera_id, snapshot_path, clip_path, thumbnail_path, sync_status, created_at) VALUES (?, ?, ?, ?, ?, ?, ?, ?)]
[parameters: (28, 28, 'cam_0', 'E:\\SIH\\Border-Surveillance-System\\output\\snapshots\\border_crossing_20260905-105222.jpg', None, 'E:\\SIH\\Border-Surveillance-System\\output\\snapshots\\border_crossing_20260905-105222.jpg', 'metadata_only', '2026-09-05 05:22:22.471065')]
(Background on this error at: https://sqlalche.me/e/20/e3q8)
2026-09-05 10:53:29,245 - BorderSurveillance - WARNING - Sync queue error: (sqlite3.OperationalError) database is locked
[SQL: INSERT INTO evidence (event_id, alert_id, camera_id, snapshot_path, clip_path, thumbnail_path, sync_status, created_at) VALUES (?, ?, ?, ?, ?, ?, ?, ?)]
[parameters: (29, 29, 'cam_0', 'E:\\SIH\\Border-Surveillance-System\\output\\snapshots\\loitering_20260905-105255.jpg', None, 'E:\\SIH\\Border-Surveillance-System\\output\\snapshots\\loitering_20260905-105255.jpg', 'metadata_only', '2026-09-05 05:22:56.008695')]
(Background on this error at: https://sqlalche.me/e/20/e3q8)
2026-09-05 10:54:02,684 - BorderSurveillance - WARNING - Sync queue error: (sqlite3.OperationalError) database is locked
[SQL: INSERT INTO evidence (event_id, alert_id, camera_id, snapshot_path, clip_path, thumbnail_path, sync_status, created_at) VALUES (?, ?, ?, ?, ?, ?, ?, ?)]
[parameters: (30, 30, 'cam_0', 'E:\\SIH\\Border-Surveillance-System\\output\\snapshots\\border_crossing_20260905-105329.jpg', None, 'E:\\SIH\\Border-Surveillance-System\\output\\snapshots\\border_crossing_20260905-105329.jpg', 'metadata_only', '2026-09-05 05:23:29.329320')]
(Background on this error at: https://sqlalche.me/e/20/e3q8)
2026-09-05 10:55:53,029 - BorderSurveillance - INFO - Blockchain evidence ledger initialised
2026-09-05 10:55:53,045 - BorderSurveillance - INFO - Initializing Object Detector (YOLOv8)...
2026-09-05 10:55:53,045 - BorderSurveillance - INFO - Loading model from E:\SIH\Border-Surveillance-System\models\yolov8n.pt
2026-09-05 10:55:53,083 - BorderSurveillance - INFO - Using device: cpu
2026-09-05 10:55:53,093 - BorderSurveillance - INFO - FrameConditionClassifier initialised.
2026-09-05 10:55:53,093 - BorderSurveillance - INFO - BYTETracker initialised.
2026-09-05 10:55:53,093 - BorderSurveillance - INFO - Border crossing detector initialized with 2 border lines
2026-09-05 10:55:53,196 - BorderSurveillance - INFO - Database initialised.
2026-09-05 10:55:53,233 - BorderSurveillance - INFO - Video capture initialized with high-speed async source: gettyimages-1215957003-640_adpp.mp4
2026-09-05 10:55:53,233 - BorderSurveillance - INFO - Surveillance processing and alert worker threads started.
2026-09-05 10:56:21,704 - BorderSurveillance - INFO - Video capture initialized with high-speed async source: 0
2026-09-05 10:56:30,335 - BorderSurveillance - WARNING - Sync queue error: (sqlite3.OperationalError) database is locked
[SQL: INSERT INTO evidence (event_id, alert_id, camera_id, snapshot_path, clip_path, thumbnail_path, sync_status, created_at) VALUES (?, ?, ?, ?, ?, ?, ?, ?)]
[parameters: (31, 31, 'cam_0', 'E:\\SIH\\Border-Surveillance-System\\output\\snapshots\\border_crossing_20260905-105555.jpg', None, 'E:\\SIH\\Border-Surveillance-System\\output\\snapshots\\border_crossing_20260905-105555.jpg', 'metadata_only', '2026-09-05 05:25:56.075543')]
(Background on this error at: https://sqlalche.me/e/20/e3q8)
2026-09-05 10:57:04,086 - BorderSurveillance - WARNING - Sync queue error: (sqlite3.OperationalError) database is locked
[SQL: INSERT INTO evidence (event_id, alert_id, camera_id, snapshot_path, clip_path, thumbnail_path, sync_status, created_at) VALUES (?, ?, ?, ?, ?, ?, ?, ?)]
[parameters: (32, 32, 'cam_0', 'E:\\SIH\\Border-Surveillance-System\\output\\snapshots\\border_crossing_20260905-105630.jpg', None, 'E:\\SIH\\Border-Surveillance-System\\output\\snapshots\\border_crossing_20260905-105630.jpg', 'metadata_only', '2026-09-05 05:26:30.750452')]
(Background on this error at: https://sqlalche.me/e/20/e3q8)
2026-09-05 10:57:38,153 - BorderSurveillance - WARNING - Sync queue error: (sqlite3.OperationalError) database is locked
[SQL: INSERT INTO evidence (event_id, alert_id, camera_id, snapshot_path, clip_path, thumbnail_path, sync_status, created_at) VALUES (?, ?, ?, ?, ?, ?, ?, ?)]
[parameters: (33, 33, 'cam_0', 'E:\\SIH\\Border-Surveillance-System\\output\\snapshots\\border_crossing_20260905-105704.jpg', None, 'E:\\SIH\\Border-Surveillance-System\\output\\snapshots\\border_crossing_20260905-105704.jpg', 'metadata_only', '2026-09-05 05:27:05.270000')]
(Background on this error at: https://sqlalche.me/e/20/e3q8)
2026-09-05 10:58:11,138 - BorderSurveillance - WARNING - Sync queue error: (sqlite3.OperationalError) database is locked
[SQL: INSERT INTO evidence (event_id, alert_id, camera_id, snapshot_path, clip_path, thumbnail_path, sync_status, created_at) VALUES (?, ?, ?, ?, ?, ?, ?, ?)]
[parameters: (34, 34, 'cam_0', 'E:\\SIH\\Border-Surveillance-System\\output\\snapshots\\border_crossing_20260905-105738.jpg', None, 'E:\\SIH\\Border-Surveillance-System\\output\\snapshots\\border_crossing_20260905-105738.jpg', 'metadata_only', '2026-09-05 05:27:38.209708')]
(Background on this error at: https://sqlalche.me/e/20/e3q8)
2026-09-05 10:58:44,287 - BorderSurveillance - WARNING - Sync queue error: (sqlite3.OperationalError) database is locked
[SQL: INSERT INTO evidence (event_id, alert_id, camera_id, snapshot_path, clip_path, thumbnail_path, sync_status, created_at) VALUES (?, ?, ?, ?, ?, ?, ?, ?)]
[parameters: (35, 35, 'cam_0', 'E:\\SIH\\Border-Surveillance-System\\output\\snapshots\\border_crossing_20260905-105811.jpg', None, 'E:\\SIH\\Border-Surveillance-System\\output\\snapshots\\border_crossing_20260905-105811.jpg', 'metadata_only', '2026-09-05 05:28:11.554342')]
(Background on this error at: https://sqlalche.me/e/20/e3q8)
2026-09-05 10:59:23,905 - BorderSurveillance - INFO - Video capture initialized with high-speed async source: E:\SIH\Border-Surveillance-System\gettyimages-1215957003-640_adpp.mp4
2026-09-05 11:00:00,812 - BorderSurveillance - WARNING - Sync queue error: (sqlite3.OperationalError) database is locked
[SQL: INSERT INTO evidence (event_id, alert_id, camera_id, snapshot_path, clip_path, thumbnail_path, sync_status, created_at) VALUES (?, ?, ?, ?, ?, ?, ?, ?)]
[parameters: (36, 36, 'cam_0', 'E:\\SIH\\Border-Surveillance-System\\output\\snapshots\\border_crossing_20260905-105927.jpg', None, 'E:\\SIH\\Border-Surveillance-System\\output\\snapshots\\border_crossing_20260905-105927.jpg', 'metadata_only', '2026-09-05 05:29:27.215086')]
(Background on this error at: https://sqlalche.me/e/20/e3q8)
2026-09-05 11:00:34,148 - BorderSurveillance - WARNING - Sync queue error: (sqlite3.OperationalError) database is locked
[SQL: INSERT INTO evidence (event_id, alert_id, camera_id, snapshot_path, clip_path, thumbnail_path, sync_status, created_at) VALUES (?, ?, ?, ?, ?, ?, ?, ?)]
[parameters: (37, 37, 'cam_0', 'E:\\SIH\\Border-Surveillance-System\\output\\snapshots\\border_crossing_20260905-110000.jpg', None, 'E:\\SIH\\Border-Surveillance-System\\output\\snapshots\\border_crossing_20260905-110000.jpg', 'metadata_only', '2026-09-05 05:30:01.110758')]
(Background on this error at: https://sqlalche.me/e/20/e3q8)
2026-09-05 11:01:07,502 - BorderSurveillance - WARNING - Sync queue error: (sqlite3.OperationalError) database is locked
[SQL: INSERT INTO evidence (event_id, alert_id, camera_id, snapshot_path, clip_path, thumbnail_path, sync_status, created_at) VALUES (?, ?, ?, ?, ?, ?, ?, ?)]
[parameters: (38, 38, 'cam_0', 'E:\\SIH\\Border-Surveillance-System\\output\\snapshots\\border_crossing_20260905-110034.jpg', None, 'E:\\SIH\\Border-Surveillance-System\\output\\snapshots\\border_crossing_20260905-110034.jpg', 'metadata_only', '2026-09-05 05:30:34.473164')]
(Background on this error at: https://sqlalche.me/e/20/e3q8)
2026-09-05 11:01:40,752 - BorderSurveillance - WARNING - Sync queue error: (sqlite3.OperationalError) database is locked
[SQL: INSERT INTO evidence (event_id, alert_id, camera_id, snapshot_path, clip_path, thumbnail_path, sync_status, created_at) VALUES (?, ?, ?, ?, ?, ?, ?, ?)]
[parameters: (39, 39, 'cam_0', 'E:\\SIH\\Border-Surveillance-System\\output\\snapshots\\border_crossing_20260905-110107.jpg', None, 'E:\\SIH\\Border-Surveillance-System\\output\\snapshots\\border_crossing_20260905-110107.jpg', 'metadata_only', '2026-09-05 05:31:07.794370')]
(Background on this error at: https://sqlalche.me/e/20/e3q8)
2026-09-05 11:06:04,873 - BorderSurveillance - INFO - Blockchain evidence ledger initialised
2026-09-05 11:06:04,883 - BorderSurveillance - INFO - Initializing Object Detector (YOLOv8)...
2026-09-05 11:06:04,884 - BorderSurveillance - INFO - Loading model from E:\SIH\Border-Surveillance-System\models\yolov8n.pt
2026-09-05 11:06:04,946 - BorderSurveillance - INFO - Using device: cpu
2026-09-05 11:06:04,951 - BorderSurveillance - INFO - FrameConditionClassifier initialised.
2026-09-05 11:06:04,952 - BorderSurveillance - INFO - BYTETracker initialised.
2026-09-05 11:06:04,952 - BorderSurveillance - INFO - Border crossing detector initialized with 2 border lines
2026-09-05 11:06:05,109 - BorderSurveillance - INFO - Database initialised.
2026-09-05 11:06:05,149 - BorderSurveillance - INFO - Video capture initialized with high-speed async source: gettyimages-1215957003-640_adpp.mp4
2026-09-05 11:06:05,156 - BorderSurveillance - INFO - Surveillance processing and alert worker threads started.
2026-09-05 11:06:06,720 - BorderSurveillance - INFO - Surveillance processing thread stopped.
2026-09-05 11:07:23,969 - BorderSurveillance - INFO - Blockchain evidence ledger initialised
2026-09-05 11:07:23,972 - BorderSurveillance - INFO - Initializing Object Detector (YOLOv8)...
2026-09-05 11:07:23,972 - BorderSurveillance - INFO - Loading model from E:\SIH\Border-Surveillance-System\models\yolov8n.pt
2026-09-05 11:07:24,013 - BorderSurveillance - INFO - Using device: cpu
2026-09-05 11:07:24,023 - BorderSurveillance - INFO - FrameConditionClassifier initialised.
2026-09-05 11:07:24,050 - BorderSurveillance - INFO - BYTETracker initialised.
2026-09-05 11:07:24,050 - BorderSurveillance - INFO - Border crossing detector initialized with 2 border lines
2026-09-05 11:07:24,156 - BorderSurveillance - INFO - Database initialised.
2026-09-05 11:07:24,183 - BorderSurveillance - INFO - Video capture initialized with high-speed async source: gettyimages-1215957003-640_adpp.mp4
2026-09-05 11:07:24,189 - BorderSurveillance - INFO - Surveillance processing and alert worker threads started.
2026-09-05 11:07:59,948 - BorderSurveillance - INFO - Video capture initialized with high-speed async source: E:\SIH\Border-Surveillance-System\gettyimages-1215957003-640_adpp.mp4
2026-09-05 11:23:25,426 - BorderSurveillance - INFO - Blockchain evidence ledger initialised
2026-09-05 11:23:25,428 - BorderSurveillance - INFO - Initializing Object Detector (YOLOv8)...
2026-09-05 11:23:25,429 - BorderSurveillance - INFO - Loading model from E:\SIH\Border-Surveillance-System\models\yolov8n.pt
2026-09-05 11:23:25,465 - BorderSurveillance - INFO - Using device: cpu
2026-09-05 11:23:25,465 - BorderSurveillance - INFO - FrameConditionClassifier initialised.
2026-09-05 11:23:25,465 - BorderSurveillance - INFO - BYTETracker initialised.
2026-09-05 11:23:25,465 - BorderSurveillance - INFO - Border crossing detector initialized with 2 border lines
2026-09-05 11:23:25,576 - BorderSurveillance - INFO - Database initialised.
2026-09-05 11:23:25,610 - BorderSurveillance - INFO - Video capture initialized with high-speed async source: gettyimages-1215957003-640_adpp.mp4
2026-09-05 11:23:25,612 - BorderSurveillance - INFO - Surveillance processing and alert worker threads started.
2026-09-05 11:23:39,989 - BorderSurveillance - INFO - Video capture initialized with high-speed async source: 0
2026-09-05 11:23:56,254 - BorderSurveillance - INFO - Video capture initialized with high-speed async source: E:\SIH\Border-Surveillance-System\gettyimages-1215957003-640_adpp.mp4
2026-09-05 11:24:13,558 - BorderSurveillance - INFO - Video capture initialized with high-speed async source: 0
2026-09-05 11:50:46,223 - BorderSurveillance - INFO - Video capture initialized with high-speed async source: E:\SIH\Border-Surveillance-System\gettyimages-1215957003-640_adpp.mp4
2026-09-05 11:59:04,350 - BorderSurveillance - INFO - Blockchain evidence ledger initialised
2026-09-05 11:59:04,352 - BorderSurveillance - INFO - Initializing Object Detector (YOLOv8)...
2026-09-05 11:59:04,352 - BorderSurveillance - INFO - Loading model from E:\SIH\Border-Surveillance-System\models\yolov8n.pt
2026-09-05 11:59:04,398 - BorderSurveillance - INFO - Using device: cpu
2026-09-05 11:59:04,400 - BorderSurveillance - INFO - FrameConditionClassifier initialised.
2026-09-05 11:59:04,400 - BorderSurveillance - INFO - BYTETracker initialised.
2026-09-05 11:59:04,400 - BorderSurveillance - INFO - Border crossing detector initialized with 2 border lines
2026-09-05 11:59:04,476 - BorderSurveillance - INFO - Database initialised.
2026-09-05 11:59:04,498 - BorderSurveillance - INFO - Video capture initialized with high-speed async source: gettyimages-1215957003-640_adpp.mp4
2026-09-05 11:59:04,499 - BorderSurveillance - INFO - Surveillance processing and alert worker threads started.
2026-09-05 11:59:20,363 - BorderSurveillance - INFO - Video capture initialized with high-speed async source: E:\SIH\Border-Surveillance-System\gettyimages-1215957003-640_adpp.mp4
2026-09-05 20:07:14,050 - BorderSurveillance - INFO - Loading model from E:\SIH\Border-Surveillance-System\models\yolov8n.pt
2026-09-05 20:07:15,882 - BorderSurveillance - INFO - Using device: cuda
2026-09-05 20:07:16,114 - BorderSurveillance - INFO - YOLOv8 accelerated with native CUDA FP16 Tensor Cores.
2026-09-05 20:07:16,116 - BorderSurveillance - INFO - FrameConditionClassifier initialised.
2026-09-05 20:07:16,116 - BorderSurveillance - INFO - BYTETracker initialised.
2026-09-05 20:07:26,981 - BorderSurveillance - INFO - Border crossing detector initialized with 2 border lines
2026-09-05 20:09:15,485 - BorderSurveillance - INFO - Blockchain evidence ledger initialised
2026-09-05 20:09:15,487 - BorderSurveillance - INFO - Initializing Object Detector (YOLOv8)...
2026-09-05 20:09:15,488 - BorderSurveillance - INFO - Loading model from E:\SIH\Border-Surveillance-System\models\yolov8n.pt
2026-09-05 20:09:17,260 - BorderSurveillance - INFO - Using device: cuda
2026-09-05 20:09:17,407 - BorderSurveillance - INFO - YOLOv8 accelerated with native CUDA FP16 Tensor Cores.
2026-09-05 20:09:17,407 - BorderSurveillance - INFO - FrameConditionClassifier initialised.
2026-09-05 20:09:17,408 - BorderSurveillance - INFO - BYTETracker initialised.
2026-09-05 20:09:17,408 - BorderSurveillance - INFO - Border crossing detector initialized with 2 border lines
2026-09-05 20:09:19,022 - BorderSurveillance - INFO - Database initialised.
2026-09-05 20:09:20,269 - BorderSurveillance - INFO - Video capture initialized with high-speed async source: gettyimages-1215957003-640_adpp.mp4
2026-09-05 20:09:20,272 - BorderSurveillance - INFO - Surveillance processing and alert worker threads started.
2026-09-05 20:09:34,804 - BorderSurveillance - INFO - Video capture initialized with high-speed async source: E:\SIH\Border-Surveillance-System\gettyimages-1215957003-640_adpp.mp4
2026-09-05 20:23:00,127 - BorderSurveillance - INFO - Border crossing detector initialized with 2 border lines
2026-09-05 20:23:50,277 - BorderSurveillance - INFO - Border crossing detector initialized with 2 border lines
2026-09-05 20:24:41,071 - BorderSurveillance - INFO - Border crossing detector initialized with 2 border lines
2026-09-05 20:24:58,855 - BorderSurveillance - INFO - Border crossing detector initialized with 2 border lines
2026-09-05 20:25:33,856 - BorderSurveillance - INFO - Border crossing detector initialized with 2 border lines
2026-09-05 20:26:47,547 - BorderSurveillance - INFO - Blockchain evidence ledger initialised
2026-09-05 20:26:47,549 - BorderSurveillance - INFO - Initializing Object Detector (YOLOv8)...
2026-09-05 20:26:47,550 - BorderSurveillance - INFO - Loading model from E:\SIH\Border-Surveillance-System\models\yolov8n.pt
2026-09-05 20:26:49,289 - BorderSurveillance - INFO - Using device: cuda
2026-09-05 20:26:49,431 - BorderSurveillance - INFO - YOLOv8 accelerated with native CUDA FP16 Tensor Cores.
2026-09-05 20:26:49,431 - BorderSurveillance - INFO - FrameConditionClassifier initialised.
2026-09-05 20:26:49,431 - BorderSurveillance - INFO - BYTETracker initialised.
2026-09-05 20:26:49,431 - BorderSurveillance - INFO - Border crossing detector initialized with 2 border lines
2026-09-05 20:26:50,213 - BorderSurveillance - INFO - Database initialised.
2026-09-05 20:26:50,246 - BorderSurveillance - INFO - Video capture initialized with high-speed async source: gettyimages-1215957003-640_adpp.mp4
2026-09-05 20:26:50,247 - BorderSurveillance - INFO - Surveillance processing and alert worker threads started.
2026-09-05 20:32:04,675 - BorderSurveillance - INFO - Loading model from E:\SIH\Border-Surveillance-System\models\yolov8n.pt
2026-09-05 20:32:06,537 - BorderSurveillance - INFO - Using device: cuda
2026-09-05 20:32:06,985 - BorderSurveillance - INFO - YOLOv8 accelerated with native CUDA FP16 Tensor Cores.
2026-09-05 20:32:06,986 - BorderSurveillance - INFO - FrameConditionClassifier initialised.
2026-09-05 20:32:06,987 - BorderSurveillance - INFO - BYTETracker initialised.
2026-09-05 20:43:29,949 - BorderSurveillance - INFO - Blockchain evidence ledger initialised
2026-09-05 20:43:29,950 - BorderSurveillance - INFO - Initializing Object Detector (YOLOv8)...
2026-09-05 20:43:29,950 - BorderSurveillance - INFO - Loading model from E:\SIH\Border-Surveillance-System\models\yolov8n.pt
2026-09-05 20:43:31,625 - BorderSurveillance - INFO - Using device: cuda
2026-09-05 20:43:31,735 - BorderSurveillance - INFO - YOLOv8 accelerated with native CUDA FP16 Tensor Cores.
2026-09-05 20:43:31,736 - BorderSurveillance - INFO - FrameConditionClassifier initialised.
2026-09-05 20:43:31,736 - BorderSurveillance - INFO - BYTETracker initialised.
2026-09-05 20:43:31,736 - BorderSurveillance - INFO - Border crossing detector initialized with 2 border lines
2026-09-05 20:43:31,965 - BorderSurveillance - INFO - Database initialised.
2026-09-05 20:43:32,046 - BorderSurveillance - INFO - Video capture initialized with high-speed async source: gettyimages-1215957003-640_adpp.mp4
2026-09-05 20:43:32,049 - BorderSurveillance - INFO - Surveillance processing and alert worker threads started.
2026-09-05 20:46:09,992 - BorderSurveillance - INFO - Blockchain evidence ledger initialised
2026-09-05 20:46:10,001 - BorderSurveillance - INFO - Initializing Object Detector (YOLOv8)...
2026-09-05 20:46:10,001 - BorderSurveillance - INFO - Loading model from E:\SIH\Border-Surveillance-System\models\yolov8n.pt
2026-09-05 20:46:11,966 - BorderSurveillance - INFO - Using device: cuda
2026-09-05 20:46:12,256 - BorderSurveillance - INFO - YOLOv8 accelerated with native CUDA FP16 Tensor Cores.
2026-09-05 20:46:12,258 - BorderSurveillance - INFO - FrameConditionClassifier initialised.
2026-09-05 20:46:12,259 - BorderSurveillance - INFO - BYTETracker initialised.
2026-09-05 20:46:12,259 - BorderSurveillance - INFO - Border crossing detector initialized with 2 border lines
2026-09-05 20:46:12,661 - BorderSurveillance - INFO - Database initialised.
2026-09-05 20:46:12,800 - BorderSurveillance - INFO - Video capture initialized with high-speed async source: gettyimages-1215957003-640_adpp.mp4
2026-09-05 20:46:12,812 - BorderSurveillance - INFO - Surveillance processing and alert worker threads started.
2026-09-05 20:47:19,404 - BorderSurveillance - INFO - Video capture initialized with high-speed async source: E:\SIH\Border-Surveillance-System\gettyimages-1215957003-640_adpp.mp4
2026-09-05 20:47:25,920 - BorderSurveillance - WARNING - Simulated DB tamper attack executed on Alert #174
2026-09-05 20:47:25,944 - BorderSurveillance - INFO - Restored Alert #174 from tamper simulation backup
2026-09-05 20:50:41,463 - BorderSurveillance - INFO - Blockchain evidence ledger initialised
2026-09-05 20:50:41,472 - BorderSurveillance - INFO - Initializing Object Detector (YOLOv8)...
2026-09-05 20:50:41,474 - BorderSurveillance - INFO - Loading model from E:\SIH\Border-Surveillance-System\models\yolov8n.pt
2026-09-05 20:50:41,629 - BorderSurveillance - INFO - Using device: cpu
2026-09-05 20:50:41,644 - BorderSurveillance - INFO - FrameConditionClassifier initialised.
2026-09-05 20:50:41,646 - BorderSurveillance - INFO - BYTETracker initialised.
2026-09-05 20:50:41,648 - BorderSurveillance - INFO - Border crossing detector initialized with 2 border lines
2026-09-05 20:50:42,424 - BorderSurveillance - INFO - Database initialised.
2026-09-05 20:50:42,680 - BorderSurveillance - INFO - Video capture initialized with high-speed async source: gettyimages-1215957003-640_adpp.mp4
2026-09-05 20:50:42,682 - BorderSurveillance - INFO - Surveillance processing and alert worker threads started.
2026-09-05 20:51:34,475 - BorderSurveillance - INFO - Video capture initialized with high-speed async source: 0
2026-09-05 20:58:35,813 - BorderSurveillance - INFO - Blockchain evidence ledger initialised
2026-09-05 20:58:35,813 - BorderSurveillance - INFO - Initializing Object Detector (YOLOv8)...
2026-09-05 20:58:35,817 - BorderSurveillance - INFO - Loading model from E:\SIH\Border-Surveillance-System\models\yolov8n.pt
2026-09-05 20:58:35,853 - BorderSurveillance - INFO - Using device: cpu
2026-09-05 20:58:35,857 - BorderSurveillance - INFO - FrameConditionClassifier initialised.
2026-09-05 20:58:35,857 - BorderSurveillance - INFO - BYTETracker initialised.
2026-09-05 20:58:35,857 - BorderSurveillance - INFO - Border crossing detector initialized with 2 border lines
2026-09-05 20:58:35,956 - BorderSurveillance - INFO - Database initialised.
2026-09-05 20:58:35,987 - BorderSurveillance - INFO - Video capture initialized with high-speed async source: gettyimages-1215957003-640_adpp.mp4
2026-09-05 20:58:35,987 - BorderSurveillance - INFO - Surveillance processing and alert worker threads started.
2026-09-05 21:00:11,440 - BorderSurveillance - WARNING - Simulated DB tamper attack executed on Alert #230
2026-09-05 21:00:33,527 - BorderSurveillance - WARNING - Simulated DB tamper attack executed on Alert #230
2026-09-05 21:00:35,466 - BorderSurveillance - INFO - Restored Alert #230 from tamper simulation backup
2026-09-05 21:00:50,553 - BorderSurveillance - WARNING - Simulated DB tamper attack executed on Alert #229
2026-09-05 21:00:55,078 - BorderSurveillance - INFO - Restored Alert #229 from tamper simulation backup
2026-09-05 21:01:10,526 - BorderSurveillance - WARNING - Simulated DB tamper attack executed on Alert #229
2026-09-05 21:01:21,584 - BorderSurveillance - INFO - Restored Alert #229 from tamper simulation backup
2026-09-08 14:18:50,243 - BorderSurveillance - INFO - Blockchain evidence ledger initialised
2026-09-08 14:18:50,243 - BorderSurveillance - INFO - Initializing Object Detector (YOLOv8)...
2026-09-08 14:18:50,243 - BorderSurveillance - INFO - Loading model from E:\SIH\Border-Surveillance-System\models\yolov8n.pt
2026-09-08 14:18:50,473 - BorderSurveillance - INFO - Using device: cpu
2026-09-08 14:18:50,473 - BorderSurveillance - INFO - FrameConditionClassifier initialised.
2026-09-08 14:18:50,473 - BorderSurveillance - INFO - BYTETracker initialised.
2026-09-08 14:18:50,473 - BorderSurveillance - INFO - Border crossing detector initialized with 2 border lines
2026-09-08 14:18:50,994 - BorderSurveillance - INFO - Database initialised.
2026-09-08 14:18:51,228 - BorderSurveillance - INFO - Video capture initialized with high-speed async source: gettyimages-1215957003-640_adpp.mp4
2026-09-08 14:18:51,239 - BorderSurveillance - INFO - Surveillance processing and alert worker threads started.
2026-09-08 16:20:44,696 - BorderSurveillance - INFO - Blockchain evidence ledger initialised
2026-09-08 16:20:44,696 - BorderSurveillance - INFO - Initializing Object Detector (YOLOv8)...
2026-09-08 16:20:44,696 - BorderSurveillance - INFO - Loading model from E:\SIH\Border-Surveillance-System\models\yolov8n.pt
2026-09-08 16:20:44,799 - BorderSurveillance - INFO - Using device: cpu
2026-09-08 16:20:44,808 - BorderSurveillance - INFO - FrameConditionClassifier initialised.
2026-09-08 16:20:44,808 - BorderSurveillance - INFO - BYTETracker initialised.
2026-09-08 16:20:44,808 - BorderSurveillance - INFO - Border crossing detector initialized with 2 border lines
2026-09-08 16:20:45,159 - BorderSurveillance - INFO - Database initialised.
2026-09-08 16:20:45,407 - BorderSurveillance - INFO - Video capture initialized with high-speed async source: gettyimages-1215957003-640_adpp.mp4
2026-09-08 16:20:45,413 - BorderSurveillance - INFO - Surveillance processing and alert worker threads started.
2026-09-08 16:21:22,052 - BorderSurveillance - INFO - Video capture initialized with high-speed async source: 0
2026-09-08 16:22:44,362 - BorderSurveillance - ERROR - Assistant query error: local variable 'answered' referenced before assignment
2026-09-08 16:22:53,495 - BorderSurveillance - ERROR - Assistant query error: local variable 'answered' referenced before assignment
2026-09-08 16:23:15,193 - BorderSurveillance - INFO - Surveillance processing thread stopped.
2026-09-08 19:02:14,574 - BorderSurveillance - INFO - ANPR Engine initialized with 4 watchlist entries.
2026-09-08 19:08:30,460 - BorderSurveillance - INFO - Blockchain evidence ledger initialised
2026-09-08 19:08:30,515 - BorderSurveillance - INFO - ANPR Engine initialized with 4 watchlist entries.
2026-09-08 19:08:30,596 - BorderSurveillance - INFO - CameraManager initialized with 4 registered camera nodes.
2026-09-08 19:08:30,599 - BorderSurveillance - INFO - Initializing Object Detector (YOLOv8)...
2026-09-08 19:08:30,599 - BorderSurveillance - INFO - Loading model from E:\SIH\Border-Surveillance-System\models\yolov8n.pt
2026-09-08 19:08:32,504 - BorderSurveillance - INFO - Using device: cuda
2026-09-08 19:08:32,676 - BorderSurveillance - INFO - YOLOv8 accelerated with native CUDA FP16 Tensor Cores.
2026-09-08 19:08:32,677 - BorderSurveillance - INFO - FrameConditionClassifier initialised.
2026-09-08 19:08:32,677 - BorderSurveillance - INFO - BYTETracker initialised.
2026-09-08 19:08:32,678 - BorderSurveillance - INFO - Border crossing detector initialized with 2 border lines
2026-09-08 19:14:23,026 - BorderSurveillance - INFO - ANPR Engine initialized with 4 watchlist entries.
2026-09-08 19:15:08,141 - BorderSurveillance - INFO - ANPR Engine initialized with 4 watchlist entries.
2026-09-08 19:15:08,172 - BorderSurveillance - INFO - Added MH12DE4321 to ANPR Watchlist: Suspect transport
2026-09-08 19:26:38,489 - BorderSurveillance - INFO - ANPR Engine initialized with 4 watchlist entries.
2026-09-08 19:26:38,499 - BorderSurveillance - INFO - Added MH12DE4321 to ANPR Watchlist: Suspect transport
2026-09-08 19:27:24,604 - BorderSurveillance - INFO - ANPR Engine initialized with 4 watchlist entries.
2026-09-08 19:27:24,615 - BorderSurveillance - INFO - Added MH12DE4321 to ANPR Watchlist: Suspect transport
2026-09-08 19:27:42,290 - BorderSurveillance - INFO - ANPR Engine initialized with 4 watchlist entries.
2026-09-08 19:27:42,306 - BorderSurveillance - INFO - Added MH12DE4321 to ANPR Watchlist: Suspect transport
2026-09-08 19:30:17,109 - BorderSurveillance - INFO - ANPR Engine initialized with 4 watchlist entries.
2026-09-08 19:30:17,120 - BorderSurveillance - INFO - Added MH12DE4321 to ANPR Watchlist: Suspect transport
2026-09-08 19:31:17,325 - BorderSurveillance - INFO - ANPR Engine initialized with 4 watchlist entries.
2026-09-08 19:31:17,339 - BorderSurveillance - INFO - Added MH12DE4321 to ANPR Watchlist: Suspect transport
2026-09-08 19:31:36,219 - BorderSurveillance - INFO - ANPR Engine initialized with 4 watchlist entries.
2026-09-08 19:31:36,231 - BorderSurveillance - INFO - Added MH12DE4321 to ANPR Watchlist: Suspect transport
2026-09-08 19:42:24,770 - BorderSurveillance - INFO - ANPR Engine initialized with 4 watchlist entries.
2026-09-08 19:42:24,781 - BorderSurveillance - INFO - Added MH12DE4321 to ANPR Watchlist: Suspect transport
2026-09-08 19:42:25,275 - BorderSurveillance - INFO - Audit Log #1 recorded: [COMMANDER] COMMANDER-01 -> VERIFY_BREACH on ALERT_234
2026-09-08 19:47:44,873 - BorderSurveillance - INFO - ANPR Engine initialized with 4 watchlist entries.
2026-09-08 19:47:44,884 - BorderSurveillance - INFO - Added MH12DE4321 to ANPR Watchlist: Suspect transport
2026-09-08 19:47:45,468 - BorderSurveillance - INFO - Audit Log #2 recorded: [COMMANDER] COMMANDER-01 -> VERIFY_BREACH on ALERT_235
2026-09-08 19:54:27,447 - BorderSurveillance - INFO - ANPR Engine initialized with 4 watchlist entries.
2026-09-08 19:54:27,463 - BorderSurveillance - INFO - Added MH12DE4321 to ANPR Watchlist: Suspect transport
2026-09-08 19:54:28,293 - BorderSurveillance - INFO - Audit Log #3 recorded: [COMMANDER] COMMANDER-01 -> VERIFY_BREACH on ALERT_236
2026-09-08 19:54:34,106 - BorderSurveillance - INFO - CameraManager initialized with 4 registered camera nodes.
2026-09-08 19:54:34,106 - BorderSurveillance - INFO - Switched surveillance focus to Camera [cam_1] - Sector B Barbed Perimeter
2026-09-08 19:54:56,820 - BorderSurveillance - INFO - ANPR Engine initialized with 4 watchlist entries.
2026-09-08 19:54:56,837 - BorderSurveillance - INFO - Added MH12DE4321 to ANPR Watchlist: Suspect transport
2026-09-08 19:54:57,300 - BorderSurveillance - INFO - Audit Log #4 recorded: [COMMANDER] COMMANDER-01 -> VERIFY_BREACH on ALERT_237
2026-09-08 19:55:00,228 - BorderSurveillance - INFO - CameraManager initialized with 4 registered camera nodes.
2026-09-08 19:55:00,228 - BorderSurveillance - INFO - Switched surveillance focus to Camera [cam_1] - Sector B Barbed Perimeter
2026-09-08 19:55:06,127 - BorderSurveillance - INFO - Blockchain evidence ledger initialised
2026-09-08 19:55:06,131 - BorderSurveillance - INFO - Initializing Object Detector (YOLOv8)...
2026-09-08 19:55:06,131 - BorderSurveillance - INFO - Loading model from E:\SIH\Border-Surveillance-System\models\yolov8n.pt
2026-09-08 19:55:06,325 - BorderSurveillance - INFO - Using device: cuda
2026-09-08 19:55:07,228 - BorderSurveillance - INFO - YOLOv8 accelerated with native CUDA FP16 Tensor Cores.
2026-09-08 19:55:07,229 - BorderSurveillance - INFO - FrameConditionClassifier initialised.
2026-09-08 19:55:07,229 - BorderSurveillance - INFO - BYTETracker initialised.
2026-09-08 19:55:07,229 - BorderSurveillance - INFO - Border crossing detector initialized with 2 border lines
2026-09-08 19:55:21,729 - BorderSurveillance - INFO - ANPR Engine initialized with 4 watchlist entries.
2026-09-08 19:55:21,747 - BorderSurveillance - INFO - Added MH12DE4321 to ANPR Watchlist: Suspect transport
2026-09-08 19:55:22,580 - BorderSurveillance - INFO - Audit Log #5 recorded: [COMMANDER] COMMANDER-01 -> VERIFY_BREACH on ALERT_238
2026-09-08 19:55:27,381 - BorderSurveillance - INFO - CameraManager initialized with 4 registered camera nodes.
2026-09-08 19:55:27,381 - BorderSurveillance - INFO - Switched surveillance focus to Camera [cam_1] - Sector B Barbed Perimeter
2026-09-08 19:55:40,287 - BorderSurveillance - INFO - Blockchain evidence ledger initialised
2026-09-08 19:55:40,297 - BorderSurveillance - INFO - Initializing Object Detector (YOLOv8)...
2026-09-08 19:55:40,298 - BorderSurveillance - INFO - Loading model from E:\SIH\Border-Surveillance-System\models\yolov8n.pt
2026-09-08 19:55:40,515 - BorderSurveillance - INFO - Using device: cuda
2026-09-08 19:55:43,237 - BorderSurveillance - INFO - YOLOv8 accelerated with native CUDA FP16 Tensor Cores.
2026-09-08 19:55:43,238 - BorderSurveillance - INFO - FrameConditionClassifier initialised.
2026-09-08 19:55:43,238 - BorderSurveillance - INFO - BYTETracker initialised.
2026-09-08 19:55:43,238 - BorderSurveillance - INFO - Border crossing detector initialized with 2 border lines
2026-09-08 19:55:43,979 - BorderSurveillance - WARNING - Blockchain verification lookup error: EvidenceChain.verify_evidence() missing 2 required positional arguments: 'snapshot_path' and 'thumbnail_path'
2026-09-08 19:55:43,995 - BorderSurveillance - WARNING - Blockchain verification lookup error: EvidenceChain.verify_evidence() missing 2 required positional arguments: 'snapshot_path' and 'thumbnail_path'
2026-09-08 19:55:44,001 - BorderSurveillance - INFO - Audit Log #6 recorded: [COMMANDER] CDR. Vikram Singh (Demo Mode) -> DOSSIER_EXPORT on Alert #238
2026-09-08 19:55:44,389 - BorderSurveillance - INFO - Video capture initialized with high-speed async source: E:\SIH\Border-Surveillance-System\gettyimages-1215957003-640_adpp.mp4
2026-09-08 19:55:44,390 - BorderSurveillance - INFO - Switched surveillance focus to Camera [cam_0] - Zero-Line North Outpost
2026-09-08 19:55:44,393 - BorderSurveillance - INFO - Audit Log #7 recorded: [COMMANDER] CDR. Vikram Singh (Demo Mode) -> CAMERA_SWITCH on Camera [cam_0]
2026-09-08 19:55:44,419 - BorderSurveillance - INFO - Audit Log #8 recorded: [OPERATOR] OPR. Rajesh Kumar -> ROLE_SWITCH on Operator Terminal
2026-09-08 20:05:00,367 - BorderSurveillance - INFO - ANPR Engine initialized with 4 watchlist entries.
2026-09-08 20:05:00,384 - BorderSurveillance - INFO - Added MH12DE4321 to ANPR Watchlist: Suspect transport
2026-09-08 20:05:01,048 - BorderSurveillance - INFO - Audit Log #9 recorded: [COMMANDER] COMMANDER-01 -> VERIFY_BREACH on ALERT_239
2026-09-08 20:05:04,643 - BorderSurveillance - INFO - CameraManager initialized with 4 registered camera nodes.
2026-09-08 20:05:04,644 - BorderSurveillance - INFO - Switched surveillance focus to Camera [cam_1] - Sector B Barbed Perimeter
2026-09-08 20:05:08,623 - BorderSurveillance - INFO - Blockchain evidence ledger initialised
2026-09-08 20:05:08,627 - BorderSurveillance - INFO - Initializing Object Detector (YOLOv8)...
2026-09-08 20:05:08,627 - BorderSurveillance - INFO - Loading model from E:\SIH\Border-Surveillance-System\models\yolov8n.pt
2026-09-08 20:05:08,671 - BorderSurveillance - INFO - Using device: cuda
2026-09-08 20:05:09,561 - BorderSurveillance - INFO - YOLOv8 accelerated with native CUDA FP16 Tensor Cores.
2026-09-08 20:05:09,561 - BorderSurveillance - INFO - FrameConditionClassifier initialised.
2026-09-08 20:05:09,562 - BorderSurveillance - INFO - BYTETracker initialised.
2026-09-08 20:05:09,562 - BorderSurveillance - INFO - Border crossing detector initialized with 2 border lines
2026-09-08 20:05:09,854 - BorderSurveillance - INFO - Audit Log #10 recorded: [COMMANDER] CDR. Vikram Singh (Demo Mode) -> DOSSIER_EXPORT on Alert #239
2026-09-08 20:05:09,946 - BorderSurveillance - INFO - Video capture initialized with high-speed async source: E:\SIH\Border-Surveillance-System\gettyimages-1215957003-640_adpp.mp4
2026-09-08 20:05:09,946 - BorderSurveillance - INFO - Switched surveillance focus to Camera [cam_0] - Zero-Line North Outpost
2026-09-08 20:05:09,947 - BorderSurveillance - INFO - Audit Log #11 recorded: [COMMANDER] CDR. Vikram Singh (Demo Mode) -> CAMERA_SWITCH on Camera [cam_0]
2026-09-08 20:05:09,965 - BorderSurveillance - INFO - Audit Log #12 recorded: [OPERATOR] OPR. Rajesh Kumar -> ROLE_SWITCH on Operator Terminal
2026-09-08 20:09:03,030 - BorderSurveillance - INFO - Blockchain evidence ledger initialised
2026-09-08 20:09:03,110 - BorderSurveillance - INFO - ANPR Engine initialized with 4 watchlist entries.
2026-09-08 20:09:03,196 - BorderSurveillance - INFO - CameraManager initialized with 4 registered camera nodes.
2026-09-08 20:09:03,209 - BorderSurveillance - INFO - Initializing Object Detector (YOLOv8)...
2026-09-08 20:09:03,210 - BorderSurveillance - INFO - Loading model from E:\SIH\Border-Surveillance-System\models\yolov8n.pt
2026-09-08 20:09:05,125 - BorderSurveillance - INFO - Using device: cuda
2026-09-08 20:09:05,588 - BorderSurveillance - INFO - YOLOv8 accelerated with native CUDA FP16 Tensor Cores.
2026-09-08 20:09:05,589 - BorderSurveillance - INFO - FrameConditionClassifier initialised.
2026-09-08 20:09:05,590 - BorderSurveillance - INFO - BYTETracker initialised.
2026-09-08 20:09:05,592 - BorderSurveillance - INFO - Border crossing detector initialized with 2 border lines
2026-09-08 20:12:32,513 - BorderSurveillance - INFO - Blockchain evidence ledger initialised
2026-09-08 20:12:32,550 - BorderSurveillance - INFO - ANPR Engine initialized with 4 watchlist entries.
2026-09-08 20:12:32,565 - BorderSurveillance - INFO - CameraManager initialized with 4 registered camera nodes.
2026-09-08 20:12:32,571 - BorderSurveillance - INFO - Initializing Object Detector (YOLOv8)...
2026-09-08 20:12:32,572 - BorderSurveillance - INFO - Loading model from E:\SIH\Border-Surveillance-System\models\yolov8n.pt
2026-09-08 20:12:34,300 - BorderSurveillance - INFO - Using device: cuda
2026-09-08 20:12:34,436 - BorderSurveillance - INFO - YOLOv8 accelerated with native CUDA FP16 Tensor Cores.
2026-09-08 20:12:34,437 - BorderSurveillance - INFO - FrameConditionClassifier initialised.
2026-09-08 20:12:34,437 - BorderSurveillance - INFO - BYTETracker initialised.
2026-09-08 20:12:34,437 - BorderSurveillance - INFO - Border crossing detector initialized with 2 border lines
2026-09-08 20:15:58,666 - BorderSurveillance - INFO - ANPR Engine initialized with 4 watchlist entries.
2026-09-08 20:15:58,681 - BorderSurveillance - INFO - Added MH12DE4321 to ANPR Watchlist: Suspect transport
2026-09-08 20:17:34,726 - BorderSurveillance - INFO - ANPR Engine initialized with 4 watchlist entries.
2026-09-08 20:17:34,739 - BorderSurveillance - INFO - Added MH12DE4321 to ANPR Watchlist: Suspect transport
2026-09-08 20:17:35,264 - BorderSurveillance - INFO - Audit Log #13 recorded: [COMMANDER] COMMANDER-01 -> VERIFY_BREACH on ALERT_240
2026-09-08 20:17:41,827 - BorderSurveillance - INFO - CameraManager initialized with 4 registered camera nodes.
2026-09-08 20:17:41,828 - BorderSurveillance - INFO - Switched surveillance focus to Camera [cam_1] - Sector B Barbed Perimeter
2026-09-08 20:17:52,590 - BorderSurveillance - INFO - Blockchain evidence ledger initialised
2026-09-08 20:17:52,607 - BorderSurveillance - INFO - Initializing Object Detector (YOLOv8)...
2026-09-08 20:17:52,609 - BorderSurveillance - INFO - Loading model from E:\SIH\Border-Surveillance-System\models\yolov8n.pt
2026-09-08 20:17:52,802 - BorderSurveillance - INFO - Using device: cuda
2026-09-08 20:17:53,967 - BorderSurveillance - INFO - YOLOv8 accelerated with native CUDA FP16 Tensor Cores.
2026-09-08 20:17:53,968 - BorderSurveillance - INFO - FrameConditionClassifier initialised.
2026-09-08 20:17:53,970 - BorderSurveillance - INFO - BYTETracker initialised.
2026-09-08 20:17:53,971 - BorderSurveillance - INFO - Border crossing detector initialized with 2 border lines
2026-09-08 20:17:54,565 - BorderSurveillance - INFO - Audit Log #14 recorded: [COMMANDER] CDR. Vikram Singh (Demo Mode) -> DOSSIER_EXPORT on Alert #240
2026-09-08 20:17:54,792 - BorderSurveillance - INFO - Video capture initialized with high-speed async source: E:\SIH\Border-Surveillance-System\gettyimages-1215957003-640_adpp.mp4
2026-09-08 20:17:54,793 - BorderSurveillance - INFO - Switched surveillance focus to Camera [cam_0] - Zero-Line North Outpost
2026-09-08 20:17:54,797 - BorderSurveillance - INFO - Audit Log #15 recorded: [COMMANDER] CDR. Vikram Singh (Demo Mode) -> CAMERA_SWITCH on Camera [cam_0]
2026-09-08 20:17:54,834 - BorderSurveillance - INFO - Audit Log #16 recorded: [OPERATOR] OPR. Rajesh Kumar -> ROLE_SWITCH on Operator Terminal
2026-09-08 20:21:08,785 - BorderSurveillance - INFO - Blockchain evidence ledger initialised
2026-09-08 20:21:08,886 - BorderSurveillance - INFO - ANPR Engine initialized with 4 watchlist entries.
2026-09-08 20:21:09,053 - BorderSurveillance - INFO - CameraManager initialized with 4 registered camera nodes.
2026-09-08 20:21:09,060 - BorderSurveillance - INFO - Initializing Object Detector (YOLOv8)...
2026-09-08 20:21:09,060 - BorderSurveillance - INFO - Loading model from E:\SIH\Border-Surveillance-System\models\yolov8n.pt
2026-09-08 20:21:09,244 - BorderSurveillance - INFO - Using device: cpu
2026-09-08 20:21:09,251 - BorderSurveillance - INFO - FrameConditionClassifier initialised.
2026-09-08 20:21:09,251 - BorderSurveillance - INFO - BYTETracker initialised.
2026-09-08 20:21:09,252 - BorderSurveillance - INFO - Border crossing detector initialized with 2 border lines
2026-09-08 20:21:09,880 - BorderSurveillance - INFO - Database initialised.
2026-09-08 20:21:10,177 - BorderSurveillance - INFO - Video capture initialized with high-speed async source: gettyimages-1215957003-640_adpp.mp4
2026-09-08 20:21:10,179 - BorderSurveillance - INFO - Surveillance processing and alert worker threads started.
2026-09-08 20:21:31,360 - BorderSurveillance - INFO - Video capture initialized with high-speed async source: E:\SIH\Border-Surveillance-System\gettyimages-1215957003-640_adpp.mp4
2026-09-08 20:21:31,363 - BorderSurveillance - INFO - Switched surveillance focus to Camera [cam_2] - Riverine Crossing Checkpoint
2026-09-08 20:21:31,374 - BorderSurveillance - INFO - Audit Log #17 recorded: [COMMANDER] CDR. Vikram Singh (Demo Mode) -> CAMERA_SWITCH on Camera [cam_2]
2026-09-08 20:21:34,804 - BorderSurveillance - INFO - Video capture initialized with high-speed async source: E:\SIH\Border-Surveillance-System\gettyimages-1215957003-640_adpp.mp4
2026-09-08 20:21:34,811 - BorderSurveillance - INFO - Switched surveillance focus to Camera [cam_0] - Zero-Line North Outpost
2026-09-08 20:21:34,827 - BorderSurveillance - INFO - Audit Log #18 recorded: [COMMANDER] CDR. Vikram Singh (Demo Mode) -> CAMERA_SWITCH on Camera [cam_0]
2026-09-08 20:31:49,100 - BorderSurveillance - INFO - Blockchain evidence ledger initialised
2026-09-08 20:31:49,191 - BorderSurveillance - INFO - ANPR Engine initialized with 4 watchlist entries.
2026-09-08 20:31:49,243 - BorderSurveillance - INFO - CameraManager initialized with 4 registered camera nodes.
2026-09-08 20:31:49,259 - BorderSurveillance - INFO - Initializing Object Detector (YOLOv8)...
2026-09-08 20:31:49,260 - BorderSurveillance - INFO - Loading model from E:\SIH\Border-Surveillance-System\models\yolov8n.pt
2026-09-08 20:31:51,207 - BorderSurveillance - INFO - Using device: cuda
2026-09-08 20:31:51,671 - BorderSurveillance - INFO - YOLOv8 accelerated with native CUDA FP16 Tensor Cores.
2026-09-08 20:31:51,673 - BorderSurveillance - INFO - FrameConditionClassifier initialised.
2026-09-08 20:31:51,674 - BorderSurveillance - INFO - BYTETracker initialised.
2026-09-08 20:31:51,676 - BorderSurveillance - INFO - Border crossing detector initialized with 2 border lines
2026-09-08 20:31:52,856 - BorderSurveillance - INFO - Seeded 3 operational defense accounts into User table.
2026-09-08 20:31:54,293 - BorderSurveillance - INFO - Audit Log #19 recorded: [UNAUTHENTICATED] commander -> LOGIN_FAILED on C2 Command Platform
2026-09-08 20:31:54,482 - BorderSurveillance - INFO - Audit Log #20 recorded: [COMMANDER] CDR. Vikram Singh -> USER_LOGIN on C2 Command Platform
2026-09-08 20:31:54,513 - BorderSurveillance - INFO - Audit Log #21 recorded: [COMMANDER] CDR. Vikram Singh -> USER_LOGOUT on C2 Command Platform
2026-09-08 20:33:03,794 - BorderSurveillance - INFO - ANPR Engine initialized with 4 watchlist entries.
2026-09-08 20:33:03,805 - BorderSurveillance - INFO - Added MH12DE4321 to ANPR Watchlist: Suspect transport
2026-09-08 20:33:04,754 - BorderSurveillance - INFO - Audit Log #22 recorded: [COMMANDER] COMMANDER-01 -> VERIFY_BREACH on ALERT_241
2026-09-08 20:33:08,620 - BorderSurveillance - INFO - CameraManager initialized with 4 registered camera nodes.
2026-09-08 20:33:08,621 - BorderSurveillance - INFO - Switched surveillance focus to Camera [cam_1] - Sector B Barbed Perimeter
2026-09-08 20:33:20,314 - BorderSurveillance - INFO - Blockchain evidence ledger initialised
2026-09-08 20:33:20,333 - BorderSurveillance - INFO - Initializing Object Detector (YOLOv8)...
2026-09-08 20:33:20,335 - BorderSurveillance - INFO - Loading model from E:\SIH\Border-Surveillance-System\models\yolov8n.pt
2026-09-08 20:33:20,527 - BorderSurveillance - INFO - Using device: cuda
2026-09-08 20:33:21,633 - BorderSurveillance - INFO - YOLOv8 accelerated with native CUDA FP16 Tensor Cores.
2026-09-08 20:33:21,634 - BorderSurveillance - INFO - FrameConditionClassifier initialised.
2026-09-08 20:33:21,636 - BorderSurveillance - INFO - BYTETracker initialised.
2026-09-08 20:33:21,637 - BorderSurveillance - INFO - Border crossing detector initialized with 2 border lines
2026-09-08 20:33:22,274 - BorderSurveillance - INFO - Audit Log #23 recorded: [COMMANDER] CDR. Vikram Singh (Demo Mode) -> DOSSIER_EXPORT on Alert #241
2026-09-08 20:33:22,502 - BorderSurveillance - INFO - Video capture initialized with high-speed async source: E:\SIH\Border-Surveillance-System\gettyimages-1215957003-640_adpp.mp4
2026-09-08 20:33:22,503 - BorderSurveillance - INFO - Switched surveillance focus to Camera [cam_0] - Zero-Line North Outpost
2026-09-08 20:33:22,507 - BorderSurveillance - INFO - Audit Log #24 recorded: [COMMANDER] CDR. Vikram Singh (Demo Mode) -> CAMERA_SWITCH on Camera [cam_0]
2026-09-08 20:33:22,542 - BorderSurveillance - INFO - Audit Log #25 recorded: [OPERATOR] OPR. Rajesh Kumar -> ROLE_SWITCH on Operator Terminal
2026-09-08 20:35:14,799 - BorderSurveillance - INFO - Blockchain evidence ledger initialised
2026-09-08 20:35:14,848 - BorderSurveillance - INFO - ANPR Engine initialized with 4 watchlist entries.
2026-09-08 20:35:14,873 - BorderSurveillance - INFO - CameraManager initialized with 4 registered camera nodes.
2026-09-08 20:35:14,879 - BorderSurveillance - INFO - Initializing Object Detector (YOLOv8)...
2026-09-08 20:35:14,880 - BorderSurveillance - INFO - Loading model from E:\SIH\Border-Surveillance-System\models\yolov8n.pt
2026-09-08 20:35:14,907 - BorderSurveillance - INFO - Using device: cpu
2026-09-08 20:35:14,910 - BorderSurveillance - INFO - FrameConditionClassifier initialised.
2026-09-08 20:35:14,911 - BorderSurveillance - INFO - BYTETracker initialised.
2026-09-08 20:35:14,911 - BorderSurveillance - INFO - Border crossing detector initialized with 2 border lines
2026-09-08 20:35:14,992 - BorderSurveillance - INFO - Database initialised.
2026-09-08 20:35:15,017 - BorderSurveillance - INFO - Video capture initialized with high-speed async source: gettyimages-1215957003-640_adpp.mp4
2026-09-08 20:35:15,019 - BorderSurveillance - INFO - Surveillance processing and alert worker threads started.
2026-09-08 20:35:35,816 - BorderSurveillance - INFO - Audit Log #26 recorded: [ANALYST] ANL. Priya Sharma -> USER_LOGIN on C2 Command Platform
2026-09-08 20:45:05,184 - BorderSurveillance - INFO - Blockchain evidence ledger initialised
2026-09-08 20:45:05,220 - BorderSurveillance - INFO - ANPR Engine initialized with 4 watchlist entries.
2026-09-08 20:45:05,236 - BorderSurveillance - INFO - CameraManager initialized with 4 registered camera nodes.
2026-09-08 20:45:05,241 - BorderSurveillance - INFO - Initializing Object Detector (YOLOv8)...
2026-09-08 20:45:05,241 - BorderSurveillance - INFO - Loading model from E:\SIH\Border-Surveillance-System\models\yolov8n.pt
2026-09-08 20:45:07,064 - BorderSurveillance - INFO - Using device: cuda
2026-09-08 20:45:07,252 - BorderSurveillance - INFO - YOLOv8 accelerated with native CUDA FP16 Tensor Cores.
2026-09-08 20:45:07,253 - BorderSurveillance - INFO - FrameConditionClassifier initialised.
2026-09-08 20:45:07,253 - BorderSurveillance - INFO - BYTETracker initialised.
2026-09-08 20:45:07,253 - BorderSurveillance - INFO - Border crossing detector initialized with 2 border lines
2026-09-08 20:45:08,117 - BorderSurveillance - INFO - Audit Log #27 recorded: [UNAUTHENTICATED] commander -> LOGIN_FAILED on C2 Command Platform
2026-09-08 20:45:08,189 - BorderSurveillance - INFO - Audit Log #28 recorded: [COMMANDER] CDR. Vikram Singh -> USER_LOGIN on C2 Command Platform
2026-09-08 20:45:08,205 - BorderSurveillance - INFO - Audit Log #29 recorded: [COMMANDER] CDR. Vikram Singh -> USER_LOGOUT on C2 Command Platform
2026-09-08 20:46:39,062 - BorderSurveillance - INFO - Blockchain evidence ledger initialised
2026-09-08 20:46:39,102 - BorderSurveillance - INFO - ANPR Engine initialized with 4 watchlist entries.
2026-09-08 20:46:39,119 - BorderSurveillance - INFO - CameraManager initialized with 4 registered camera nodes.
2026-09-08 20:46:39,125 - BorderSurveillance - INFO - Initializing Object Detector (YOLOv8)...
2026-09-08 20:46:39,125 - BorderSurveillance - INFO - Loading model from E:\SIH\Border-Surveillance-System\models\yolov8n.pt
2026-09-08 20:46:40,938 - BorderSurveillance - INFO - Using device: cuda
2026-09-08 20:46:41,128 - BorderSurveillance - INFO - YOLOv8 accelerated with native CUDA FP16 Tensor Cores.
2026-09-08 20:46:41,129 - BorderSurveillance - INFO - FrameConditionClassifier initialised.
2026-09-08 20:46:41,130 - BorderSurveillance - INFO - BYTETracker initialised.
2026-09-08 20:46:41,130 - BorderSurveillance - INFO - Border crossing detector initialized with 2 border lines
2026-09-08 20:46:42,074 - BorderSurveillance - INFO - Audit Log #30 recorded: [UNAUTHENTICATED] commander -> LOGIN_FAILED on C2 Command Platform
2026-09-08 20:46:42,148 - BorderSurveillance - INFO - Audit Log #31 recorded: [COMMANDER] CDR. Vikram Singh -> USER_LOGIN on C2 Command Platform
2026-09-08 20:46:42,161 - BorderSurveillance - INFO - Audit Log #32 recorded: [COMMANDER] CDR. Vikram Singh -> USER_LOGOUT on C2 Command Platform
2026-09-08 20:48:14,170 - BorderSurveillance - INFO - ANPR Engine initialized with 4 watchlist entries.
2026-09-08 20:48:14,184 - BorderSurveillance - INFO - Added MH12DE4321 to ANPR Watchlist: Suspect transport
2026-09-08 20:48:15,301 - BorderSurveillance - INFO - Audit Log #33 recorded: [COMMANDER] COMMANDER-01 -> VERIFY_BREACH on ALERT_242
2026-09-08 20:48:18,380 - BorderSurveillance - INFO - CameraManager initialized with 4 registered camera nodes.
2026-09-08 20:48:18,381 - BorderSurveillance - INFO - Switched surveillance focus to Camera [cam_1] - Sector B Barbed Perimeter
2026-09-08 20:48:23,438 - BorderSurveillance - INFO - Blockchain evidence ledger initialised
2026-09-08 20:48:23,442 - BorderSurveillance - INFO - Initializing Object Detector (YOLOv8)...
2026-09-08 20:48:23,442 - BorderSurveillance - INFO - Loading model from E:\SIH\Border-Surveillance-System\models\yolov8n.pt
2026-09-08 20:48:23,510 - BorderSurveillance - INFO - Using device: cuda
2026-09-08 20:48:24,398 - BorderSurveillance - INFO - YOLOv8 accelerated with native CUDA FP16 Tensor Cores.
2026-09-08 20:48:24,415 - BorderSurveillance - INFO - FrameConditionClassifier initialised.
2026-09-08 20:48:24,417 - BorderSurveillance - INFO - BYTETracker initialised.
2026-09-08 20:48:24,417 - BorderSurveillance - INFO - Border crossing detector initialized with 2 border lines
2026-09-08 20:48:24,749 - BorderSurveillance - INFO - Audit Log #34 recorded: [COMMANDER] CDR. Vikram Singh (Demo Mode) -> DOSSIER_EXPORT on Alert #242
2026-09-08 20:48:24,831 - BorderSurveillance - INFO - Video capture initialized with high-speed async source: E:\SIH\Border-Surveillance-System\gettyimages-1215957003-640_adpp.mp4
2026-09-08 20:48:24,831 - BorderSurveillance - INFO - Switched surveillance focus to Camera [cam_0] - Zero-Line North Outpost
2026-09-08 20:48:24,834 - BorderSurveillance - INFO - Audit Log #35 recorded: [COMMANDER] CDR. Vikram Singh (Demo Mode) -> CAMERA_SWITCH on Camera [cam_0]
2026-09-08 20:48:24,845 - BorderSurveillance - INFO - Audit Log #36 recorded: [OPERATOR] OPR. Rajesh Kumar -> ROLE_SWITCH on Operator Terminal
2026-09-08 21:34:42,340 - BorderSurveillance - INFO - Blockchain evidence ledger initialised
2026-09-08 21:34:42,368 - BorderSurveillance - INFO - ANPR Engine initialized with 4 watchlist entries.
2026-09-08 21:34:42,398 - BorderSurveillance - INFO - CameraManager initialized with 4 registered camera nodes.
2026-09-08 21:34:42,403 - BorderSurveillance - INFO - Initializing Object Detector (YOLOv8)...
2026-09-08 21:34:42,404 - BorderSurveillance - INFO - Loading model from E:\SIH\Border-Surveillance-System\models\yolov8n.pt
2026-09-08 21:34:42,443 - BorderSurveillance - INFO - Using device: cpu
2026-09-08 21:34:42,446 - BorderSurveillance - INFO - FrameConditionClassifier initialised.
2026-09-08 21:34:42,447 - BorderSurveillance - INFO - BYTETracker initialised.
2026-09-08 21:34:42,447 - BorderSurveillance - INFO - Border crossing detector initialized with 2 border lines
2026-09-08 21:34:42,614 - BorderSurveillance - INFO - Database initialised.
2026-09-08 21:34:42,659 - BorderSurveillance - INFO - Video capture initialized with high-speed async source: gettyimages-1215957003-640_adpp.mp4
2026-09-08 21:34:42,660 - BorderSurveillance - INFO - Surveillance processing and alert worker threads started.
2026-09-09 13:07:41,092 - BorderSurveillance - INFO - Blockchain evidence ledger initialised
2026-09-09 13:07:41,125 - BorderSurveillance - INFO - ANPR Engine initialized with 4 watchlist entries.
2026-09-09 13:07:41,184 - BorderSurveillance - INFO - CameraManager initialized with 4 registered camera nodes.
2026-09-09 13:07:41,188 - BorderSurveillance - INFO - Initializing Object Detector (YOLOv8)...
2026-09-09 13:07:41,189 - BorderSurveillance - INFO - Loading model from E:\SIH\Border-Surveillance-System\models\yolov8n.pt
2026-09-09 13:07:42,979 - BorderSurveillance - INFO - Using device: cuda
2026-09-09 13:07:43,179 - BorderSurveillance - INFO - YOLOv8 accelerated with native CUDA FP16 Tensor Cores.
2026-09-09 13:07:43,181 - BorderSurveillance - INFO - FrameConditionClassifier initialised.
2026-09-09 13:07:43,181 - BorderSurveillance - INFO - BYTETracker initialised.
2026-09-09 13:07:43,182 - BorderSurveillance - INFO - Border crossing detector initialized with 2 border lines
2026-09-09 13:07:43,537 - BorderSurveillance - INFO - Database initialised.
2026-09-09 13:07:43,780 - BorderSurveillance - INFO - Video capture initialized with high-speed async source: gettyimages-1215957003-640_adpp.mp4
2026-09-09 13:07:43,781 - BorderSurveillance - INFO - Surveillance processing and alert worker threads started.
2026-09-09 13:09:49,193 - BorderSurveillance - INFO - Blockchain evidence ledger initialised
2026-09-09 13:09:49,221 - BorderSurveillance - INFO - ANPR Engine initialized with 4 watchlist entries.
2026-09-09 13:09:49,235 - BorderSurveillance - INFO - CameraManager initialized with 4 registered camera nodes.
2026-09-09 13:09:49,239 - BorderSurveillance - INFO - Initializing Object Detector (YOLOv8)...
2026-09-09 13:09:49,239 - BorderSurveillance - INFO - Loading model from E:\SIH\Border-Surveillance-System\models\yolov8n.pt
2026-09-09 13:09:49,299 - BorderSurveillance - INFO - Using device: cuda
2026-09-09 13:09:49,450 - BorderSurveillance - INFO - YOLOv8 accelerated with native CUDA FP16 Tensor Cores.
2026-09-09 13:09:49,645 - BorderSurveillance - INFO - FrameConditionClassifier initialised.
2026-09-09 13:09:49,646 - BorderSurveillance - INFO - BYTETracker initialised.
2026-09-09 13:09:49,646 - BorderSurveillance - INFO - Border crossing detector initialized with 2 border lines
2026-09-09 13:10:43,487 - BorderSurveillance - INFO - Blockchain evidence ledger initialised
2026-09-09 13:10:43,515 - BorderSurveillance - INFO - ANPR Engine initialized with 4 watchlist entries.
2026-09-09 13:10:43,529 - BorderSurveillance - INFO - CameraManager initialized with 4 registered camera nodes.
2026-09-09 13:10:43,534 - BorderSurveillance - INFO - Initializing Object Detector (YOLOv8)...
2026-09-09 13:10:43,535 - BorderSurveillance - INFO - Loading model from E:\SIH\Border-Surveillance-System\models\yolov8n.pt
2026-09-09 13:10:43,592 - BorderSurveillance - INFO - Using device: cuda
2026-09-09 13:10:43,748 - BorderSurveillance - INFO - YOLOv8 accelerated with native CUDA FP16 Tensor Cores.
2026-09-09 13:10:43,749 - BorderSurveillance - INFO - FrameConditionClassifier initialised.
2026-09-09 13:10:43,749 - BorderSurveillance - INFO - BYTETracker initialised.
2026-09-09 13:10:43,750 - BorderSurveillance - INFO - Border crossing detector initialized with 2 border lines
2026-09-09 13:10:44,793 - BorderSurveillance - INFO - Audit Log #37 recorded: [UNAUTHENTICATED] commander -> LOGIN_FAILED on C2 Command Platform
2026-09-09 13:10:44,864 - BorderSurveillance - INFO - Audit Log #38 recorded: [COMMANDER] CDR. Vikram Singh -> USER_LOGIN on C2 Command Platform
2026-09-09 13:10:44,873 - BorderSurveillance - INFO - Audit Log #39 recorded: [COMMANDER] CDR. Vikram Singh -> USER_LOGOUT on C2 Command Platform
2026-09-09 13:11:18,649 - BorderSurveillance - INFO - ANPR Engine initialized with 4 watchlist entries.
2026-09-09 13:11:18,698 - BorderSurveillance - INFO - Added MH12DE4321 to ANPR Watchlist: Suspect transport
2026-09-09 13:11:19,471 - BorderSurveillance - INFO - Audit Log #40 recorded: [COMMANDER] COMMANDER-01 -> VERIFY_BREACH on ALERT_249
2026-09-09 13:11:22,186 - BorderSurveillance - INFO - CameraManager initialized with 4 registered camera nodes.
2026-09-09 13:11:22,186 - BorderSurveillance - INFO - Switched surveillance focus to Camera [cam_1] - Sector B Barbed Perimeter
2026-09-09 13:11:25,240 - BorderSurveillance - INFO - Blockchain evidence ledger initialised
2026-09-09 13:11:25,243 - BorderSurveillance - INFO - Initializing Object Detector (YOLOv8)...
2026-09-09 13:11:25,244 - BorderSurveillance - INFO - Loading model from E:\SIH\Border-Surveillance-System\models\yolov8n.pt
2026-09-09 13:11:25,312 - BorderSurveillance - INFO - Using device: cuda
2026-09-09 13:11:25,535 - BorderSurveillance - INFO - YOLOv8 accelerated with native CUDA FP16 Tensor Cores.
2026-09-09 13:11:25,536 - BorderSurveillance - INFO - FrameConditionClassifier initialised.
2026-09-09 13:11:25,536 - BorderSurveillance - INFO - BYTETracker initialised.
2026-09-09 13:11:25,536 - BorderSurveillance - INFO - Border crossing detector initialized with 2 border lines
2026-09-09 13:11:25,781 - BorderSurveillance - INFO - Audit Log #41 recorded: [COMMANDER] CDR. Vikram Singh (Demo Mode) -> DOSSIER_EXPORT on Alert #249
2026-09-09 13:11:25,871 - BorderSurveillance - INFO - Video capture initialized with high-speed async source: E:\SIH\Border-Surveillance-System\gettyimages-1215957003-640_adpp.mp4
2026-09-09 13:11:25,873 - BorderSurveillance - INFO - Switched surveillance focus to Camera [cam_0] - Zero-Line North Outpost
2026-09-09 13:11:25,873 - BorderSurveillance - INFO - Audit Log #42 recorded: [COMMANDER] CDR. Vikram Singh (Demo Mode) -> CAMERA_SWITCH on Camera [cam_0]
2026-09-09 13:11:25,889 - BorderSurveillance - INFO - Audit Log #43 recorded: [OPERATOR] OPR. Rajesh Kumar -> ROLE_SWITCH on Operator Terminal
2026-09-09 13:55:05,542 - BorderSurveillance - INFO - Blockchain evidence ledger initialised
2026-09-09 13:55:05,574 - BorderSurveillance - INFO - ANPR Engine initialized with 4 watchlist entries.
2026-09-09 13:55:05,650 - BorderSurveillance - INFO - CameraManager initialized with 4 registered camera nodes.
2026-09-09 13:55:05,650 - BorderSurveillance - INFO - Initializing Object Detector (YOLOv8)...
2026-09-09 13:55:05,650 - BorderSurveillance - INFO - Loading model from E:\SIH\Border-Surveillance-System\models\yolov8n.pt
2026-09-09 13:55:05,723 - BorderSurveillance - INFO - Using device: cpu
2026-09-09 13:55:05,723 - BorderSurveillance - INFO - FrameConditionClassifier initialised.
2026-09-09 13:55:05,723 - BorderSurveillance - INFO - BYTETracker initialised.
2026-09-09 13:55:05,723 - BorderSurveillance - INFO - Border crossing detector initialized with 2 border lines
2026-09-09 13:55:05,990 - BorderSurveillance - INFO - Database initialised.
2026-09-09 13:55:06,167 - BorderSurveillance - INFO - Video capture initialized with high-speed async source: gettyimages-1215957003-640_adpp.mp4
2026-09-09 13:55:06,167 - BorderSurveillance - INFO - Surveillance processing and alert worker threads started.
2026-09-09 13:56:47,097 - BorderSurveillance - INFO - Audit Log #44 recorded: [ANALYST] ANL. Priya Sharma -> USER_LOGOUT on C2 Command Platform
2026-09-09 13:56:50,659 - BorderSurveillance - INFO - Audit Log #45 recorded: [COMMANDER] CDR. Vikram Singh -> USER_LOGIN on C2 Command Platform
2026-09-09 13:57:13,435 - BorderSurveillance - INFO - Video capture initialized with high-speed async source: 0
2026-09-09 14:12:50,901 - BorderSurveillance - INFO - Blockchain evidence ledger initialised
2026-09-09 14:12:50,959 - BorderSurveillance - INFO - ANPR Engine initialized with 4 watchlist entries.
2026-09-09 14:12:51,005 - BorderSurveillance - INFO - CameraManager initialized with 4 registered camera nodes.
2026-09-09 14:12:51,017 - BorderSurveillance - INFO - Initializing Object Detector (YOLOv8)...
2026-09-09 14:12:51,017 - BorderSurveillance - INFO - Loading model from E:\SIH\Border-Surveillance-System\models\yolov8n.pt
2026-09-09 14:12:52,850 - BorderSurveillance - INFO - Using device: cuda
2026-09-09 14:12:53,047 - BorderSurveillance - INFO - YOLOv8 accelerated with native CUDA FP16 Tensor Cores.
2026-09-09 14:12:53,053 - BorderSurveillance - INFO - FrameConditionClassifier initialised.
2026-09-09 14:12:53,054 - BorderSurveillance - INFO - BYTETracker initialised.
2026-09-09 14:12:53,054 - BorderSurveillance - INFO - Border crossing detector initialized with 2 border lines
2026-09-09 14:12:53,515 - BorderSurveillance - INFO - Audit Log #46 recorded: [UNAUTHENTICATED] commander -> LOGIN_FAILED on C2 Command Platform
2026-09-09 14:12:53,616 - BorderSurveillance - INFO - Audit Log #47 recorded: [COMMANDER] CDR. Vikram Singh -> USER_LOGIN on C2 Command Platform
2026-09-09 14:12:53,638 - BorderSurveillance - INFO - Audit Log #48 recorded: [OPERATOR] OPR. Rajesh Kumar -> ROLE_SWITCH on Operator Terminal
2026-09-09 14:12:53,889 - BorderSurveillance - INFO - Video capture initialized with high-speed async source: E:\SIH\Border-Surveillance-System\gettyimages-1215957003-640_adpp.mp4
2026-09-09 14:12:53,889 - BorderSurveillance - INFO - Switched surveillance focus to Camera [cam_1] - Sector B Barbed Perimeter
2026-09-09 14:12:53,893 - BorderSurveillance - INFO - Audit Log #49 recorded: [COMMANDER] CDR. Vikram Singh -> CAMERA_SWITCH on Camera [cam_1]
2026-09-09 14:12:54,049 - BorderSurveillance - INFO - Video capture initialized with high-speed async source: E:\SIH\Border-Surveillance-System\gettyimages-1215957003-640_adpp.mp4
2026-09-09 14:12:54,057 - BorderSurveillance - INFO - Switched surveillance focus to Camera [cam_0] - Zero-Line North Outpost
2026-09-09 14:12:54,058 - BorderSurveillance - INFO - Audit Log #50 recorded: [COMMANDER] CDR. Vikram Singh -> CAMERA_SWITCH on Camera [cam_0]
2026-09-09 14:12:54,153 - BorderSurveillance - INFO - Audit Log #51 recorded: [COMMANDER] CDR. Vikram Singh (Demo Mode) -> DOSSIER_EXPORT on Alert #254
2026-09-09 14:12:54,371 - BorderSurveillance - INFO - Added HR26DK8888 to ANPR Watchlist: Test Infiltration Target
2026-09-09 14:12:54,373 - BorderSurveillance - INFO - Audit Log #52 recorded: [COMMANDER] CDR. Vikram Singh (Demo Mode) -> WATCHLIST_ADD on Plate HR26DK8888
2026-09-09 14:18:47,510 - BorderSurveillance - INFO - Blockchain evidence ledger initialised
2026-09-09 14:18:47,538 - BorderSurveillance - INFO - ANPR Engine initialized with 4 watchlist entries.
2026-09-09 14:18:47,554 - BorderSurveillance - INFO - CameraManager initialized with 4 registered camera nodes.
2026-09-09 14:18:47,558 - BorderSurveillance - INFO - Initializing Object Detector (YOLOv8)...
2026-09-09 14:18:47,559 - BorderSurveillance - INFO - Loading model from E:\SIH\Border-Surveillance-System\models\yolov8n.pt
2026-09-09 14:18:49,323 - BorderSurveillance - INFO - Using device: cuda
2026-09-09 14:18:49,490 - BorderSurveillance - INFO - YOLOv8 accelerated with native CUDA FP16 Tensor Cores.
2026-09-09 14:18:49,490 - BorderSurveillance - INFO - FrameConditionClassifier initialised.
2026-09-09 14:18:49,491 - BorderSurveillance - INFO - BYTETracker initialised.
2026-09-09 14:18:49,491 - BorderSurveillance - INFO - Border crossing detector initialized with 2 border lines
2026-09-09 14:18:49,829 - BorderSurveillance - INFO - Audit Log #53 recorded: [UNAUTHENTICATED] commander -> LOGIN_FAILED on C2 Command Platform
2026-09-09 14:18:49,904 - BorderSurveillance - INFO - Audit Log #54 recorded: [COMMANDER] CDR. Vikram Singh -> USER_LOGIN on C2 Command Platform
2026-09-09 14:18:49,914 - BorderSurveillance - INFO - Audit Log #55 recorded: [OPERATOR] OPR. Rajesh Kumar -> ROLE_SWITCH on Operator Terminal
2026-09-09 14:18:49,972 - BorderSurveillance - INFO - Video capture initialized with high-speed async source: E:\SIH\Border-Surveillance-System\gettyimages-1215957003-640_adpp.mp4
2026-09-09 14:18:49,973 - BorderSurveillance - INFO - Switched surveillance focus to Camera [cam_1] - Sector B Barbed Perimeter
2026-09-09 14:18:49,974 - BorderSurveillance - INFO - Audit Log #56 recorded: [COMMANDER] CDR. Vikram Singh -> CAMERA_SWITCH on Camera [cam_1]
2026-09-09 14:18:50,073 - BorderSurveillance - INFO - Video capture initialized with high-speed async source: E:\SIH\Border-Surveillance-System\gettyimages-1215957003-640_adpp.mp4
2026-09-09 14:18:50,074 - BorderSurveillance - INFO - Switched surveillance focus to Camera [cam_0] - Zero-Line North Outpost
2026-09-09 14:18:50,076 - BorderSurveillance - INFO - Audit Log #57 recorded: [COMMANDER] CDR. Vikram Singh -> CAMERA_SWITCH on Camera [cam_0]
2026-09-09 14:18:50,168 - BorderSurveillance - INFO - Audit Log #58 recorded: [COMMANDER] CDR. Vikram Singh (Demo Mode) -> DOSSIER_EXPORT on Alert #254
2026-09-09 14:18:50,420 - BorderSurveillance - INFO - Added HR26DK8888 to ANPR Watchlist: Test Infiltration Target
2026-09-09 14:18:50,422 - BorderSurveillance - INFO - Audit Log #59 recorded: [COMMANDER] CDR. Vikram Singh (Demo Mode) -> WATCHLIST_ADD on Plate HR26DK8888
2026-09-09 14:29:10,901 - BorderSurveillance - INFO - Audit Log #60 recorded: [COMMANDER] CDR. Vikram Singh (Demo Mode) -> DOSSIER_EXPORT on Alert #254
2026-09-11 07:46:43,842 - BorderSurveillance - INFO - CameraManager initialized with 4 registered camera nodes.
2026-09-11 07:46:54,679 - BorderSurveillance - INFO - CameraManager initialized with 4 registered camera nodes.
2026-09-11 07:46:54,679 - BorderSurveillance - INFO - Switched surveillance focus to Camera [cam_1] - Sector B Perimeter Crossing
2026-09-11 07:47:55,578 - BorderSurveillance - INFO - CameraManager initialized with 4 registered camera nodes.
2026-09-11 07:48:51,892 - BorderSurveillance - INFO - Blockchain evidence ledger initialised
2026-09-11 07:48:51,944 - BorderSurveillance - INFO - ANPR Engine initialized with 4 watchlist entries.
2026-09-11 07:48:52,078 - BorderSurveillance - INFO - CameraManager initialized with 4 registered camera nodes.
2026-09-11 07:48:52,078 - BorderSurveillance - INFO - Initializing Object Detector (YOLOv8)...
2026-09-11 07:48:52,078 - BorderSurveillance - INFO - Loading model from E:\SIH\Border-Surveillance-System\models\yolov8n.pt
2026-09-11 07:48:52,213 - BorderSurveillance - INFO - Using device: cpu
2026-09-11 07:48:52,220 - BorderSurveillance - INFO - FrameConditionClassifier initialised.
2026-09-11 07:48:52,222 - BorderSurveillance - INFO - BYTETracker initialised.
2026-09-11 07:48:52,222 - BorderSurveillance - INFO - Border crossing detector initialized with 2 border lines
2026-09-11 07:48:52,608 - BorderSurveillance - INFO - Database initialised.
2026-09-11 07:48:52,823 - BorderSurveillance - INFO - Video capture initialized with high-speed async source: gettyimages-1215957003-640_adpp.mp4
2026-09-11 07:48:52,836 - BorderSurveillance - INFO - Surveillance processing and alert worker threads started.
2026-09-11 07:49:02,970 - BorderSurveillance - INFO - Audit Log #61 recorded: [COMMANDER] CDR. Vikram Singh -> USER_LOGIN on C2 Command Platform
2026-09-11 07:49:21,416 - BorderSurveillance - INFO - Video capture initialized with high-speed async source: E:\SIH\Border-Surveillance-System\15690486_1920_1080_25fps.mp4
2026-09-11 07:50:06,185 - BorderSurveillance - INFO - Audit Log #62 recorded: [COMMANDER] CDR. Vikram Singh (Demo Mode) -> DOSSIER_EXPORT on Alert #264
2026-09-11 07:54:01,230 - BorderSurveillance - WARNING - Simulated DB tamper attack executed on Alert #253
2026-09-11 07:54:08,850 - BorderSurveillance - INFO - Restored Alert #253 from tamper simulation backup
2026-09-11 07:54:20,955 - BorderSurveillance - WARNING - Simulated DB tamper attack executed on Alert #253
2026-09-11 07:54:37,770 - BorderSurveillance - INFO - Restored Alert #253 from tamper simulation backup
2026-09-11 07:54:43,887 - BorderSurveillance - WARNING - Simulated DB tamper attack executed on Alert #251
2026-09-11 07:55:06,153 - BorderSurveillance - INFO - Restored Alert #251 from tamper simulation backup
2026-09-11 07:55:25,567 - BorderSurveillance - INFO - Video capture initialized with high-speed async source: E:\SIH\Border-Surveillance-System\15690486_1920_1080_25fps.mp4
2026-09-11 07:55:25,567 - BorderSurveillance - INFO - Switched surveillance focus to Camera [cam_1] - Sector B Perimeter Crossing
2026-09-11 07:55:25,567 - BorderSurveillance - INFO - Audit Log #63 recorded: [COMMANDER] CDR. Vikram Singh -> CAMERA_SWITCH on Camera [cam_1]
2026-09-11 07:55:33,135 - BorderSurveillance - INFO - Video capture initialized with high-speed async source: E:\SIH\Border-Surveillance-System\gettyimages-1215957003-640_adpp.mp4
2026-09-11 07:55:33,139 - BorderSurveillance - INFO - Switched surveillance focus to Camera [cam_2] - Riverine Crossing Checkpoint
2026-09-11 07:55:33,157 - BorderSurveillance - INFO - Audit Log #64 recorded: [COMMANDER] CDR. Vikram Singh -> CAMERA_SWITCH on Camera [cam_2]
2026-09-11 07:55:35,206 - BorderSurveillance - INFO - Video capture initialized with high-speed async source: E:\SIH\Border-Surveillance-System\15690486_1920_1080_25fps.mp4
2026-09-11 07:55:35,206 - BorderSurveillance - INFO - Switched surveillance focus to Camera [cam_3] - Ammunition Depot Gate (HD Optic)
2026-09-11 07:55:35,222 - BorderSurveillance - INFO - Audit Log #65 recorded: [COMMANDER] CDR. Vikram Singh -> CAMERA_SWITCH on Camera [cam_3]
2026-09-11 11:16:55,458 - BorderSurveillance - INFO - Blockchain evidence ledger initialised
2026-09-11 11:16:55,491 - BorderSurveillance - INFO - ANPR Engine initialized with 4 watchlist entries.
2026-09-11 11:16:55,558 - BorderSurveillance - INFO - CameraManager initialized with 4 registered camera nodes.
2026-09-11 11:16:55,558 - BorderSurveillance - INFO - Initializing Object Detector (YOLOv8)...
2026-09-11 11:16:55,558 - BorderSurveillance - INFO - Loading model from E:\SIH\Border-Surveillance-System\models\yolov8n.pt
2026-09-11 11:16:55,636 - BorderSurveillance - INFO - Using device: cpu
2026-09-11 11:16:55,636 - BorderSurveillance - INFO - FrameConditionClassifier initialised.
2026-09-11 11:16:55,636 - BorderSurveillance - INFO - BYTETracker initialised.
2026-09-11 11:16:55,636 - BorderSurveillance - INFO - Border crossing detector initialized with 2 border lines
2026-09-11 11:16:55,906 - BorderSurveillance - INFO - Database initialised.
2026-09-11 11:16:56,034 - BorderSurveillance - INFO - Video capture initialized with high-speed async source: gettyimages-1215957003-640_adpp.mp4
2026-09-11 11:16:56,034 - BorderSurveillance - INFO - Surveillance processing and alert worker threads started.
2026-09-11 11:17:18,490 - BorderSurveillance - INFO - Video capture initialized with high-speed async source: E:\SIH\Border-Surveillance-System\15690486_1920_1080_25fps.mp4
2026-09-11 11:18:28,141 - BorderSurveillance - INFO - Audit Log #66 recorded: [COMMANDER] CDR. Vikram Singh (Demo Mode) -> DOSSIER_EXPORT on Alert #268
2026-09-11 12:18:46,201 - BorderSurveillance - INFO - Blockchain evidence ledger initialised
2026-09-11 12:18:46,251 - BorderSurveillance - INFO - ANPR Engine initialized with 4 watchlist entries.
2026-09-11 12:18:46,392 - BorderSurveillance - INFO - CameraManager initialized with 4 registered camera nodes.
2026-09-11 12:18:46,396 - BorderSurveillance - INFO - Initializing Object Detector (YOLOv8)...
2026-09-11 12:18:46,398 - BorderSurveillance - INFO - Loading model from E:\SIH\Border-Surveillance-System\models\yolov8n.pt
2026-09-11 12:18:46,510 - BorderSurveillance - INFO - Using device: cpu
2026-09-11 12:18:46,510 - BorderSurveillance - INFO - FrameConditionClassifier initialised.
2026-09-11 12:18:46,510 - BorderSurveillance - INFO - BYTETracker initialised.
2026-09-11 12:18:46,510 - BorderSurveillance - INFO - Border crossing detector initialized with 2 border lines
2026-09-11 12:18:46,912 - BorderSurveillance - INFO - Database initialised.
2026-09-11 12:18:47,062 - BorderSurveillance - INFO - Video capture initialized with high-speed async source: gettyimages-1215957003-640_adpp.mp4
2026-09-11 12:18:47,068 - BorderSurveillance - INFO - Surveillance processing and alert worker threads started.
2026-09-11 12:18:52,810 - BorderSurveillance - INFO - Video capture initialized with high-speed async source: E:\SIH\Border-Surveillance-System\15690486_1920_1080_25fps.mp4
